ISO-10303-21;
HEADER;
/* Generated by software containing ST-Developer
 * from STEP Tools, Inc. (www.steptools.com) 
 */

FILE_DESCRIPTION(
/* description */ ('FreeCAD Model'),
/* implementation_level */ '2;1');

FILE_NAME(
/* name */ 'Joint Slider v1.step',
/* time_stamp */ '2026-09-13T17:53:19+02:00',
/* author */ (''),
/* organization */ (''),
/* preprocessor_version */ 'ST-DEVELOPER v20.1',
/* originating_system */ 'Autodesk Translation Framework v15.8.0.0',
/* authorisation */ '');

FILE_SCHEMA (('AUTOMOTIVE_DESIGN { 1 0 10303 214 3 1 1 }'));
ENDSEC;

DATA;
#10=MECHANICAL_DESIGN_GEOMETRIC_PRESENTATION_REPRESENTATION('',(#13),#5441);
#11=SHAPE_REPRESENTATION_RELATIONSHIP('SRR','None',#5448,#12);
#12=ADVANCED_BREP_SHAPE_REPRESENTATION('',(#14),#5440);
#13=STYLED_ITEM('',(#5458),#14);
#14=MANIFOLD_SOLID_BREP('Body1',#3342);
#15=FACE_BOUND('',#454,.T.);
#16=FACE_BOUND('',#618,.T.);
#17=FACE_BOUND('',#619,.T.);
#18=FACE_BOUND('',#621,.T.);
#19=FACE_BOUND('',#622,.T.);
#20=FACE_BOUND('',#666,.T.);
#21=PLANE('',#3396);
#22=PLANE('',#3397);
#23=PLANE('',#3398);
#24=PLANE('',#3399);
#25=PLANE('',#3400);
#26=PLANE('',#3401);
#27=PLANE('',#3402);
#28=PLANE('',#3403);
#29=PLANE('',#3404);
#30=PLANE('',#3405);
#31=PLANE('',#3406);
#32=PLANE('',#3407);
#33=PLANE('',#3408);
#34=PLANE('',#3409);
#35=PLANE('',#3410);
#36=PLANE('',#3411);
#37=PLANE('',#3412);
#38=PLANE('',#3413);
#39=PLANE('',#3414);
#40=PLANE('',#3415);
#41=PLANE('',#3416);
#42=PLANE('',#3417);
#43=PLANE('',#3418);
#44=PLANE('',#3419);
#45=PLANE('',#3420);
#46=PLANE('',#3421);
#47=PLANE('',#3422);
#48=PLANE('',#3423);
#49=PLANE('',#3424);
#50=PLANE('',#3425);
#51=PLANE('',#3426);
#52=PLANE('',#3427);
#53=PLANE('',#3428);
#54=PLANE('',#3429);
#55=PLANE('',#3430);
#56=PLANE('',#3431);
#57=PLANE('',#3432);
#58=PLANE('',#3433);
#59=PLANE('',#3434);
#60=PLANE('',#3435);
#61=PLANE('',#3436);
#62=PLANE('',#3437);
#63=PLANE('',#3438);
#64=PLANE('',#3439);
#65=PLANE('',#3440);
#66=PLANE('',#3441);
#67=PLANE('',#3442);
#68=PLANE('',#3443);
#69=PLANE('',#3444);
#70=PLANE('',#3445);
#71=PLANE('',#3446);
#72=PLANE('',#3447);
#73=PLANE('',#3448);
#74=PLANE('',#3449);
#75=PLANE('',#3450);
#76=PLANE('',#3451);
#77=PLANE('',#3452);
#78=PLANE('',#3453);
#79=PLANE('',#3454);
#80=PLANE('',#3455);
#81=PLANE('',#3456);
#82=PLANE('',#3457);
#83=PLANE('',#3458);
#84=PLANE('',#3459);
#85=PLANE('',#3460);
#86=PLANE('',#3461);
#87=PLANE('',#3462);
#88=PLANE('',#3463);
#89=PLANE('',#3464);
#90=PLANE('',#3465);
#91=PLANE('',#3466);
#92=PLANE('',#3467);
#93=PLANE('',#3468);
#94=PLANE('',#3469);
#95=PLANE('',#3470);
#96=PLANE('',#3471);
#97=PLANE('',#3472);
#98=PLANE('',#3473);
#99=PLANE('',#3474);
#100=PLANE('',#3475);
#101=PLANE('',#3476);
#102=PLANE('',#3477);
#103=PLANE('',#3478);
#104=PLANE('',#3479);
#105=PLANE('',#3480);
#106=PLANE('',#3481);
#107=PLANE('',#3482);
#108=PLANE('',#3483);
#109=PLANE('',#3484);
#110=PLANE('',#3485);
#111=PLANE('',#3486);
#112=PLANE('',#3487);
#113=PLANE('',#3488);
#114=PLANE('',#3489);
#115=PLANE('',#3490);
#116=PLANE('',#3491);
#117=PLANE('',#3492);
#118=PLANE('',#3493);
#119=PLANE('',#3494);
#120=PLANE('',#3495);
#121=PLANE('',#3496);
#122=PLANE('',#3497);
#123=PLANE('',#3498);
#124=PLANE('',#3499);
#125=PLANE('',#3500);
#126=PLANE('',#3501);
#127=PLANE('',#3502);
#128=PLANE('',#3503);
#129=PLANE('',#3504);
#130=PLANE('',#3505);
#131=PLANE('',#3506);
#132=PLANE('',#3507);
#133=PLANE('',#3508);
#134=PLANE('',#3509);
#135=PLANE('',#3510);
#136=PLANE('',#3511);
#137=PLANE('',#3512);
#138=PLANE('',#3513);
#139=PLANE('',#3514);
#140=PLANE('',#3515);
#141=PLANE('',#3516);
#142=PLANE('',#3517);
#143=PLANE('',#3518);
#144=PLANE('',#3519);
#145=PLANE('',#3520);
#146=PLANE('',#3521);
#147=PLANE('',#3522);
#148=PLANE('',#3523);
#149=PLANE('',#3524);
#150=PLANE('',#3525);
#151=PLANE('',#3526);
#152=PLANE('',#3527);
#153=PLANE('',#3528);
#154=PLANE('',#3529);
#155=PLANE('',#3530);
#156=PLANE('',#3531);
#157=PLANE('',#3532);
#158=PLANE('',#3533);
#159=PLANE('',#3534);
#160=PLANE('',#3535);
#161=PLANE('',#3536);
#162=PLANE('',#3537);
#163=PLANE('',#3538);
#164=PLANE('',#3539);
#165=PLANE('',#3540);
#166=PLANE('',#3541);
#167=PLANE('',#3542);
#168=PLANE('',#3543);
#169=PLANE('',#3544);
#170=PLANE('',#3545);
#171=PLANE('',#3546);
#172=PLANE('',#3547);
#173=PLANE('',#3548);
#174=PLANE('',#3549);
#175=PLANE('',#3550);
#176=PLANE('',#3551);
#177=PLANE('',#3552);
#178=PLANE('',#3553);
#179=PLANE('',#3554);
#180=PLANE('',#3555);
#181=PLANE('',#3556);
#182=PLANE('',#3557);
#183=PLANE('',#3558);
#184=PLANE('',#3559);
#185=PLANE('',#3560);
#186=PLANE('',#3561);
#187=PLANE('',#3562);
#188=PLANE('',#3563);
#189=PLANE('',#3564);
#190=PLANE('',#3565);
#191=PLANE('',#3566);
#192=PLANE('',#3567);
#193=PLANE('',#3568);
#194=PLANE('',#3569);
#195=PLANE('',#3570);
#196=PLANE('',#3571);
#197=PLANE('',#3572);
#198=PLANE('',#3573);
#199=PLANE('',#3574);
#200=PLANE('',#3575);
#201=PLANE('',#3576);
#202=PLANE('',#3577);
#203=PLANE('',#3578);
#204=PLANE('',#3579);
#205=PLANE('',#3580);
#206=PLANE('',#3581);
#207=PLANE('',#3582);
#208=PLANE('',#3583);
#209=PLANE('',#3584);
#210=PLANE('',#3585);
#211=PLANE('',#3586);
#212=PLANE('',#3587);
#213=PLANE('',#3588);
#214=PLANE('',#3589);
#215=PLANE('',#3590);
#216=PLANE('',#3591);
#217=PLANE('',#3592);
#218=PLANE('',#3593);
#219=PLANE('',#3594);
#220=PLANE('',#3595);
#221=PLANE('',#3596);
#222=PLANE('',#3597);
#223=PLANE('',#3598);
#224=PLANE('',#3599);
#225=PLANE('',#3600);
#226=PLANE('',#3601);
#227=PLANE('',#3602);
#228=PLANE('',#3603);
#229=PLANE('',#3604);
#230=PLANE('',#3605);
#231=PLANE('',#3606);
#232=PLANE('',#3607);
#233=PLANE('',#3608);
#234=PLANE('',#3609);
#235=PLANE('',#3610);
#236=FACE_OUTER_BOUND('',#452,.T.);
#237=FACE_OUTER_BOUND('',#453,.T.);
#238=FACE_OUTER_BOUND('',#455,.T.);
#239=FACE_OUTER_BOUND('',#456,.T.);
#240=FACE_OUTER_BOUND('',#457,.T.);
#241=FACE_OUTER_BOUND('',#458,.T.);
#242=FACE_OUTER_BOUND('',#459,.T.);
#243=FACE_OUTER_BOUND('',#460,.T.);
#244=FACE_OUTER_BOUND('',#461,.T.);
#245=FACE_OUTER_BOUND('',#462,.T.);
#246=FACE_OUTER_BOUND('',#463,.T.);
#247=FACE_OUTER_BOUND('',#464,.T.);
#248=FACE_OUTER_BOUND('',#465,.T.);
#249=FACE_OUTER_BOUND('',#466,.T.);
#250=FACE_OUTER_BOUND('',#467,.T.);
#251=FACE_OUTER_BOUND('',#468,.T.);
#252=FACE_OUTER_BOUND('',#469,.T.);
#253=FACE_OUTER_BOUND('',#470,.T.);
#254=FACE_OUTER_BOUND('',#471,.T.);
#255=FACE_OUTER_BOUND('',#472,.T.);
#256=FACE_OUTER_BOUND('',#473,.T.);
#257=FACE_OUTER_BOUND('',#474,.T.);
#258=FACE_OUTER_BOUND('',#475,.T.);
#259=FACE_OUTER_BOUND('',#476,.T.);
#260=FACE_OUTER_BOUND('',#477,.T.);
#261=FACE_OUTER_BOUND('',#478,.T.);
#262=FACE_OUTER_BOUND('',#479,.T.);
#263=FACE_OUTER_BOUND('',#480,.T.);
#264=FACE_OUTER_BOUND('',#481,.T.);
#265=FACE_OUTER_BOUND('',#482,.T.);
#266=FACE_OUTER_BOUND('',#483,.T.);
#267=FACE_OUTER_BOUND('',#484,.T.);
#268=FACE_OUTER_BOUND('',#485,.T.);
#269=FACE_OUTER_BOUND('',#486,.T.);
#270=FACE_OUTER_BOUND('',#487,.T.);
#271=FACE_OUTER_BOUND('',#488,.T.);
#272=FACE_OUTER_BOUND('',#489,.T.);
#273=FACE_OUTER_BOUND('',#490,.T.);
#274=FACE_OUTER_BOUND('',#491,.T.);
#275=FACE_OUTER_BOUND('',#492,.T.);
#276=FACE_OUTER_BOUND('',#493,.T.);
#277=FACE_OUTER_BOUND('',#494,.T.);
#278=FACE_OUTER_BOUND('',#495,.T.);
#279=FACE_OUTER_BOUND('',#496,.T.);
#280=FACE_OUTER_BOUND('',#497,.T.);
#281=FACE_OUTER_BOUND('',#498,.T.);
#282=FACE_OUTER_BOUND('',#499,.T.);
#283=FACE_OUTER_BOUND('',#500,.T.);
#284=FACE_OUTER_BOUND('',#501,.T.);
#285=FACE_OUTER_BOUND('',#502,.T.);
#286=FACE_OUTER_BOUND('',#503,.T.);
#287=FACE_OUTER_BOUND('',#504,.T.);
#288=FACE_OUTER_BOUND('',#505,.T.);
#289=FACE_OUTER_BOUND('',#506,.T.);
#290=FACE_OUTER_BOUND('',#507,.T.);
#291=FACE_OUTER_BOUND('',#508,.T.);
#292=FACE_OUTER_BOUND('',#509,.T.);
#293=FACE_OUTER_BOUND('',#510,.T.);
#294=FACE_OUTER_BOUND('',#511,.T.);
#295=FACE_OUTER_BOUND('',#512,.T.);
#296=FACE_OUTER_BOUND('',#513,.T.);
#297=FACE_OUTER_BOUND('',#514,.T.);
#298=FACE_OUTER_BOUND('',#515,.T.);
#299=FACE_OUTER_BOUND('',#516,.T.);
#300=FACE_OUTER_BOUND('',#517,.T.);
#301=FACE_OUTER_BOUND('',#518,.T.);
#302=FACE_OUTER_BOUND('',#519,.T.);
#303=FACE_OUTER_BOUND('',#520,.T.);
#304=FACE_OUTER_BOUND('',#521,.T.);
#305=FACE_OUTER_BOUND('',#522,.T.);
#306=FACE_OUTER_BOUND('',#523,.T.);
#307=FACE_OUTER_BOUND('',#524,.T.);
#308=FACE_OUTER_BOUND('',#525,.T.);
#309=FACE_OUTER_BOUND('',#526,.T.);
#310=FACE_OUTER_BOUND('',#527,.T.);
#311=FACE_OUTER_BOUND('',#528,.T.);
#312=FACE_OUTER_BOUND('',#529,.T.);
#313=FACE_OUTER_BOUND('',#530,.T.);
#314=FACE_OUTER_BOUND('',#531,.T.);
#315=FACE_OUTER_BOUND('',#532,.T.);
#316=FACE_OUTER_BOUND('',#533,.T.);
#317=FACE_OUTER_BOUND('',#534,.T.);
#318=FACE_OUTER_BOUND('',#535,.T.);
#319=FACE_OUTER_BOUND('',#536,.T.);
#320=FACE_OUTER_BOUND('',#537,.T.);
#321=FACE_OUTER_BOUND('',#538,.T.);
#322=FACE_OUTER_BOUND('',#539,.T.);
#323=FACE_OUTER_BOUND('',#540,.T.);
#324=FACE_OUTER_BOUND('',#541,.T.);
#325=FACE_OUTER_BOUND('',#542,.T.);
#326=FACE_OUTER_BOUND('',#543,.T.);
#327=FACE_OUTER_BOUND('',#544,.T.);
#328=FACE_OUTER_BOUND('',#545,.T.);
#329=FACE_OUTER_BOUND('',#546,.T.);
#330=FACE_OUTER_BOUND('',#547,.T.);
#331=FACE_OUTER_BOUND('',#548,.T.);
#332=FACE_OUTER_BOUND('',#549,.T.);
#333=FACE_OUTER_BOUND('',#550,.T.);
#334=FACE_OUTER_BOUND('',#551,.T.);
#335=FACE_OUTER_BOUND('',#552,.T.);
#336=FACE_OUTER_BOUND('',#553,.T.);
#337=FACE_OUTER_BOUND('',#554,.T.);
#338=FACE_OUTER_BOUND('',#555,.T.);
#339=FACE_OUTER_BOUND('',#556,.T.);
#340=FACE_OUTER_BOUND('',#557,.T.);
#341=FACE_OUTER_BOUND('',#558,.T.);
#342=FACE_OUTER_BOUND('',#559,.T.);
#343=FACE_OUTER_BOUND('',#560,.T.);
#344=FACE_OUTER_BOUND('',#561,.T.);
#345=FACE_OUTER_BOUND('',#562,.T.);
#346=FACE_OUTER_BOUND('',#563,.T.);
#347=FACE_OUTER_BOUND('',#564,.T.);
#348=FACE_OUTER_BOUND('',#565,.T.);
#349=FACE_OUTER_BOUND('',#566,.T.);
#350=FACE_OUTER_BOUND('',#567,.T.);
#351=FACE_OUTER_BOUND('',#568,.T.);
#352=FACE_OUTER_BOUND('',#569,.T.);
#353=FACE_OUTER_BOUND('',#570,.T.);
#354=FACE_OUTER_BOUND('',#571,.T.);
#355=FACE_OUTER_BOUND('',#572,.T.);
#356=FACE_OUTER_BOUND('',#573,.T.);
#357=FACE_OUTER_BOUND('',#574,.T.);
#358=FACE_OUTER_BOUND('',#575,.T.);
#359=FACE_OUTER_BOUND('',#576,.T.);
#360=FACE_OUTER_BOUND('',#577,.T.);
#361=FACE_OUTER_BOUND('',#578,.T.);
#362=FACE_OUTER_BOUND('',#579,.T.);
#363=FACE_OUTER_BOUND('',#580,.T.);
#364=FACE_OUTER_BOUND('',#581,.T.);
#365=FACE_OUTER_BOUND('',#582,.T.);
#366=FACE_OUTER_BOUND('',#583,.T.);
#367=FACE_OUTER_BOUND('',#584,.T.);
#368=FACE_OUTER_BOUND('',#585,.T.);
#369=FACE_OUTER_BOUND('',#586,.T.);
#370=FACE_OUTER_BOUND('',#587,.T.);
#371=FACE_OUTER_BOUND('',#588,.T.);
#372=FACE_OUTER_BOUND('',#589,.T.);
#373=FACE_OUTER_BOUND('',#590,.T.);
#374=FACE_OUTER_BOUND('',#591,.T.);
#375=FACE_OUTER_BOUND('',#592,.T.);
#376=FACE_OUTER_BOUND('',#593,.T.);
#377=FACE_OUTER_BOUND('',#594,.T.);
#378=FACE_OUTER_BOUND('',#595,.T.);
#379=FACE_OUTER_BOUND('',#596,.T.);
#380=FACE_OUTER_BOUND('',#597,.T.);
#381=FACE_OUTER_BOUND('',#598,.T.);
#382=FACE_OUTER_BOUND('',#599,.T.);
#383=FACE_OUTER_BOUND('',#600,.T.);
#384=FACE_OUTER_BOUND('',#601,.T.);
#385=FACE_OUTER_BOUND('',#602,.T.);
#386=FACE_OUTER_BOUND('',#603,.T.);
#387=FACE_OUTER_BOUND('',#604,.T.);
#388=FACE_OUTER_BOUND('',#605,.T.);
#389=FACE_OUTER_BOUND('',#606,.T.);
#390=FACE_OUTER_BOUND('',#607,.T.);
#391=FACE_OUTER_BOUND('',#608,.T.);
#392=FACE_OUTER_BOUND('',#609,.T.);
#393=FACE_OUTER_BOUND('',#610,.T.);
#394=FACE_OUTER_BOUND('',#611,.T.);
#395=FACE_OUTER_BOUND('',#612,.T.);
#396=FACE_OUTER_BOUND('',#613,.T.);
#397=FACE_OUTER_BOUND('',#614,.T.);
#398=FACE_OUTER_BOUND('',#615,.T.);
#399=FACE_OUTER_BOUND('',#616,.T.);
#400=FACE_OUTER_BOUND('',#617,.T.);
#401=FACE_OUTER_BOUND('',#620,.T.);
#402=FACE_OUTER_BOUND('',#623,.T.);
#403=FACE_OUTER_BOUND('',#624,.T.);
#404=FACE_OUTER_BOUND('',#625,.T.);
#405=FACE_OUTER_BOUND('',#626,.T.);
#406=FACE_OUTER_BOUND('',#627,.T.);
#407=FACE_OUTER_BOUND('',#628,.T.);
#408=FACE_OUTER_BOUND('',#629,.T.);
#409=FACE_OUTER_BOUND('',#630,.T.);
#410=FACE_OUTER_BOUND('',#631,.T.);
#411=FACE_OUTER_BOUND('',#632,.T.);
#412=FACE_OUTER_BOUND('',#633,.T.);
#413=FACE_OUTER_BOUND('',#634,.T.);
#414=FACE_OUTER_BOUND('',#635,.T.);
#415=FACE_OUTER_BOUND('',#636,.T.);
#416=FACE_OUTER_BOUND('',#637,.T.);
#417=FACE_OUTER_BOUND('',#638,.T.);
#418=FACE_OUTER_BOUND('',#639,.T.);
#419=FACE_OUTER_BOUND('',#640,.T.);
#420=FACE_OUTER_BOUND('',#641,.T.);
#421=FACE_OUTER_BOUND('',#642,.T.);
#422=FACE_OUTER_BOUND('',#643,.T.);
#423=FACE_OUTER_BOUND('',#644,.T.);
#424=FACE_OUTER_BOUND('',#645,.T.);
#425=FACE_OUTER_BOUND('',#646,.T.);
#426=FACE_OUTER_BOUND('',#647,.T.);
#427=FACE_OUTER_BOUND('',#648,.T.);
#428=FACE_OUTER_BOUND('',#649,.T.);
#429=FACE_OUTER_BOUND('',#650,.T.);
#430=FACE_OUTER_BOUND('',#651,.T.);
#431=FACE_OUTER_BOUND('',#652,.T.);
#432=FACE_OUTER_BOUND('',#653,.T.);
#433=FACE_OUTER_BOUND('',#654,.T.);
#434=FACE_OUTER_BOUND('',#655,.T.);
#435=FACE_OUTER_BOUND('',#656,.T.);
#436=FACE_OUTER_BOUND('',#657,.T.);
#437=FACE_OUTER_BOUND('',#658,.T.);
#438=FACE_OUTER_BOUND('',#659,.T.);
#439=FACE_OUTER_BOUND('',#660,.T.);
#440=FACE_OUTER_BOUND('',#661,.T.);
#441=FACE_OUTER_BOUND('',#662,.T.);
#442=FACE_OUTER_BOUND('',#663,.T.);
#443=FACE_OUTER_BOUND('',#664,.T.);
#444=FACE_OUTER_BOUND('',#665,.T.);
#445=FACE_OUTER_BOUND('',#667,.T.);
#446=FACE_OUTER_BOUND('',#668,.T.);
#447=FACE_OUTER_BOUND('',#669,.T.);
#448=FACE_OUTER_BOUND('',#670,.T.);
#449=FACE_OUTER_BOUND('',#671,.T.);
#450=FACE_OUTER_BOUND('',#672,.T.);
#451=FACE_OUTER_BOUND('',#673,.T.);
#452=EDGE_LOOP('',(#2223,#2224,#2225,#2226,#2227,#2228,#2229,#2230,#2231,
#2232,#2233,#2234,#2235,#2236,#2237,#2238,#2239,#2240,#2241,#2242,#2243,
#2244,#2245,#2246,#2247,#2248,#2249,#2250,#2251,#2252,#2253,#2254,#2255,
#2256,#2257,#2258,#2259,#2260,#2261,#2262,#2263));
#453=EDGE_LOOP('',(#2264));
#454=EDGE_LOOP('',(#2265,#2266,#2267,#2268,#2269,#2270,#2271,#2272,#2273,
#2274,#2275,#2276,#2277,#2278,#2279,#2280,#2281,#2282,#2283,#2284,#2285,
#2286,#2287,#2288,#2289,#2290));
#455=EDGE_LOOP('',(#2291,#2292,#2293));
#456=EDGE_LOOP('',(#2294,#2295,#2296,#2297,#2298));
#457=EDGE_LOOP('',(#2299,#2300,#2301));
#458=EDGE_LOOP('',(#2302,#2303,#2304,#2305));
#459=EDGE_LOOP('',(#2306,#2307,#2308));
#460=EDGE_LOOP('',(#2309,#2310,#2311,#2312));
#461=EDGE_LOOP('',(#2313,#2314,#2315));
#462=EDGE_LOOP('',(#2316,#2317,#2318,#2319));
#463=EDGE_LOOP('',(#2320,#2321,#2322));
#464=EDGE_LOOP('',(#2323,#2324,#2325,#2326));
#465=EDGE_LOOP('',(#2327,#2328,#2329));
#466=EDGE_LOOP('',(#2330,#2331,#2332,#2333));
#467=EDGE_LOOP('',(#2334,#2335,#2336,#2337));
#468=EDGE_LOOP('',(#2338,#2339,#2340));
#469=EDGE_LOOP('',(#2341,#2342,#2343,#2344));
#470=EDGE_LOOP('',(#2345,#2346,#2347,#2348));
#471=EDGE_LOOP('',(#2349,#2350,#2351));
#472=EDGE_LOOP('',(#2352,#2353,#2354,#2355));
#473=EDGE_LOOP('',(#2356,#2357,#2358));
#474=EDGE_LOOP('',(#2359,#2360,#2361));
#475=EDGE_LOOP('',(#2362,#2363,#2364));
#476=EDGE_LOOP('',(#2365,#2366,#2367,#2368));
#477=EDGE_LOOP('',(#2369,#2370,#2371));
#478=EDGE_LOOP('',(#2372,#2373,#2374));
#479=EDGE_LOOP('',(#2375,#2376,#2377));
#480=EDGE_LOOP('',(#2378,#2379,#2380,#2381));
#481=EDGE_LOOP('',(#2382,#2383,#2384));
#482=EDGE_LOOP('',(#2385,#2386,#2387));
#483=EDGE_LOOP('',(#2388,#2389,#2390));
#484=EDGE_LOOP('',(#2391,#2392,#2393));
#485=EDGE_LOOP('',(#2394,#2395,#2396));
#486=EDGE_LOOP('',(#2397,#2398,#2399));
#487=EDGE_LOOP('',(#2400,#2401,#2402));
#488=EDGE_LOOP('',(#2403,#2404,#2405));
#489=EDGE_LOOP('',(#2406,#2407,#2408));
#490=EDGE_LOOP('',(#2409,#2410,#2411));
#491=EDGE_LOOP('',(#2412,#2413,#2414));
#492=EDGE_LOOP('',(#2415,#2416,#2417));
#493=EDGE_LOOP('',(#2418,#2419,#2420));
#494=EDGE_LOOP('',(#2421,#2422,#2423));
#495=EDGE_LOOP('',(#2424,#2425,#2426));
#496=EDGE_LOOP('',(#2427,#2428,#2429));
#497=EDGE_LOOP('',(#2430,#2431,#2432));
#498=EDGE_LOOP('',(#2433,#2434,#2435));
#499=EDGE_LOOP('',(#2436,#2437,#2438));
#500=EDGE_LOOP('',(#2439,#2440,#2441));
#501=EDGE_LOOP('',(#2442,#2443,#2444));
#502=EDGE_LOOP('',(#2445,#2446,#2447));
#503=EDGE_LOOP('',(#2448,#2449,#2450));
#504=EDGE_LOOP('',(#2451,#2452,#2453));
#505=EDGE_LOOP('',(#2454,#2455,#2456));
#506=EDGE_LOOP('',(#2457,#2458,#2459));
#507=EDGE_LOOP('',(#2460,#2461,#2462));
#508=EDGE_LOOP('',(#2463,#2464,#2465));
#509=EDGE_LOOP('',(#2466,#2467,#2468));
#510=EDGE_LOOP('',(#2469,#2470,#2471));
#511=EDGE_LOOP('',(#2472,#2473,#2474));
#512=EDGE_LOOP('',(#2475,#2476,#2477));
#513=EDGE_LOOP('',(#2478,#2479,#2480));
#514=EDGE_LOOP('',(#2481,#2482,#2483));
#515=EDGE_LOOP('',(#2484,#2485,#2486));
#516=EDGE_LOOP('',(#2487,#2488,#2489));
#517=EDGE_LOOP('',(#2490,#2491,#2492));
#518=EDGE_LOOP('',(#2493,#2494,#2495));
#519=EDGE_LOOP('',(#2496,#2497,#2498));
#520=EDGE_LOOP('',(#2499,#2500,#2501));
#521=EDGE_LOOP('',(#2502,#2503,#2504));
#522=EDGE_LOOP('',(#2505,#2506,#2507));
#523=EDGE_LOOP('',(#2508,#2509,#2510,#2511));
#524=EDGE_LOOP('',(#2512,#2513,#2514));
#525=EDGE_LOOP('',(#2515,#2516,#2517));
#526=EDGE_LOOP('',(#2518,#2519,#2520));
#527=EDGE_LOOP('',(#2521,#2522,#2523));
#528=EDGE_LOOP('',(#2524,#2525,#2526));
#529=EDGE_LOOP('',(#2527,#2528,#2529));
#530=EDGE_LOOP('',(#2530,#2531,#2532));
#531=EDGE_LOOP('',(#2533,#2534,#2535));
#532=EDGE_LOOP('',(#2536,#2537,#2538,#2539));
#533=EDGE_LOOP('',(#2540,#2541,#2542));
#534=EDGE_LOOP('',(#2543,#2544,#2545));
#535=EDGE_LOOP('',(#2546,#2547,#2548));
#536=EDGE_LOOP('',(#2549,#2550,#2551));
#537=EDGE_LOOP('',(#2552,#2553,#2554));
#538=EDGE_LOOP('',(#2555,#2556,#2557));
#539=EDGE_LOOP('',(#2558,#2559,#2560));
#540=EDGE_LOOP('',(#2561,#2562,#2563));
#541=EDGE_LOOP('',(#2564,#2565,#2566));
#542=EDGE_LOOP('',(#2567,#2568,#2569));
#543=EDGE_LOOP('',(#2570,#2571,#2572));
#544=EDGE_LOOP('',(#2573,#2574,#2575,#2576));
#545=EDGE_LOOP('',(#2577,#2578,#2579,#2580));
#546=EDGE_LOOP('',(#2581,#2582,#2583,#2584));
#547=EDGE_LOOP('',(#2585,#2586,#2587));
#548=EDGE_LOOP('',(#2588,#2589,#2590));
#549=EDGE_LOOP('',(#2591,#2592,#2593));
#550=EDGE_LOOP('',(#2594,#2595,#2596));
#551=EDGE_LOOP('',(#2597,#2598,#2599));
#552=EDGE_LOOP('',(#2600,#2601,#2602));
#553=EDGE_LOOP('',(#2603,#2604,#2605,#2606));
#554=EDGE_LOOP('',(#2607,#2608,#2609));
#555=EDGE_LOOP('',(#2610,#2611,#2612));
#556=EDGE_LOOP('',(#2613,#2614,#2615));
#557=EDGE_LOOP('',(#2616,#2617,#2618));
#558=EDGE_LOOP('',(#2619,#2620,#2621));
#559=EDGE_LOOP('',(#2622,#2623,#2624));
#560=EDGE_LOOP('',(#2625,#2626,#2627));
#561=EDGE_LOOP('',(#2628,#2629,#2630));
#562=EDGE_LOOP('',(#2631,#2632,#2633));
#563=EDGE_LOOP('',(#2634,#2635,#2636));
#564=EDGE_LOOP('',(#2637,#2638,#2639));
#565=EDGE_LOOP('',(#2640,#2641,#2642));
#566=EDGE_LOOP('',(#2643,#2644,#2645));
#567=EDGE_LOOP('',(#2646,#2647,#2648));
#568=EDGE_LOOP('',(#2649,#2650,#2651));
#569=EDGE_LOOP('',(#2652,#2653,#2654));
#570=EDGE_LOOP('',(#2655,#2656,#2657));
#571=EDGE_LOOP('',(#2658,#2659,#2660));
#572=EDGE_LOOP('',(#2661,#2662,#2663));
#573=EDGE_LOOP('',(#2664,#2665,#2666));
#574=EDGE_LOOP('',(#2667,#2668,#2669));
#575=EDGE_LOOP('',(#2670,#2671,#2672));
#576=EDGE_LOOP('',(#2673,#2674,#2675));
#577=EDGE_LOOP('',(#2676,#2677,#2678));
#578=EDGE_LOOP('',(#2679,#2680,#2681));
#579=EDGE_LOOP('',(#2682,#2683,#2684));
#580=EDGE_LOOP('',(#2685,#2686,#2687));
#581=EDGE_LOOP('',(#2688,#2689,#2690));
#582=EDGE_LOOP('',(#2691,#2692,#2693));
#583=EDGE_LOOP('',(#2694,#2695,#2696));
#584=EDGE_LOOP('',(#2697,#2698,#2699));
#585=EDGE_LOOP('',(#2700,#2701,#2702));
#586=EDGE_LOOP('',(#2703,#2704,#2705,#2706));
#587=EDGE_LOOP('',(#2707,#2708,#2709));
#588=EDGE_LOOP('',(#2710,#2711,#2712));
#589=EDGE_LOOP('',(#2713,#2714,#2715));
#590=EDGE_LOOP('',(#2716,#2717,#2718));
#591=EDGE_LOOP('',(#2719,#2720,#2721));
#592=EDGE_LOOP('',(#2722,#2723,#2724));
#593=EDGE_LOOP('',(#2725,#2726,#2727));
#594=EDGE_LOOP('',(#2728,#2729,#2730));
#595=EDGE_LOOP('',(#2731,#2732,#2733));
#596=EDGE_LOOP('',(#2734,#2735,#2736));
#597=EDGE_LOOP('',(#2737,#2738,#2739));
#598=EDGE_LOOP('',(#2740,#2741,#2742,#2743));
#599=EDGE_LOOP('',(#2744,#2745,#2746,#2747));
#600=EDGE_LOOP('',(#2748,#2749,#2750,#2751));
#601=EDGE_LOOP('',(#2752,#2753,#2754,#2755));
#602=EDGE_LOOP('',(#2756,#2757,#2758,#2759));
#603=EDGE_LOOP('',(#2760,#2761,#2762,#2763));
#604=EDGE_LOOP('',(#2764,#2765,#2766,#2767));
#605=EDGE_LOOP('',(#2768,#2769,#2770,#2771,#2772));
#606=EDGE_LOOP('',(#2773,#2774,#2775,#2776));
#607=EDGE_LOOP('',(#2777,#2778,#2779,#2780));
#608=EDGE_LOOP('',(#2781,#2782,#2783,#2784,#2785));
#609=EDGE_LOOP('',(#2786,#2787,#2788,#2789,#2790));
#610=EDGE_LOOP('',(#2791,#2792,#2793,#2794));
#611=EDGE_LOOP('',(#2795,#2796,#2797,#2798));
#612=EDGE_LOOP('',(#2799,#2800,#2801,#2802));
#613=EDGE_LOOP('',(#2803,#2804,#2805,#2806));
#614=EDGE_LOOP('',(#2807,#2808,#2809,#2810,#2811,#2812));
#615=EDGE_LOOP('',(#2813,#2814,#2815,#2816,#2817));
#616=EDGE_LOOP('',(#2818,#2819,#2820,#2821,#2822,#2823,#2824,#2825));
#617=EDGE_LOOP('',(#2826,#2827,#2828,#2829));
#618=EDGE_LOOP('',(#2830,#2831,#2832,#2833,#2834,#2835,#2836,#2837,#2838,
#2839,#2840,#2841,#2842,#2843,#2844,#2845,#2846,#2847,#2848,#2849));
#619=EDGE_LOOP('',(#2850,#2851,#2852,#2853,#2854,#2855,#2856,#2857,#2858,
#2859,#2860,#2861,#2862,#2863,#2864,#2865,#2866,#2867,#2868,#2869));
#620=EDGE_LOOP('',(#2870,#2871,#2872,#2873));
#621=EDGE_LOOP('',(#2874,#2875,#2876,#2877,#2878,#2879,#2880,#2881,#2882,
#2883,#2884,#2885,#2886,#2887,#2888,#2889,#2890,#2891,#2892,#2893));
#622=EDGE_LOOP('',(#2894,#2895,#2896,#2897,#2898,#2899,#2900,#2901,#2902,
#2903,#2904,#2905,#2906,#2907,#2908,#2909,#2910,#2911,#2912,#2913));
#623=EDGE_LOOP('',(#2914,#2915,#2916,#2917));
#624=EDGE_LOOP('',(#2918,#2919,#2920,#2921));
#625=EDGE_LOOP('',(#2922,#2923,#2924,#2925));
#626=EDGE_LOOP('',(#2926,#2927,#2928,#2929));
#627=EDGE_LOOP('',(#2930,#2931,#2932,#2933));
#628=EDGE_LOOP('',(#2934,#2935,#2936,#2937));
#629=EDGE_LOOP('',(#2938,#2939,#2940,#2941));
#630=EDGE_LOOP('',(#2942,#2943,#2944,#2945));
#631=EDGE_LOOP('',(#2946,#2947,#2948,#2949));
#632=EDGE_LOOP('',(#2950,#2951,#2952,#2953));
#633=EDGE_LOOP('',(#2954,#2955,#2956,#2957));
#634=EDGE_LOOP('',(#2958,#2959,#2960,#2961));
#635=EDGE_LOOP('',(#2962,#2963,#2964,#2965));
#636=EDGE_LOOP('',(#2966,#2967,#2968,#2969));
#637=EDGE_LOOP('',(#2970,#2971,#2972,#2973));
#638=EDGE_LOOP('',(#2974,#2975,#2976,#2977));
#639=EDGE_LOOP('',(#2978,#2979,#2980,#2981));
#640=EDGE_LOOP('',(#2982,#2983,#2984,#2985));
#641=EDGE_LOOP('',(#2986,#2987,#2988,#2989));
#642=EDGE_LOOP('',(#2990,#2991,#2992,#2993));
#643=EDGE_LOOP('',(#2994,#2995,#2996,#2997));
#644=EDGE_LOOP('',(#2998,#2999,#3000,#3001));
#645=EDGE_LOOP('',(#3002,#3003,#3004,#3005));
#646=EDGE_LOOP('',(#3006,#3007,#3008,#3009));
#647=EDGE_LOOP('',(#3010,#3011,#3012,#3013));
#648=EDGE_LOOP('',(#3014,#3015,#3016,#3017));
#649=EDGE_LOOP('',(#3018,#3019,#3020,#3021));
#650=EDGE_LOOP('',(#3022,#3023,#3024,#3025));
#651=EDGE_LOOP('',(#3026,#3027,#3028,#3029));
#652=EDGE_LOOP('',(#3030,#3031,#3032,#3033));
#653=EDGE_LOOP('',(#3034,#3035,#3036,#3037));
#654=EDGE_LOOP('',(#3038,#3039,#3040,#3041));
#655=EDGE_LOOP('',(#3042,#3043,#3044,#3045));
#656=EDGE_LOOP('',(#3046,#3047,#3048,#3049));
#657=EDGE_LOOP('',(#3050,#3051,#3052,#3053));
#658=EDGE_LOOP('',(#3054,#3055,#3056,#3057));
#659=EDGE_LOOP('',(#3058,#3059,#3060,#3061));
#660=EDGE_LOOP('',(#3062,#3063,#3064,#3065));
#661=EDGE_LOOP('',(#3066,#3067,#3068,#3069));
#662=EDGE_LOOP('',(#3070,#3071,#3072,#3073));
#663=EDGE_LOOP('',(#3074,#3075,#3076,#3077,#3078));
#664=EDGE_LOOP('',(#3079,#3080,#3081,#3082));
#665=EDGE_LOOP('',(#3083,#3084,#3085,#3086));
#666=EDGE_LOOP('',(#3087,#3088,#3089,#3090));
#667=EDGE_LOOP('',(#3091,#3092,#3093,#3094,#3095,#3096));
#668=EDGE_LOOP('',(#3097,#3098,#3099,#3100));
#669=EDGE_LOOP('',(#3101,#3102,#3103,#3104));
#670=EDGE_LOOP('',(#3105,#3106,#3107,#3108,#3109,#3110));
#671=EDGE_LOOP('',(#3111,#3112,#3113,#3114,#3115));
#672=EDGE_LOOP('',(#3116,#3117,#3118,#3119,#3120));
#673=EDGE_LOOP('',(#3121,#3122,#3123,#3124));
#674=LINE('',#4540,#1086);
#675=LINE('',#4619,#1087);
#676=LINE('',#4621,#1088);
#677=LINE('',#4623,#1089);
#678=LINE('',#4625,#1090);
#679=LINE('',#4627,#1091);
#680=LINE('',#4629,#1092);
#681=LINE('',#4631,#1093);
#682=LINE('',#4633,#1094);
#683=LINE('',#4635,#1095);
#684=LINE('',#4637,#1096);
#685=LINE('',#4639,#1097);
#686=LINE('',#4641,#1098);
#687=LINE('',#4643,#1099);
#688=LINE('',#4645,#1100);
#689=LINE('',#4647,#1101);
#690=LINE('',#4649,#1102);
#691=LINE('',#4651,#1103);
#692=LINE('',#4653,#1104);
#693=LINE('',#4655,#1105);
#694=LINE('',#4657,#1106);
#695=LINE('',#4659,#1107);
#696=LINE('',#4661,#1108);
#697=LINE('',#4663,#1109);
#698=LINE('',#4665,#1110);
#699=LINE('',#4667,#1111);
#700=LINE('',#4668,#1112);
#701=LINE('',#4671,#1113);
#702=LINE('',#4672,#1114);
#703=LINE('',#4675,#1115);
#704=LINE('',#4677,#1116);
#705=LINE('',#4678,#1117);
#706=LINE('',#4680,#1118);
#707=LINE('',#4683,#1119);
#708=LINE('',#4684,#1120);
#709=LINE('',#4686,#1121);
#710=LINE('',#4689,#1122);
#711=LINE('',#4690,#1123);
#712=LINE('',#4692,#1124);
#713=LINE('',#4695,#1125);
#714=LINE('',#4696,#1126);
#715=LINE('',#4698,#1127);
#716=LINE('',#4701,#1128);
#717=LINE('',#4702,#1129);
#718=LINE('',#4704,#1130);
#719=LINE('',#4707,#1131);
#720=LINE('',#4708,#1132);
#721=LINE('',#4711,#1133);
#722=LINE('',#4712,#1134);
#723=LINE('',#4714,#1135);
#724=LINE('',#4717,#1136);
#725=LINE('',#4718,#1137);
#726=LINE('',#4721,#1138);
#727=LINE('',#4722,#1139);
#728=LINE('',#4724,#1140);
#729=LINE('',#4727,#1141);
#730=LINE('',#4728,#1142);
#731=LINE('',#4731,#1143);
#732=LINE('',#4732,#1144);
#733=LINE('',#4735,#1145);
#734=LINE('',#4736,#1146);
#735=LINE('',#4738,#1147);
#736=LINE('',#4741,#1148);
#737=LINE('',#4743,#1149);
#738=LINE('',#4744,#1150);
#739=LINE('',#4747,#1151);
#740=LINE('',#4749,#1152);
#741=LINE('',#4750,#1153);
#742=LINE('',#4752,#1154);
#743=LINE('',#4754,#1155);
#744=LINE('',#4757,#1156);
#745=LINE('',#4759,#1157);
#746=LINE('',#4760,#1158);
#747=LINE('',#4763,#1159);
#748=LINE('',#4764,#1160);
#749=LINE('',#4767,#1161);
#750=LINE('',#4768,#1162);
#751=LINE('',#4771,#1163);
#752=LINE('',#4773,#1164);
#753=LINE('',#4774,#1165);
#754=LINE('',#4776,#1166);
#755=LINE('',#4779,#1167);
#756=LINE('',#4780,#1168);
#757=LINE('',#4783,#1169);
#758=LINE('',#4785,#1170);
#759=LINE('',#4786,#1171);
#760=LINE('',#4788,#1172);
#761=LINE('',#4791,#1173);
#762=LINE('',#4792,#1174);
#763=LINE('',#4795,#1175);
#764=LINE('',#4797,#1176);
#765=LINE('',#4798,#1177);
#766=LINE('',#4800,#1178);
#767=LINE('',#4803,#1179);
#768=LINE('',#4804,#1180);
#769=LINE('',#4806,#1181);
#770=LINE('',#4807,#1182);
#771=LINE('',#4809,#1183);
#772=LINE('',#4811,#1184);
#773=LINE('',#4813,#1185);
#774=LINE('',#4814,#1186);
#775=LINE('',#4816,#1187);
#776=LINE('',#4818,#1188);
#777=LINE('',#4820,#1189);
#778=LINE('',#4822,#1190);
#779=LINE('',#4824,#1191);
#780=LINE('',#4826,#1192);
#781=LINE('',#4828,#1193);
#782=LINE('',#4829,#1194);
#783=LINE('',#4832,#1195);
#784=LINE('',#4835,#1196);
#785=LINE('',#4836,#1197);
#786=LINE('',#4839,#1198);
#787=LINE('',#4840,#1199);
#788=LINE('',#4843,#1200);
#789=LINE('',#4844,#1201);
#790=LINE('',#4846,#1202);
#791=LINE('',#4848,#1203);
#792=LINE('',#4849,#1204);
#793=LINE('',#4851,#1205);
#794=LINE('',#4854,#1206);
#795=LINE('',#4855,#1207);
#796=LINE('',#4858,#1208);
#797=LINE('',#4859,#1209);
#798=LINE('',#4861,#1210);
#799=LINE('',#4862,#1211);
#800=LINE('',#4864,#1212);
#801=LINE('',#4867,#1213);
#802=LINE('',#4868,#1214);
#803=LINE('',#4871,#1215);
#804=LINE('',#4872,#1216);
#805=LINE('',#4873,#1217);
#806=LINE('',#4875,#1218);
#807=LINE('',#4878,#1219);
#808=LINE('',#4879,#1220);
#809=LINE('',#4882,#1221);
#810=LINE('',#4883,#1222);
#811=LINE('',#4885,#1223);
#812=LINE('',#4886,#1224);
#813=LINE('',#4888,#1225);
#814=LINE('',#4889,#1226);
#815=LINE('',#4891,#1227);
#816=LINE('',#4894,#1228);
#817=LINE('',#4895,#1229);
#818=LINE('',#4897,#1230);
#819=LINE('',#4898,#1231);
#820=LINE('',#4902,#1232);
#821=LINE('',#4903,#1233);
#822=LINE('',#4906,#1234);
#823=LINE('',#4907,#1235);
#824=LINE('',#4910,#1236);
#825=LINE('',#4911,#1237);
#826=LINE('',#4914,#1238);
#827=LINE('',#4915,#1239);
#828=LINE('',#4917,#1240);
#829=LINE('',#4919,#1241);
#830=LINE('',#4920,#1242);
#831=LINE('',#4924,#1243);
#832=LINE('',#4925,#1244);
#833=LINE('',#4927,#1245);
#834=LINE('',#4929,#1246);
#835=LINE('',#4931,#1247);
#836=LINE('',#4933,#1248);
#837=LINE('',#4934,#1249);
#838=LINE('',#4936,#1250);
#839=LINE('',#4937,#1251);
#840=LINE('',#4939,#1252);
#841=LINE('',#4940,#1253);
#842=LINE('',#4943,#1254);
#843=LINE('',#4945,#1255);
#844=LINE('',#4946,#1256);
#845=LINE('',#4948,#1257);
#846=LINE('',#4953,#1258);
#847=LINE('',#4955,#1259);
#848=LINE('',#4956,#1260);
#849=LINE('',#4959,#1261);
#850=LINE('',#4961,#1262);
#851=LINE('',#4962,#1263);
#852=LINE('',#4965,#1264);
#853=LINE('',#4967,#1265);
#854=LINE('',#4968,#1266);
#855=LINE('',#4970,#1267);
#856=LINE('',#4973,#1268);
#857=LINE('',#4974,#1269);
#858=LINE('',#4976,#1270);
#859=LINE('',#4978,#1271);
#860=LINE('',#4980,#1272);
#861=LINE('',#4983,#1273);
#862=LINE('',#4984,#1274);
#863=LINE('',#4986,#1275);
#864=LINE('',#4989,#1276);
#865=LINE('',#4990,#1277);
#866=LINE('',#4993,#1278);
#867=LINE('',#4994,#1279);
#868=LINE('',#4996,#1280);
#869=LINE('',#4997,#1281);
#870=LINE('',#4999,#1282);
#871=LINE('',#5003,#1283);
#872=LINE('',#5005,#1284);
#873=LINE('',#5006,#1285);
#874=LINE('',#5009,#1286);
#875=LINE('',#5010,#1287);
#876=LINE('',#5013,#1288);
#877=LINE('',#5015,#1289);
#878=LINE('',#5016,#1290);
#879=LINE('',#5019,#1291);
#880=LINE('',#5020,#1292);
#881=LINE('',#5022,#1293);
#882=LINE('',#5023,#1294);
#883=LINE('',#5025,#1295);
#884=LINE('',#5026,#1296);
#885=LINE('',#5028,#1297);
#886=LINE('',#5029,#1298);
#887=LINE('',#5031,#1299);
#888=LINE('',#5035,#1300);
#889=LINE('',#5036,#1301);
#890=LINE('',#5039,#1302);
#891=LINE('',#5040,#1303);
#892=LINE('',#5043,#1304);
#893=LINE('',#5045,#1305);
#894=LINE('',#5046,#1306);
#895=LINE('',#5049,#1307);
#896=LINE('',#5050,#1308);
#897=LINE('',#5053,#1309);
#898=LINE('',#5055,#1310);
#899=LINE('',#5056,#1311);
#900=LINE('',#5058,#1312);
#901=LINE('',#5061,#1313);
#902=LINE('',#5062,#1314);
#903=LINE('',#5065,#1315);
#904=LINE('',#5066,#1316);
#905=LINE('',#5068,#1317);
#906=LINE('',#5069,#1318);
#907=LINE('',#5072,#1319);
#908=LINE('',#5073,#1320);
#909=LINE('',#5075,#1321);
#910=LINE('',#5077,#1322);
#911=LINE('',#5079,#1323);
#912=LINE('',#5082,#1324);
#913=LINE('',#5083,#1325);
#914=LINE('',#5085,#1326);
#915=LINE('',#5086,#1327);
#916=LINE('',#5088,#1328);
#917=LINE('',#5089,#1329);
#918=LINE('',#5092,#1330);
#919=LINE('',#5095,#1331);
#920=LINE('',#5096,#1332);
#921=LINE('',#5098,#1333);
#922=LINE('',#5100,#1334);
#923=LINE('',#5102,#1335);
#924=LINE('',#5104,#1336);
#925=LINE('',#5107,#1337);
#926=LINE('',#5108,#1338);
#927=LINE('',#5110,#1339);
#928=LINE('',#5111,#1340);
#929=LINE('',#5116,#1341);
#930=LINE('',#5118,#1342);
#931=LINE('',#5120,#1343);
#932=LINE('',#5123,#1344);
#933=LINE('',#5124,#1345);
#934=LINE('',#5126,#1346);
#935=LINE('',#5127,#1347);
#936=LINE('',#5131,#1348);
#937=LINE('',#5133,#1349);
#938=LINE('',#5134,#1350);
#939=LINE('',#5136,#1351);
#940=LINE('',#5137,#1352);
#941=LINE('',#5140,#1353);
#942=LINE('',#5142,#1354);
#943=LINE('',#5145,#1355);
#944=LINE('',#5147,#1356);
#945=LINE('',#5152,#1357);
#946=LINE('',#5155,#1358);
#947=LINE('',#5157,#1359);
#948=LINE('',#5158,#1360);
#949=LINE('',#5162,#1361);
#950=LINE('',#5163,#1362);
#951=LINE('',#5165,#1363);
#952=LINE('',#5166,#1364);
#953=LINE('',#5169,#1365);
#954=LINE('',#5170,#1366);
#955=LINE('',#5172,#1367);
#956=LINE('',#5173,#1368);
#957=LINE('',#5176,#1369);
#958=LINE('',#5177,#1370);
#959=LINE('',#5180,#1371);
#960=LINE('',#5182,#1372);
#961=LINE('',#5184,#1373);
#962=LINE('',#5186,#1374);
#963=LINE('',#5188,#1375);
#964=LINE('',#5190,#1376);
#965=LINE('',#5192,#1377);
#966=LINE('',#5194,#1378);
#967=LINE('',#5196,#1379);
#968=LINE('',#5198,#1380);
#969=LINE('',#5200,#1381);
#970=LINE('',#5202,#1382);
#971=LINE('',#5204,#1383);
#972=LINE('',#5206,#1384);
#973=LINE('',#5208,#1385);
#974=LINE('',#5210,#1386);
#975=LINE('',#5212,#1387);
#976=LINE('',#5214,#1388);
#977=LINE('',#5216,#1389);
#978=LINE('',#5217,#1390);
#979=LINE('',#5220,#1391);
#980=LINE('',#5222,#1392);
#981=LINE('',#5224,#1393);
#982=LINE('',#5226,#1394);
#983=LINE('',#5228,#1395);
#984=LINE('',#5230,#1396);
#985=LINE('',#5232,#1397);
#986=LINE('',#5234,#1398);
#987=LINE('',#5236,#1399);
#988=LINE('',#5238,#1400);
#989=LINE('',#5240,#1401);
#990=LINE('',#5242,#1402);
#991=LINE('',#5244,#1403);
#992=LINE('',#5246,#1404);
#993=LINE('',#5248,#1405);
#994=LINE('',#5250,#1406);
#995=LINE('',#5252,#1407);
#996=LINE('',#5254,#1408);
#997=LINE('',#5256,#1409);
#998=LINE('',#5257,#1410);
#999=LINE('',#5260,#1411);
#1000=LINE('',#5261,#1412);
#1001=LINE('',#5264,#1413);
#1002=LINE('',#5266,#1414);
#1003=LINE('',#5268,#1415);
#1004=LINE('',#5270,#1416);
#1005=LINE('',#5272,#1417);
#1006=LINE('',#5274,#1418);
#1007=LINE('',#5276,#1419);
#1008=LINE('',#5278,#1420);
#1009=LINE('',#5280,#1421);
#1010=LINE('',#5282,#1422);
#1011=LINE('',#5284,#1423);
#1012=LINE('',#5286,#1424);
#1013=LINE('',#5288,#1425);
#1014=LINE('',#5290,#1426);
#1015=LINE('',#5292,#1427);
#1016=LINE('',#5294,#1428);
#1017=LINE('',#5296,#1429);
#1018=LINE('',#5298,#1430);
#1019=LINE('',#5300,#1431);
#1020=LINE('',#5301,#1432);
#1021=LINE('',#5304,#1433);
#1022=LINE('',#5306,#1434);
#1023=LINE('',#5308,#1435);
#1024=LINE('',#5310,#1436);
#1025=LINE('',#5312,#1437);
#1026=LINE('',#5314,#1438);
#1027=LINE('',#5316,#1439);
#1028=LINE('',#5318,#1440);
#1029=LINE('',#5320,#1441);
#1030=LINE('',#5322,#1442);
#1031=LINE('',#5324,#1443);
#1032=LINE('',#5326,#1444);
#1033=LINE('',#5328,#1445);
#1034=LINE('',#5330,#1446);
#1035=LINE('',#5332,#1447);
#1036=LINE('',#5334,#1448);
#1037=LINE('',#5336,#1449);
#1038=LINE('',#5338,#1450);
#1039=LINE('',#5340,#1451);
#1040=LINE('',#5341,#1452);
#1041=LINE('',#5343,#1453);
#1042=LINE('',#5344,#1454);
#1043=LINE('',#5346,#1455);
#1044=LINE('',#5348,#1456);
#1045=LINE('',#5350,#1457);
#1046=LINE('',#5352,#1458);
#1047=LINE('',#5354,#1459);
#1048=LINE('',#5356,#1460);
#1049=LINE('',#5358,#1461);
#1050=LINE('',#5360,#1462);
#1051=LINE('',#5362,#1463);
#1052=LINE('',#5364,#1464);
#1053=LINE('',#5366,#1465);
#1054=LINE('',#5368,#1466);
#1055=LINE('',#5370,#1467);
#1056=LINE('',#5372,#1468);
#1057=LINE('',#5374,#1469);
#1058=LINE('',#5376,#1470);
#1059=LINE('',#5378,#1471);
#1060=LINE('',#5380,#1472);
#1061=LINE('',#5383,#1473);
#1062=LINE('',#5384,#1474);
#1063=LINE('',#5386,#1475);
#1064=LINE('',#5388,#1476);
#1065=LINE('',#5390,#1477);
#1066=LINE('',#5392,#1478);
#1067=LINE('',#5394,#1479);
#1068=LINE('',#5396,#1480);
#1069=LINE('',#5398,#1481);
#1070=LINE('',#5400,#1482);
#1071=LINE('',#5402,#1483);
#1072=LINE('',#5404,#1484);
#1073=LINE('',#5406,#1485);
#1074=LINE('',#5408,#1486);
#1075=LINE('',#5410,#1487);
#1076=LINE('',#5412,#1488);
#1077=LINE('',#5414,#1489);
#1078=LINE('',#5416,#1490);
#1079=LINE('',#5418,#1491);
#1080=LINE('',#5420,#1492);
#1081=LINE('',#5424,#1493);
#1082=LINE('',#5425,#1494);
#1083=LINE('',#5427,#1495);
#1084=LINE('',#5429,#1496);
#1085=LINE('',#5431,#1497);
#1086=VECTOR('',#3617,11.5);
#1087=VECTOR('',#3696,0.999999999999803);
#1088=VECTOR('',#3697,1.0000000000006);
#1089=VECTOR('',#3698,0.999999999999765);
#1090=VECTOR('',#3699,0.999999999999609);
#1091=VECTOR('',#3700,0.99999999999992);
#1092=VECTOR('',#3701,1.00000000000029);
#1093=VECTOR('',#3702,1.00000000000024);
#1094=VECTOR('',#3703,1.00000000000024);
#1095=VECTOR('',#3704,1.00000000000029);
#1096=VECTOR('',#3705,0.99999999999992);
#1097=VECTOR('',#3706,0.999999999999609);
#1098=VECTOR('',#3707,0.999999999999765);
#1099=VECTOR('',#3708,1.0000000000006);
#1100=VECTOR('',#3709,0.999999999999653);
#1101=VECTOR('',#3710,0.999999999999713);
#1102=VECTOR('',#3711,1.00000000000044);
#1103=VECTOR('',#3712,0.999999999999365);
#1104=VECTOR('',#3713,0.999999999999725);
#1105=VECTOR('',#3714,1.00000000000016);
#1106=VECTOR('',#3715,1.);
#1107=VECTOR('',#3716,1.00000000000016);
#1108=VECTOR('',#3717,0.999999999999725);
#1109=VECTOR('',#3718,0.999999999999365);
#1110=VECTOR('',#3719,1.00000000000044);
#1111=VECTOR('',#3720,0.999999999999713);
#1112=VECTOR('',#3721,1.00000000000013);
#1113=VECTOR('',#3724,0.999999999999637);
#1114=VECTOR('',#3725,1.00000000000026);
#1115=VECTOR('',#3728,1.00000000000035);
#1116=VECTOR('',#3729,0.999999999999417);
#1117=VECTOR('',#3730,0.9999999999994);
#1118=VECTOR('',#3733,0.999999999999448);
#1119=VECTOR('',#3736,0.999999999999756);
#1120=VECTOR('',#3737,1.00000000000017);
#1121=VECTOR('',#3740,0.999999999999886);
#1122=VECTOR('',#3743,0.999999999999886);
#1123=VECTOR('',#3744,1.);
#1124=VECTOR('',#3747,0.999999999999756);
#1125=VECTOR('',#3750,0.999999999999448);
#1126=VECTOR('',#3751,1.00000000000017);
#1127=VECTOR('',#3754,1.00000000000035);
#1128=VECTOR('',#3757,0.999999999999708);
#1129=VECTOR('',#3758,0.999999999999417);
#1130=VECTOR('',#3761,0.999999999999496);
#1131=VECTOR('',#3764,1.00000000000026);
#1132=VECTOR('',#3765,0.9999999999994);
#1133=VECTOR('',#3768,1.00000000000032);
#1134=VECTOR('',#3769,1.00000000000046);
#1135=VECTOR('',#3772,0.999999999999975);
#1136=VECTOR('',#3775,1.00000000000003);
#1137=VECTOR('',#3776,0.999999999999469);
#1138=VECTOR('',#3779,0.999999999999814);
#1139=VECTOR('',#3780,1.00000000000037);
#1140=VECTOR('',#3783,0.999999999999925);
#1141=VECTOR('',#3786,1.0000000000003);
#1142=VECTOR('',#3787,0.999999999999479);
#1143=VECTOR('',#3790,1.00000000000005);
#1144=VECTOR('',#3791,0.999999999999682);
#1145=VECTOR('',#3794,0.999999999999981);
#1146=VECTOR('',#3795,1.00000000000015);
#1147=VECTOR('',#3798,0.999999999999979);
#1148=VECTOR('',#3801,1.00000000000064);
#1149=VECTOR('',#3802,0.999999999999981);
#1150=VECTOR('',#3803,1.00000000000064);
#1151=VECTOR('',#3806,1.00000000000005);
#1152=VECTOR('',#3807,1.00000000000015);
#1153=VECTOR('',#3808,0.999999999999981);
#1154=VECTOR('',#3811,0.999999999999682);
#1155=VECTOR('',#3814,0.999999999999979);
#1156=VECTOR('',#3817,1.00000000000064);
#1157=VECTOR('',#3818,0.999999999999981);
#1158=VECTOR('',#3819,1.00000000000064);
#1159=VECTOR('',#3822,1.00000000000035);
#1160=VECTOR('',#3823,0.999999999999954);
#1161=VECTOR('',#3826,1.00000000000035);
#1162=VECTOR('',#3827,1.00000000000005);
#1163=VECTOR('',#3830,0.999999999999697);
#1164=VECTOR('',#3831,1.00000000000064);
#1165=VECTOR('',#3832,0.999999999999471);
#1166=VECTOR('',#3835,0.999999999999934);
#1167=VECTOR('',#3838,0.999999999999494);
#1168=VECTOR('',#3839,1.00000000000061);
#1169=VECTOR('',#3842,0.999999999999643);
#1170=VECTOR('',#3843,1.00000000000007);
#1171=VECTOR('',#3844,1.00000000000007);
#1172=VECTOR('',#3847,0.999999999999417);
#1173=VECTOR('',#3850,1.0000000000003);
#1174=VECTOR('',#3851,0.999999999999546);
#1175=VECTOR('',#3854,0.999999999999595);
#1176=VECTOR('',#3855,0.999999999999934);
#1177=VECTOR('',#3856,1.00000000000007);
#1178=VECTOR('',#3859,0.999999999999937);
#1179=VECTOR('',#3862,1.00000000000001);
#1180=VECTOR('',#3863,1.00000000000042);
#1181=VECTOR('',#3866,0.999999999999977);
#1182=VECTOR('',#3867,0.999999999999592);
#1183=VECTOR('',#3870,0.999999999999531);
#1184=VECTOR('',#3873,0.999999999999934);
#1185=VECTOR('',#3876,1.00000000000036);
#1186=VECTOR('',#3877,1.00000000000017);
#1187=VECTOR('',#3880,0.999999999999934);
#1188=VECTOR('',#3883,1.0000000000001);
#1189=VECTOR('',#3886,1.00000000000064);
#1190=VECTOR('',#3889,0.99999999999975);
#1191=VECTOR('',#3892,0.99999999999998);
#1192=VECTOR('',#3895,0.999999999999823);
#1193=VECTOR('',#3896,0.999999999999987);
#1194=VECTOR('',#3897,0.999999999999935);
#1195=VECTOR('',#3902,0.999999999999956);
#1196=VECTOR('',#3905,1.0000000000002);
#1197=VECTOR('',#3906,0.999999999999851);
#1198=VECTOR('',#3909,0.999999999999851);
#1199=VECTOR('',#3910,1.);
#1200=VECTOR('',#3913,0.999999999999494);
#1201=VECTOR('',#3914,1.0000000000002);
#1202=VECTOR('',#3917,0.999999999999891);
#1203=VECTOR('',#3918,1.00000000000035);
#1204=VECTOR('',#3919,0.999999999999935);
#1205=VECTOR('',#3922,1.00000000000064);
#1206=VECTOR('',#3925,1.00000000000061);
#1207=VECTOR('',#3926,0.999999999999471);
#1208=VECTOR('',#3929,0.999999999999643);
#1209=VECTOR('',#3930,0.999999999999417);
#1210=VECTOR('',#3933,0.999999999999927);
#1211=VECTOR('',#3934,0.999999999999934);
#1212=VECTOR('',#3937,1.00000000000064);
#1213=VECTOR('',#3940,1.00000000000007);
#1214=VECTOR('',#3941,1.00000000000007);
#1215=VECTOR('',#3944,1.00000000000024);
#1216=VECTOR('',#3945,1.00000000000064);
#1217=VECTOR('',#3946,1.0000000000003);
#1218=VECTOR('',#3949,0.999999999999934);
#1219=VECTOR('',#3952,1.00000000000057);
#1220=VECTOR('',#3953,1.00000000000017);
#1221=VECTOR('',#3956,0.999999999999971);
#1222=VECTOR('',#3957,0.999999999999987);
#1223=VECTOR('',#3960,0.99999999999998);
#1224=VECTOR('',#3961,0.999999999999935);
#1225=VECTOR('',#3964,0.99999999999975);
#1226=VECTOR('',#3965,0.999999999999546);
#1227=VECTOR('',#3968,0.999999999999531);
#1228=VECTOR('',#3971,0.999999999999934);
#1229=VECTOR('',#3972,1.00000000000046);
#1230=VECTOR('',#3975,1.00000000000032);
#1231=VECTOR('',#3976,0.999999999999975);
#1232=VECTOR('',#3981,1.00000000000032);
#1233=VECTOR('',#3982,1.00000000000042);
#1234=VECTOR('',#3985,0.999999999999937);
#1235=VECTOR('',#3986,0.999999999999469);
#1236=VECTOR('',#3989,1.00000000000006);
#1237=VECTOR('',#3990,1.00000000000007);
#1238=VECTOR('',#3993,0.999999999999934);
#1239=VECTOR('',#3994,1.00000000000037);
#1240=VECTOR('',#3997,0.999999999999977);
#1241=VECTOR('',#4000,0.999999999999592);
#1242=VECTOR('',#4001,0.999999999999956);
#1243=VECTOR('',#4008,1.00000000000003);
#1244=VECTOR('',#4009,0.999999999999814);
#1245=VECTOR('',#4012,0.999999999999925);
#1246=VECTOR('',#4015,0.99999999999979);
#1247=VECTOR('',#4018,0.999999999999935);
#1248=VECTOR('',#4021,0.999999999999919);
#1249=VECTOR('',#4022,1.0000000000005);
#1250=VECTOR('',#4025,1.00000000000035);
#1251=VECTOR('',#4026,1.00000000000005);
#1252=VECTOR('',#4029,0.999999999999685);
#1253=VECTOR('',#4030,1.00000000000007);
#1254=VECTOR('',#4035,0.999999999999685);
#1255=VECTOR('',#4038,1.0000000000005);
#1256=VECTOR('',#4039,0.999999999999919);
#1257=VECTOR('',#4042,1.00000000000007);
#1258=VECTOR('',#4049,0.999999999999592);
#1259=VECTOR('',#4050,0.999999999999592);
#1260=VECTOR('',#4051,1.00000000000064);
#1261=VECTOR('',#4054,0.999999999999592);
#1262=VECTOR('',#4055,0.999999999999592);
#1263=VECTOR('',#4056,1.00000000000064);
#1264=VECTOR('',#4059,1.00000000000063);
#1265=VECTOR('',#4060,0.99999999999948);
#1266=VECTOR('',#4061,1.00000000000002);
#1267=VECTOR('',#4064,1.00000000000058);
#1268=VECTOR('',#4067,0.999999999999952);
#1269=VECTOR('',#4068,0.999999999999938);
#1270=VECTOR('',#4071,1.00000000000036);
#1271=VECTOR('',#4074,0.999999999999864);
#1272=VECTOR('',#4077,0.999999999999604);
#1273=VECTOR('',#4080,0.999999999999688);
#1274=VECTOR('',#4081,1.00000000000064);
#1275=VECTOR('',#4084,1.0000000000003);
#1276=VECTOR('',#4087,1.00000000000045);
#1277=VECTOR('',#4088,1.0000000000004);
#1278=VECTOR('',#4091,0.999999999999843);
#1279=VECTOR('',#4092,1.00000000000003);
#1280=VECTOR('',#4095,0.999999999999949);
#1281=VECTOR('',#4096,1.00000000000008);
#1282=VECTOR('',#4099,0.999999999999987);
#1283=VECTOR('',#4102,0.999999999999607);
#1284=VECTOR('',#4103,1.00000000000003);
#1285=VECTOR('',#4104,0.999999999999629);
#1286=VECTOR('',#4107,1.00000000000011);
#1287=VECTOR('',#4108,1.00000000000002);
#1288=VECTOR('',#4111,1.00000000000038);
#1289=VECTOR('',#4112,0.999999999999321);
#1290=VECTOR('',#4113,1.00000000000018);
#1291=VECTOR('',#4116,0.999999999999688);
#1292=VECTOR('',#4117,0.999999999999645);
#1293=VECTOR('',#4120,0.999999999999971);
#1294=VECTOR('',#4121,1.00000000000064);
#1295=VECTOR('',#4124,0.99999999999998);
#1296=VECTOR('',#4125,0.999999999999935);
#1297=VECTOR('',#4128,1.00000000000013);
#1298=VECTOR('',#4129,1.00000000000015);
#1299=VECTOR('',#4132,1.00000000000064);
#1300=VECTOR('',#4137,1.);
#1301=VECTOR('',#4138,1.00000000000064);
#1302=VECTOR('',#4141,0.999999999999607);
#1303=VECTOR('',#4142,1.);
#1304=VECTOR('',#4145,1.);
#1305=VECTOR('',#4146,1.);
#1306=VECTOR('',#4147,0.999999999999869);
#1307=VECTOR('',#4150,0.999999999999321);
#1308=VECTOR('',#4151,1.00000000000064);
#1309=VECTOR('',#4154,1.00000000000011);
#1310=VECTOR('',#4155,1.00000000000003);
#1311=VECTOR('',#4156,1.00000000000002);
#1312=VECTOR('',#4159,0.999999999999629);
#1313=VECTOR('',#4162,0.99999999999998);
#1314=VECTOR('',#4163,0.999999999999645);
#1315=VECTOR('',#4166,1.00000000000018);
#1316=VECTOR('',#4167,1.00000000000015);
#1317=VECTOR('',#4170,0.999999999999688);
#1318=VECTOR('',#4171,0.999999999999935);
#1319=VECTOR('',#4174,0.999999999999823);
#1320=VECTOR('',#4175,0.999999999999987);
#1321=VECTOR('',#4178,1.00000000000064);
#1322=VECTOR('',#4181,1.00000000000038);
#1323=VECTOR('',#4184,1.00000000000018);
#1324=VECTOR('',#4187,0.999999999999869);
#1325=VECTOR('',#4188,1.);
#1326=VECTOR('',#4191,1.00000000000045);
#1327=VECTOR('',#4192,0.999999999999843);
#1328=VECTOR('',#4195,0.999999999999949);
#1329=VECTOR('',#4196,1.0000000000004);
#1330=VECTOR('',#4201,0.999999999999688);
#1331=VECTOR('',#4204,0.999999999999604);
#1332=VECTOR('',#4205,1.00000000000064);
#1333=VECTOR('',#4208,0.999999999999864);
#1334=VECTOR('',#4211,1.00000000000036);
#1335=VECTOR('',#4214,0.999999999999952);
#1336=VECTOR('',#4217,0.999999999999938);
#1337=VECTOR('',#4220,1.00000000000058);
#1338=VECTOR('',#4221,0.99999999999948);
#1339=VECTOR('',#4224,1.00000000000063);
#1340=VECTOR('',#4225,1.00000000000008);
#1341=VECTOR('',#4234,1.00000000000003);
#1342=VECTOR('',#4237,1.00000000000002);
#1343=VECTOR('',#4240,1.00000000000064);
#1344=VECTOR('',#4243,0.999999999999629);
#1345=VECTOR('',#4244,1.00000000000064);
#1346=VECTOR('',#4247,0.999999999999629);
#1347=VECTOR('',#4248,1.00000000000064);
#1348=VECTOR('',#4253,0.999999999999592);
#1349=VECTOR('',#4254,0.999999999999592);
#1350=VECTOR('',#4255,1.00000000000064);
#1351=VECTOR('',#4258,0.999999999999592);
#1352=VECTOR('',#4259,0.999999999999592);
#1353=VECTOR('',#4264,0.999999999999479);
#1354=VECTOR('',#4267,1.);
#1355=VECTOR('',#4272,0.999999999999479);
#1356=VECTOR('',#4275,0.999999999999479);
#1357=VECTOR('',#4284,0.999999999999934);
#1358=VECTOR('',#4287,1.);
#1359=VECTOR('',#4288,1.);
#1360=VECTOR('',#4289,1.);
#1361=VECTOR('',#4292,1.);
#1362=VECTOR('',#4293,1.);
#1363=VECTOR('',#4294,1.);
#1364=VECTOR('',#4295,1.);
#1365=VECTOR('',#4298,1.);
#1366=VECTOR('',#4299,1.);
#1367=VECTOR('',#4300,1.);
#1368=VECTOR('',#4301,1.);
#1369=VECTOR('',#4304,1.);
#1370=VECTOR('',#4305,1.);
#1371=VECTOR('',#4306,1.00000000000043);
#1372=VECTOR('',#4307,1.00000000000058);
#1373=VECTOR('',#4308,0.999999999999976);
#1374=VECTOR('',#4309,1.00000000000002);
#1375=VECTOR('',#4310,1.00000000000005);
#1376=VECTOR('',#4311,1.00000000000005);
#1377=VECTOR('',#4312,1.00000000000002);
#1378=VECTOR('',#4313,0.999999999999976);
#1379=VECTOR('',#4314,1.00000000000058);
#1380=VECTOR('',#4315,1.00000000000043);
#1381=VECTOR('',#4316,1.00000000000043);
#1382=VECTOR('',#4317,1.00000000000058);
#1383=VECTOR('',#4318,0.999999999999976);
#1384=VECTOR('',#4319,1.00000000000002);
#1385=VECTOR('',#4320,1.00000000000005);
#1386=VECTOR('',#4321,1.00000000000005);
#1387=VECTOR('',#4322,1.00000000000002);
#1388=VECTOR('',#4323,0.999999999999976);
#1389=VECTOR('',#4324,1.00000000000058);
#1390=VECTOR('',#4325,1.00000000000043);
#1391=VECTOR('',#4326,1.00000000000043);
#1392=VECTOR('',#4327,1.00000000000043);
#1393=VECTOR('',#4328,1.00000000000058);
#1394=VECTOR('',#4329,0.999999999999937);
#1395=VECTOR('',#4330,0.999999999999801);
#1396=VECTOR('',#4331,1.00000000000004);
#1397=VECTOR('',#4332,1.00000000000004);
#1398=VECTOR('',#4333,0.999999999999801);
#1399=VECTOR('',#4334,0.999999999999937);
#1400=VECTOR('',#4335,1.00000000000058);
#1401=VECTOR('',#4336,1.00000000000043);
#1402=VECTOR('',#4337,1.00000000000043);
#1403=VECTOR('',#4338,1.00000000000058);
#1404=VECTOR('',#4339,0.999999999999976);
#1405=VECTOR('',#4340,0.999999999999801);
#1406=VECTOR('',#4341,1.00000000000034);
#1407=VECTOR('',#4342,1.00000000000034);
#1408=VECTOR('',#4343,0.999999999999801);
#1409=VECTOR('',#4344,0.999999999999976);
#1410=VECTOR('',#4345,1.00000000000058);
#1411=VECTOR('',#4348,1.);
#1412=VECTOR('',#4349,1.);
#1413=VECTOR('',#4350,1.00000000000034);
#1414=VECTOR('',#4351,1.00000000000034);
#1415=VECTOR('',#4352,0.999999999999801);
#1416=VECTOR('',#4353,0.999999999999976);
#1417=VECTOR('',#4354,1.00000000000058);
#1418=VECTOR('',#4355,1.00000000000043);
#1419=VECTOR('',#4356,1.00000000000043);
#1420=VECTOR('',#4357,1.00000000000058);
#1421=VECTOR('',#4358,0.999999999999937);
#1422=VECTOR('',#4359,0.999999999999801);
#1423=VECTOR('',#4360,1.00000000000004);
#1424=VECTOR('',#4361,1.00000000000004);
#1425=VECTOR('',#4362,0.999999999999801);
#1426=VECTOR('',#4363,0.999999999999937);
#1427=VECTOR('',#4364,1.00000000000058);
#1428=VECTOR('',#4365,1.00000000000043);
#1429=VECTOR('',#4366,1.00000000000043);
#1430=VECTOR('',#4367,1.00000000000058);
#1431=VECTOR('',#4368,0.999999999999976);
#1432=VECTOR('',#4369,0.999999999999801);
#1433=VECTOR('',#4370,1.00000000000005);
#1434=VECTOR('',#4371,1.00000000000002);
#1435=VECTOR('',#4372,0.999999999999976);
#1436=VECTOR('',#4373,1.00000000000058);
#1437=VECTOR('',#4374,1.00000000000043);
#1438=VECTOR('',#4375,1.00000000000043);
#1439=VECTOR('',#4376,1.00000000000058);
#1440=VECTOR('',#4377,0.999999999999976);
#1441=VECTOR('',#4378,1.00000000000002);
#1442=VECTOR('',#4379,1.00000000000005);
#1443=VECTOR('',#4380,1.00000000000005);
#1444=VECTOR('',#4381,1.00000000000002);
#1445=VECTOR('',#4382,0.999999999999976);
#1446=VECTOR('',#4383,1.00000000000058);
#1447=VECTOR('',#4384,1.00000000000043);
#1448=VECTOR('',#4385,1.00000000000043);
#1449=VECTOR('',#4386,1.00000000000058);
#1450=VECTOR('',#4387,0.999999999999976);
#1451=VECTOR('',#4388,1.00000000000002);
#1452=VECTOR('',#4389,1.00000000000005);
#1453=VECTOR('',#4392,1.);
#1454=VECTOR('',#4393,1.);
#1455=VECTOR('',#4396,1.);
#1456=VECTOR('',#4399,1.);
#1457=VECTOR('',#4402,1.);
#1458=VECTOR('',#4405,1.);
#1459=VECTOR('',#4408,1.);
#1460=VECTOR('',#4411,1.);
#1461=VECTOR('',#4414,1.);
#1462=VECTOR('',#4417,1.);
#1463=VECTOR('',#4420,1.);
#1464=VECTOR('',#4423,1.);
#1465=VECTOR('',#4426,1.);
#1466=VECTOR('',#4429,1.);
#1467=VECTOR('',#4432,1.);
#1468=VECTOR('',#4435,1.);
#1469=VECTOR('',#4438,1.);
#1470=VECTOR('',#4441,1.);
#1471=VECTOR('',#4444,1.);
#1472=VECTOR('',#4447,1.);
#1473=VECTOR('',#4452,1.);
#1474=VECTOR('',#4453,1.);
#1475=VECTOR('',#4456,1.);
#1476=VECTOR('',#4459,1.);
#1477=VECTOR('',#4462,1.);
#1478=VECTOR('',#4465,1.);
#1479=VECTOR('',#4468,1.);
#1480=VECTOR('',#4471,1.);
#1481=VECTOR('',#4474,1.);
#1482=VECTOR('',#4477,1.);
#1483=VECTOR('',#4480,1.);
#1484=VECTOR('',#4483,1.);
#1485=VECTOR('',#4486,1.);
#1486=VECTOR('',#4489,1.);
#1487=VECTOR('',#4492,1.);
#1488=VECTOR('',#4495,1.);
#1489=VECTOR('',#4498,1.);
#1490=VECTOR('',#4501,1.);
#1491=VECTOR('',#4504,1.);
#1492=VECTOR('',#4507,1.);
#1493=VECTOR('',#4512,1.);
#1494=VECTOR('',#4513,1.);
#1495=VECTOR('',#4516,1.);
#1496=VECTOR('',#4519,1.);
#1497=VECTOR('',#4522,0.999999999999934);
#1498=CIRCLE('',#3357,11.5);
#1499=CIRCLE('',#3358,11.5000000000018);
#1500=CIRCLE('',#3359,11.5000000000002);
#1501=CIRCLE('',#3360,11.5000000000018);
#1502=CIRCLE('',#3361,11.5000000000032);
#1503=CIRCLE('',#3362,11.5000000000019);
#1504=CIRCLE('',#3363,11.5000000000027);
#1505=CIRCLE('',#3364,11.5000000000014);
#1506=CIRCLE('',#3365,11.5000000000023);
#1507=CIRCLE('',#3366,11.5000000000014);
#1508=CIRCLE('',#3367,11.5000000000027);
#1509=CIRCLE('',#3368,11.5000000000019);
#1510=CIRCLE('',#3369,11.5000000000032);
#1511=CIRCLE('',#3370,11.5000000000018);
#1512=CIRCLE('',#3371,11.5000000000002);
#1513=CIRCLE('',#3372,11.5000000000018);
#1514=CIRCLE('',#3373,11.5000000000008);
#1515=CIRCLE('',#3374,11.5000000000028);
#1516=CIRCLE('',#3375,11.5000000000075);
#1517=CIRCLE('',#3376,11.500000000004);
#1518=CIRCLE('',#3377,11.5000000000009);
#1519=CIRCLE('',#3378,11.5000000000018);
#1520=CIRCLE('',#3379,11.5000000000029);
#1521=CIRCLE('',#3380,11.5000000000002);
#1522=CIRCLE('',#3381,11.500000000007);
#1523=CIRCLE('',#3382,11.5000000000032);
#1524=CIRCLE('',#3383,11.5000000000019);
#1525=CIRCLE('',#3384,11.5000000000001);
#1526=CIRCLE('',#3385,11.5000000000019);
#1527=CIRCLE('',#3386,11.5000000000032);
#1528=CIRCLE('',#3387,11.500000000007);
#1529=CIRCLE('',#3388,11.5000000000003);
#1530=CIRCLE('',#3389,11.5000000000045);
#1531=CIRCLE('',#3390,11.5000000000009);
#1532=CIRCLE('',#3391,11.500000000004);
#1533=CIRCLE('',#3392,11.5000000000075);
#1534=CIRCLE('',#3393,11.5000000000028);
#1535=CIRCLE('',#3394,11.5000000000008);
#1536=CIRCLE('',#3395,11.5000000000018);
#1537=VERTEX_POINT('',#4537);
#1538=VERTEX_POINT('',#4539);
#1539=VERTEX_POINT('',#4541);
#1540=VERTEX_POINT('',#4543);
#1541=VERTEX_POINT('',#4545);
#1542=VERTEX_POINT('',#4547);
#1543=VERTEX_POINT('',#4549);
#1544=VERTEX_POINT('',#4551);
#1545=VERTEX_POINT('',#4553);
#1546=VERTEX_POINT('',#4555);
#1547=VERTEX_POINT('',#4557);
#1548=VERTEX_POINT('',#4559);
#1549=VERTEX_POINT('',#4561);
#1550=VERTEX_POINT('',#4563);
#1551=VERTEX_POINT('',#4565);
#1552=VERTEX_POINT('',#4567);
#1553=VERTEX_POINT('',#4569);
#1554=VERTEX_POINT('',#4571);
#1555=VERTEX_POINT('',#4573);
#1556=VERTEX_POINT('',#4575);
#1557=VERTEX_POINT('',#4577);
#1558=VERTEX_POINT('',#4579);
#1559=VERTEX_POINT('',#4581);
#1560=VERTEX_POINT('',#4583);
#1561=VERTEX_POINT('',#4585);
#1562=VERTEX_POINT('',#4587);
#1563=VERTEX_POINT('',#4589);
#1564=VERTEX_POINT('',#4591);
#1565=VERTEX_POINT('',#4593);
#1566=VERTEX_POINT('',#4595);
#1567=VERTEX_POINT('',#4597);
#1568=VERTEX_POINT('',#4599);
#1569=VERTEX_POINT('',#4601);
#1570=VERTEX_POINT('',#4603);
#1571=VERTEX_POINT('',#4605);
#1572=VERTEX_POINT('',#4607);
#1573=VERTEX_POINT('',#4609);
#1574=VERTEX_POINT('',#4611);
#1575=VERTEX_POINT('',#4613);
#1576=VERTEX_POINT('',#4617);
#1577=VERTEX_POINT('',#4618);
#1578=VERTEX_POINT('',#4620);
#1579=VERTEX_POINT('',#4622);
#1580=VERTEX_POINT('',#4624);
#1581=VERTEX_POINT('',#4626);
#1582=VERTEX_POINT('',#4628);
#1583=VERTEX_POINT('',#4630);
#1584=VERTEX_POINT('',#4632);
#1585=VERTEX_POINT('',#4634);
#1586=VERTEX_POINT('',#4636);
#1587=VERTEX_POINT('',#4638);
#1588=VERTEX_POINT('',#4640);
#1589=VERTEX_POINT('',#4642);
#1590=VERTEX_POINT('',#4644);
#1591=VERTEX_POINT('',#4646);
#1592=VERTEX_POINT('',#4648);
#1593=VERTEX_POINT('',#4650);
#1594=VERTEX_POINT('',#4652);
#1595=VERTEX_POINT('',#4654);
#1596=VERTEX_POINT('',#4656);
#1597=VERTEX_POINT('',#4658);
#1598=VERTEX_POINT('',#4660);
#1599=VERTEX_POINT('',#4662);
#1600=VERTEX_POINT('',#4664);
#1601=VERTEX_POINT('',#4666);
#1602=VERTEX_POINT('',#4670);
#1603=VERTEX_POINT('',#4674);
#1604=VERTEX_POINT('',#4676);
#1605=VERTEX_POINT('',#4682);
#1606=VERTEX_POINT('',#4688);
#1607=VERTEX_POINT('',#4694);
#1608=VERTEX_POINT('',#4700);
#1609=VERTEX_POINT('',#4706);
#1610=VERTEX_POINT('',#4710);
#1611=VERTEX_POINT('',#4716);
#1612=VERTEX_POINT('',#4720);
#1613=VERTEX_POINT('',#4726);
#1614=VERTEX_POINT('',#4730);
#1615=VERTEX_POINT('',#4734);
#1616=VERTEX_POINT('',#4740);
#1617=VERTEX_POINT('',#4742);
#1618=VERTEX_POINT('',#4746);
#1619=VERTEX_POINT('',#4748);
#1620=VERTEX_POINT('',#4756);
#1621=VERTEX_POINT('',#4758);
#1622=VERTEX_POINT('',#4762);
#1623=VERTEX_POINT('',#4766);
#1624=VERTEX_POINT('',#4770);
#1625=VERTEX_POINT('',#4772);
#1626=VERTEX_POINT('',#4778);
#1627=VERTEX_POINT('',#4782);
#1628=VERTEX_POINT('',#4784);
#1629=VERTEX_POINT('',#4790);
#1630=VERTEX_POINT('',#4794);
#1631=VERTEX_POINT('',#4796);
#1632=VERTEX_POINT('',#4802);
#1633=VERTEX_POINT('',#4827);
#1634=VERTEX_POINT('',#4834);
#1635=VERTEX_POINT('',#4838);
#1636=VERTEX_POINT('',#4842);
#1637=VERTEX_POINT('',#4847);
#1638=VERTEX_POINT('',#4853);
#1639=VERTEX_POINT('',#4857);
#1640=VERTEX_POINT('',#4866);
#1641=VERTEX_POINT('',#4870);
#1642=VERTEX_POINT('',#4877);
#1643=VERTEX_POINT('',#4881);
#1644=VERTEX_POINT('',#4893);
#1645=VERTEX_POINT('',#4901);
#1646=VERTEX_POINT('',#4905);
#1647=VERTEX_POINT('',#4909);
#1648=VERTEX_POINT('',#4913);
#1649=VERTEX_POINT('',#4952);
#1650=VERTEX_POINT('',#4954);
#1651=VERTEX_POINT('',#4958);
#1652=VERTEX_POINT('',#4960);
#1653=VERTEX_POINT('',#4964);
#1654=VERTEX_POINT('',#4966);
#1655=VERTEX_POINT('',#4972);
#1656=VERTEX_POINT('',#4982);
#1657=VERTEX_POINT('',#4988);
#1658=VERTEX_POINT('',#4992);
#1659=VERTEX_POINT('',#5001);
#1660=VERTEX_POINT('',#5002);
#1661=VERTEX_POINT('',#5004);
#1662=VERTEX_POINT('',#5008);
#1663=VERTEX_POINT('',#5012);
#1664=VERTEX_POINT('',#5014);
#1665=VERTEX_POINT('',#5018);
#1666=VERTEX_POINT('',#5034);
#1667=VERTEX_POINT('',#5038);
#1668=VERTEX_POINT('',#5042);
#1669=VERTEX_POINT('',#5044);
#1670=VERTEX_POINT('',#5048);
#1671=VERTEX_POINT('',#5052);
#1672=VERTEX_POINT('',#5054);
#1673=VERTEX_POINT('',#5060);
#1674=VERTEX_POINT('',#5064);
#1675=VERTEX_POINT('',#5071);
#1676=VERTEX_POINT('',#5081);
#1677=VERTEX_POINT('',#5094);
#1678=VERTEX_POINT('',#5106);
#1679=VERTEX_POINT('',#5122);
#1680=VERTEX_POINT('',#5130);
#1681=VERTEX_POINT('',#5132);
#1682=VERTEX_POINT('',#5154);
#1683=VERTEX_POINT('',#5156);
#1684=VERTEX_POINT('',#5160);
#1685=VERTEX_POINT('',#5161);
#1686=VERTEX_POINT('',#5164);
#1687=VERTEX_POINT('',#5168);
#1688=VERTEX_POINT('',#5171);
#1689=VERTEX_POINT('',#5175);
#1690=VERTEX_POINT('',#5178);
#1691=VERTEX_POINT('',#5179);
#1692=VERTEX_POINT('',#5181);
#1693=VERTEX_POINT('',#5183);
#1694=VERTEX_POINT('',#5185);
#1695=VERTEX_POINT('',#5187);
#1696=VERTEX_POINT('',#5189);
#1697=VERTEX_POINT('',#5191);
#1698=VERTEX_POINT('',#5193);
#1699=VERTEX_POINT('',#5195);
#1700=VERTEX_POINT('',#5197);
#1701=VERTEX_POINT('',#5199);
#1702=VERTEX_POINT('',#5201);
#1703=VERTEX_POINT('',#5203);
#1704=VERTEX_POINT('',#5205);
#1705=VERTEX_POINT('',#5207);
#1706=VERTEX_POINT('',#5209);
#1707=VERTEX_POINT('',#5211);
#1708=VERTEX_POINT('',#5213);
#1709=VERTEX_POINT('',#5215);
#1710=VERTEX_POINT('',#5218);
#1711=VERTEX_POINT('',#5219);
#1712=VERTEX_POINT('',#5221);
#1713=VERTEX_POINT('',#5223);
#1714=VERTEX_POINT('',#5225);
#1715=VERTEX_POINT('',#5227);
#1716=VERTEX_POINT('',#5229);
#1717=VERTEX_POINT('',#5231);
#1718=VERTEX_POINT('',#5233);
#1719=VERTEX_POINT('',#5235);
#1720=VERTEX_POINT('',#5237);
#1721=VERTEX_POINT('',#5239);
#1722=VERTEX_POINT('',#5241);
#1723=VERTEX_POINT('',#5243);
#1724=VERTEX_POINT('',#5245);
#1725=VERTEX_POINT('',#5247);
#1726=VERTEX_POINT('',#5249);
#1727=VERTEX_POINT('',#5251);
#1728=VERTEX_POINT('',#5253);
#1729=VERTEX_POINT('',#5255);
#1730=VERTEX_POINT('',#5259);
#1731=VERTEX_POINT('',#5262);
#1732=VERTEX_POINT('',#5263);
#1733=VERTEX_POINT('',#5265);
#1734=VERTEX_POINT('',#5267);
#1735=VERTEX_POINT('',#5269);
#1736=VERTEX_POINT('',#5271);
#1737=VERTEX_POINT('',#5273);
#1738=VERTEX_POINT('',#5275);
#1739=VERTEX_POINT('',#5277);
#1740=VERTEX_POINT('',#5279);
#1741=VERTEX_POINT('',#5281);
#1742=VERTEX_POINT('',#5283);
#1743=VERTEX_POINT('',#5285);
#1744=VERTEX_POINT('',#5287);
#1745=VERTEX_POINT('',#5289);
#1746=VERTEX_POINT('',#5291);
#1747=VERTEX_POINT('',#5293);
#1748=VERTEX_POINT('',#5295);
#1749=VERTEX_POINT('',#5297);
#1750=VERTEX_POINT('',#5299);
#1751=VERTEX_POINT('',#5302);
#1752=VERTEX_POINT('',#5303);
#1753=VERTEX_POINT('',#5305);
#1754=VERTEX_POINT('',#5307);
#1755=VERTEX_POINT('',#5309);
#1756=VERTEX_POINT('',#5311);
#1757=VERTEX_POINT('',#5313);
#1758=VERTEX_POINT('',#5315);
#1759=VERTEX_POINT('',#5317);
#1760=VERTEX_POINT('',#5319);
#1761=VERTEX_POINT('',#5321);
#1762=VERTEX_POINT('',#5323);
#1763=VERTEX_POINT('',#5325);
#1764=VERTEX_POINT('',#5327);
#1765=VERTEX_POINT('',#5329);
#1766=VERTEX_POINT('',#5331);
#1767=VERTEX_POINT('',#5333);
#1768=VERTEX_POINT('',#5335);
#1769=VERTEX_POINT('',#5337);
#1770=VERTEX_POINT('',#5339);
#1771=VERTEX_POINT('',#5423);
#1772=EDGE_CURVE('',#1537,#1537,#1498,.T.);
#1773=EDGE_CURVE('',#1537,#1538,#674,.T.);
#1774=EDGE_CURVE('',#1539,#1538,#1499,.T.);
#1775=EDGE_CURVE('',#1540,#1539,#1500,.T.);
#1776=EDGE_CURVE('',#1541,#1540,#1501,.T.);
#1777=EDGE_CURVE('',#1542,#1541,#1502,.T.);
#1778=EDGE_CURVE('',#1543,#1542,#1503,.T.);
#1779=EDGE_CURVE('',#1544,#1543,#1504,.T.);
#1780=EDGE_CURVE('',#1545,#1544,#1505,.T.);
#1781=EDGE_CURVE('',#1546,#1545,#1506,.T.);
#1782=EDGE_CURVE('',#1547,#1546,#1507,.T.);
#1783=EDGE_CURVE('',#1548,#1547,#1508,.T.);
#1784=EDGE_CURVE('',#1549,#1548,#1509,.T.);
#1785=EDGE_CURVE('',#1550,#1549,#1510,.T.);
#1786=EDGE_CURVE('',#1551,#1550,#1511,.T.);
#1787=EDGE_CURVE('',#1552,#1551,#1512,.T.);
#1788=EDGE_CURVE('',#1553,#1552,#1513,.T.);
#1789=EDGE_CURVE('',#1554,#1553,#1514,.T.);
#1790=EDGE_CURVE('',#1555,#1554,#1515,.T.);
#1791=EDGE_CURVE('',#1556,#1555,#1516,.T.);
#1792=EDGE_CURVE('',#1557,#1556,#1517,.T.);
#1793=EDGE_CURVE('',#1558,#1557,#1518,.T.);
#1794=EDGE_CURVE('',#1559,#1558,#1519,.T.);
#1795=EDGE_CURVE('',#1560,#1559,#1520,.T.);
#1796=EDGE_CURVE('',#1561,#1560,#1521,.T.);
#1797=EDGE_CURVE('',#1562,#1561,#1522,.T.);
#1798=EDGE_CURVE('',#1563,#1562,#1523,.T.);
#1799=EDGE_CURVE('',#1564,#1563,#1524,.T.);
#1800=EDGE_CURVE('',#1565,#1564,#1525,.T.);
#1801=EDGE_CURVE('',#1566,#1565,#1526,.T.);
#1802=EDGE_CURVE('',#1567,#1566,#1527,.T.);
#1803=EDGE_CURVE('',#1568,#1567,#1528,.T.);
#1804=EDGE_CURVE('',#1569,#1568,#1529,.T.);
#1805=EDGE_CURVE('',#1570,#1569,#1530,.T.);
#1806=EDGE_CURVE('',#1571,#1570,#1531,.T.);
#1807=EDGE_CURVE('',#1572,#1571,#1532,.T.);
#1808=EDGE_CURVE('',#1573,#1572,#1533,.T.);
#1809=EDGE_CURVE('',#1574,#1573,#1534,.T.);
#1810=EDGE_CURVE('',#1575,#1574,#1535,.T.);
#1811=EDGE_CURVE('',#1538,#1575,#1536,.T.);
#1812=EDGE_CURVE('',#1576,#1577,#675,.T.);
#1813=EDGE_CURVE('',#1577,#1578,#676,.T.);
#1814=EDGE_CURVE('',#1578,#1579,#677,.T.);
#1815=EDGE_CURVE('',#1579,#1580,#678,.T.);
#1816=EDGE_CURVE('',#1580,#1581,#679,.T.);
#1817=EDGE_CURVE('',#1581,#1582,#680,.T.);
#1818=EDGE_CURVE('',#1582,#1583,#681,.T.);
#1819=EDGE_CURVE('',#1583,#1584,#682,.T.);
#1820=EDGE_CURVE('',#1584,#1585,#683,.T.);
#1821=EDGE_CURVE('',#1585,#1586,#684,.T.);
#1822=EDGE_CURVE('',#1586,#1587,#685,.T.);
#1823=EDGE_CURVE('',#1587,#1588,#686,.T.);
#1824=EDGE_CURVE('',#1588,#1589,#687,.T.);
#1825=EDGE_CURVE('',#1589,#1590,#688,.T.);
#1826=EDGE_CURVE('',#1590,#1591,#689,.T.);
#1827=EDGE_CURVE('',#1591,#1592,#690,.T.);
#1828=EDGE_CURVE('',#1592,#1593,#691,.T.);
#1829=EDGE_CURVE('',#1593,#1594,#692,.T.);
#1830=EDGE_CURVE('',#1594,#1595,#693,.T.);
#1831=EDGE_CURVE('',#1595,#1596,#694,.T.);
#1832=EDGE_CURVE('',#1596,#1597,#695,.T.);
#1833=EDGE_CURVE('',#1597,#1598,#696,.T.);
#1834=EDGE_CURVE('',#1598,#1599,#697,.T.);
#1835=EDGE_CURVE('',#1599,#1600,#698,.T.);
#1836=EDGE_CURVE('',#1600,#1601,#699,.T.);
#1837=EDGE_CURVE('',#1601,#1576,#700,.T.);
#1838=EDGE_CURVE('',#1569,#1602,#701,.T.);
#1839=EDGE_CURVE('',#1602,#1570,#702,.T.);
#1840=EDGE_CURVE('',#1568,#1603,#703,.T.);
#1841=EDGE_CURVE('',#1604,#1603,#704,.T.);
#1842=EDGE_CURVE('',#1602,#1604,#705,.T.);
#1843=EDGE_CURVE('',#1603,#1567,#706,.T.);
#1844=EDGE_CURVE('',#1566,#1605,#707,.T.);
#1845=EDGE_CURVE('',#1603,#1605,#708,.T.);
#1846=EDGE_CURVE('',#1605,#1565,#709,.T.);
#1847=EDGE_CURVE('',#1606,#1564,#710,.T.);
#1848=EDGE_CURVE('',#1605,#1606,#711,.T.);
#1849=EDGE_CURVE('',#1563,#1606,#712,.T.);
#1850=EDGE_CURVE('',#1607,#1562,#713,.T.);
#1851=EDGE_CURVE('',#1606,#1607,#714,.T.);
#1852=EDGE_CURVE('',#1561,#1607,#715,.T.);
#1853=EDGE_CURVE('',#1608,#1560,#716,.T.);
#1854=EDGE_CURVE('',#1607,#1608,#717,.T.);
#1855=EDGE_CURVE('',#1559,#1608,#718,.T.);
#1856=EDGE_CURVE('',#1609,#1558,#719,.T.);
#1857=EDGE_CURVE('',#1608,#1609,#720,.T.);
#1858=EDGE_CURVE('',#1557,#1610,#721,.T.);
#1859=EDGE_CURVE('',#1609,#1610,#722,.T.);
#1860=EDGE_CURVE('',#1610,#1556,#723,.T.);
#1861=EDGE_CURVE('',#1611,#1555,#724,.T.);
#1862=EDGE_CURVE('',#1610,#1611,#725,.T.);
#1863=EDGE_CURVE('',#1612,#1554,#726,.T.);
#1864=EDGE_CURVE('',#1611,#1612,#727,.T.);
#1865=EDGE_CURVE('',#1553,#1612,#728,.T.);
#1866=EDGE_CURVE('',#1613,#1552,#729,.T.);
#1867=EDGE_CURVE('',#1612,#1613,#730,.T.);
#1868=EDGE_CURVE('',#1614,#1579,#731,.T.);
#1869=EDGE_CURVE('',#1578,#1614,#732,.T.);
#1870=EDGE_CURVE('',#1615,#1614,#733,.T.);
#1871=EDGE_CURVE('',#1579,#1615,#734,.T.);
#1872=EDGE_CURVE('',#1614,#1577,#735,.T.);
#1873=EDGE_CURVE('',#1614,#1616,#736,.T.);
#1874=EDGE_CURVE('',#1617,#1616,#737,.T.);
#1875=EDGE_CURVE('',#1615,#1617,#738,.T.);
#1876=EDGE_CURVE('',#1618,#1587,#739,.T.);
#1877=EDGE_CURVE('',#1587,#1619,#740,.T.);
#1878=EDGE_CURVE('',#1618,#1619,#741,.T.);
#1879=EDGE_CURVE('',#1588,#1618,#742,.T.);
#1880=EDGE_CURVE('',#1618,#1589,#743,.T.);
#1881=EDGE_CURVE('',#1619,#1620,#744,.T.);
#1882=EDGE_CURVE('',#1621,#1620,#745,.T.);
#1883=EDGE_CURVE('',#1618,#1621,#746,.T.);
#1884=EDGE_CURVE('',#1622,#1584,#747,.T.);
#1885=EDGE_CURVE('',#1583,#1622,#748,.T.);
#1886=EDGE_CURVE('',#1623,#1622,#749,.T.);
#1887=EDGE_CURVE('',#1584,#1623,#750,.T.);
#1888=EDGE_CURVE('',#1624,#1607,#751,.T.);
#1889=EDGE_CURVE('',#1607,#1625,#752,.T.);
#1890=EDGE_CURVE('',#1625,#1624,#753,.T.);
#1891=EDGE_CURVE('',#1606,#1624,#754,.T.);
#1892=EDGE_CURVE('',#1626,#1624,#755,.T.);
#1893=EDGE_CURVE('',#1625,#1626,#756,.T.);
#1894=EDGE_CURVE('',#1626,#1627,#757,.T.);
#1895=EDGE_CURVE('',#1627,#1628,#758,.T.);
#1896=EDGE_CURVE('',#1628,#1626,#759,.T.);
#1897=EDGE_CURVE('',#1627,#1625,#760,.T.);
#1898=EDGE_CURVE('',#1629,#1627,#761,.T.);
#1899=EDGE_CURVE('',#1628,#1629,#762,.T.);
#1900=EDGE_CURVE('',#1630,#1612,#763,.T.);
#1901=EDGE_CURVE('',#1612,#1631,#764,.T.);
#1902=EDGE_CURVE('',#1631,#1630,#765,.T.);
#1903=EDGE_CURVE('',#1611,#1630,#766,.T.);
#1904=EDGE_CURVE('',#1632,#1611,#767,.T.);
#1905=EDGE_CURVE('',#1630,#1632,#768,.T.);
#1906=EDGE_CURVE('',#1620,#1630,#769,.T.);
#1907=EDGE_CURVE('',#1630,#1621,#770,.T.);
#1908=EDGE_CURVE('',#1632,#1620,#771,.T.);
#1909=EDGE_CURVE('',#1610,#1632,#772,.T.);
#1910=EDGE_CURVE('',#1629,#1610,#773,.T.);
#1911=EDGE_CURVE('',#1632,#1629,#774,.T.);
#1912=EDGE_CURVE('',#1609,#1629,#775,.T.);
#1913=EDGE_CURVE('',#1627,#1609,#776,.T.);
#1914=EDGE_CURVE('',#1608,#1627,#777,.T.);
#1915=EDGE_CURVE('',#1620,#1629,#778,.T.);
#1916=EDGE_CURVE('',#1620,#1628,#779,.T.);
#1917=EDGE_CURVE('',#1628,#1619,#780,.T.);
#1918=EDGE_CURVE('',#1619,#1633,#781,.T.);
#1919=EDGE_CURVE('',#1633,#1628,#782,.T.);
#1920=EDGE_CURVE('',#1631,#1621,#783,.T.);
#1921=EDGE_CURVE('',#1626,#1634,#784,.T.);
#1922=EDGE_CURVE('',#1624,#1634,#785,.T.);
#1923=EDGE_CURVE('',#1634,#1635,#786,.T.);
#1924=EDGE_CURVE('',#1624,#1635,#787,.T.);
#1925=EDGE_CURVE('',#1636,#1635,#788,.T.);
#1926=EDGE_CURVE('',#1634,#1636,#789,.T.);
#1927=EDGE_CURVE('',#1636,#1622,#790,.T.);
#1928=EDGE_CURVE('',#1622,#1637,#791,.T.);
#1929=EDGE_CURVE('',#1637,#1636,#792,.T.);
#1930=EDGE_CURVE('',#1622,#1634,#793,.T.);
#1931=EDGE_CURVE('',#1638,#1636,#794,.T.);
#1932=EDGE_CURVE('',#1635,#1638,#795,.T.);
#1933=EDGE_CURVE('',#1636,#1639,#796,.T.);
#1934=EDGE_CURVE('',#1638,#1639,#797,.T.);
#1935=EDGE_CURVE('',#1638,#1605,#798,.T.);
#1936=EDGE_CURVE('',#1605,#1635,#799,.T.);
#1937=EDGE_CURVE('',#1603,#1638,#800,.T.);
#1938=EDGE_CURVE('',#1636,#1640,#801,.T.);
#1939=EDGE_CURVE('',#1639,#1640,#802,.T.);
#1940=EDGE_CURVE('',#1641,#1604,#803,.T.);
#1941=EDGE_CURVE('',#1604,#1639,#804,.T.);
#1942=EDGE_CURVE('',#1639,#1641,#805,.T.);
#1943=EDGE_CURVE('',#1602,#1641,#806,.T.);
#1944=EDGE_CURVE('',#1642,#1602,#807,.T.);
#1945=EDGE_CURVE('',#1641,#1642,#808,.T.);
#1946=EDGE_CURVE('',#1617,#1643,#809,.T.);
#1947=EDGE_CURVE('',#1643,#1615,#810,.T.);
#1948=EDGE_CURVE('',#1640,#1617,#811,.T.);
#1949=EDGE_CURVE('',#1643,#1640,#812,.T.);
#1950=EDGE_CURVE('',#1617,#1641,#813,.T.);
#1951=EDGE_CURVE('',#1641,#1640,#814,.T.);
#1952=EDGE_CURVE('',#1642,#1617,#815,.T.);
#1953=EDGE_CURVE('',#1644,#1642,#816,.T.);
#1954=EDGE_CURVE('',#1644,#1602,#817,.T.);
#1955=EDGE_CURVE('',#1571,#1644,#818,.T.);
#1956=EDGE_CURVE('',#1644,#1572,#819,.T.);
#1957=EDGE_CURVE('',#1645,#1644,#820,.T.);
#1958=EDGE_CURVE('',#1642,#1645,#821,.T.);
#1959=EDGE_CURVE('',#1646,#1645,#822,.T.);
#1960=EDGE_CURVE('',#1646,#1644,#823,.T.);
#1961=EDGE_CURVE('',#1647,#1646,#824,.T.);
#1962=EDGE_CURVE('',#1645,#1647,#825,.T.);
#1963=EDGE_CURVE('',#1648,#1647,#826,.T.);
#1964=EDGE_CURVE('',#1648,#1646,#827,.T.);
#1965=EDGE_CURVE('',#1617,#1645,#828,.T.);
#1966=EDGE_CURVE('',#1645,#1616,#829,.T.);
#1967=EDGE_CURVE('',#1647,#1616,#830,.T.);
#1968=EDGE_CURVE('',#1646,#1573,#831,.T.);
#1969=EDGE_CURVE('',#1648,#1574,#832,.T.);
#1970=EDGE_CURVE('',#1575,#1648,#833,.T.);
#1971=EDGE_CURVE('',#1634,#1623,#834,.T.);
#1972=EDGE_CURVE('',#1623,#1626,#835,.T.);
#1973=EDGE_CURVE('',#1580,#1643,#836,.T.);
#1974=EDGE_CURVE('',#1643,#1581,#837,.T.);
#1975=EDGE_CURVE('',#1622,#1582,#838,.T.);
#1976=EDGE_CURVE('',#1582,#1637,#839,.T.);
#1977=EDGE_CURVE('',#1637,#1581,#840,.T.);
#1978=EDGE_CURVE('',#1637,#1643,#841,.T.);
#1979=EDGE_CURVE('',#1623,#1585,#842,.T.);
#1980=EDGE_CURVE('',#1585,#1633,#843,.T.);
#1981=EDGE_CURVE('',#1586,#1633,#844,.T.);
#1982=EDGE_CURVE('',#1633,#1623,#845,.T.);
#1983=EDGE_CURVE('',#1649,#1618,#846,.T.);
#1984=EDGE_CURVE('',#1650,#1621,#847,.T.);
#1985=EDGE_CURVE('',#1649,#1650,#848,.T.);
#1986=EDGE_CURVE('',#1651,#1649,#849,.T.);
#1987=EDGE_CURVE('',#1652,#1650,#850,.T.);
#1988=EDGE_CURVE('',#1651,#1652,#851,.T.);
#1989=EDGE_CURVE('',#1653,#1597,#852,.T.);
#1990=EDGE_CURVE('',#1597,#1654,#853,.T.);
#1991=EDGE_CURVE('',#1653,#1654,#854,.T.);
#1992=EDGE_CURVE('',#1654,#1596,#855,.T.);
#1993=EDGE_CURVE('',#1544,#1655,#856,.T.);
#1994=EDGE_CURVE('',#1655,#1545,#857,.T.);
#1995=EDGE_CURVE('',#1655,#1543,#858,.T.);
#1996=EDGE_CURVE('',#1542,#1655,#859,.T.);
#1997=EDGE_CURVE('',#1655,#1541,#860,.T.);
#1998=EDGE_CURVE('',#1540,#1656,#861,.T.);
#1999=EDGE_CURVE('',#1655,#1656,#862,.T.);
#2000=EDGE_CURVE('',#1656,#1539,#863,.T.);
#2001=EDGE_CURVE('',#1657,#1600,#864,.T.);
#2002=EDGE_CURVE('',#1599,#1657,#865,.T.);
#2003=EDGE_CURVE('',#1600,#1658,#866,.T.);
#2004=EDGE_CURVE('',#1601,#1658,#867,.T.);
#2005=EDGE_CURVE('',#1653,#1599,#868,.T.);
#2006=EDGE_CURVE('',#1598,#1653,#869,.T.);
#2007=EDGE_CURVE('',#1657,#1653,#870,.T.);
#2008=EDGE_CURVE('',#1659,#1660,#871,.T.);
#2009=EDGE_CURVE('',#1660,#1661,#872,.T.);
#2010=EDGE_CURVE('',#1661,#1659,#873,.T.);
#2011=EDGE_CURVE('',#1660,#1662,#874,.T.);
#2012=EDGE_CURVE('',#1662,#1661,#875,.T.);
#2013=EDGE_CURVE('',#1663,#1660,#876,.T.);
#2014=EDGE_CURVE('',#1660,#1664,#877,.T.);
#2015=EDGE_CURVE('',#1664,#1663,#878,.T.);
#2016=EDGE_CURVE('',#1663,#1665,#879,.T.);
#2017=EDGE_CURVE('',#1665,#1660,#880,.T.);
#2018=EDGE_CURVE('',#1662,#1657,#881,.T.);
#2019=EDGE_CURVE('',#1653,#1662,#882,.T.);
#2020=EDGE_CURVE('',#1665,#1662,#883,.T.);
#2021=EDGE_CURVE('',#1657,#1665,#884,.T.);
#2022=EDGE_CURVE('',#1665,#1658,#885,.T.);
#2023=EDGE_CURVE('',#1658,#1657,#886,.T.);
#2024=EDGE_CURVE('',#1658,#1663,#887,.T.);
#2025=EDGE_CURVE('',#1660,#1666,#888,.T.);
#2026=EDGE_CURVE('',#1664,#1666,#889,.T.);
#2027=EDGE_CURVE('',#1667,#1659,#890,.T.);
#2028=EDGE_CURVE('',#1660,#1667,#891,.T.);
#2029=EDGE_CURVE('',#1667,#1668,#892,.T.);
#2030=EDGE_CURVE('',#1669,#1668,#893,.T.);
#2031=EDGE_CURVE('',#1667,#1669,#894,.T.);
#2032=EDGE_CURVE('',#1670,#1667,#895,.T.);
#2033=EDGE_CURVE('',#1668,#1670,#896,.T.);
#2034=EDGE_CURVE('',#1671,#1667,#897,.T.);
#2035=EDGE_CURVE('',#1667,#1672,#898,.T.);
#2036=EDGE_CURVE('',#1672,#1671,#899,.T.);
#2037=EDGE_CURVE('',#1659,#1672,#900,.T.);
#2038=EDGE_CURVE('',#1671,#1673,#901,.T.);
#2039=EDGE_CURVE('',#1667,#1673,#902,.T.);
#2040=EDGE_CURVE('',#1652,#1674,#903,.T.);
#2041=EDGE_CURVE('',#1674,#1651,#904,.T.);
#2042=EDGE_CURVE('',#1673,#1652,#905,.T.);
#2043=EDGE_CURVE('',#1674,#1673,#906,.T.);
#2044=EDGE_CURVE('',#1673,#1675,#907,.T.);
#2045=EDGE_CURVE('',#1675,#1674,#908,.T.);
#2046=EDGE_CURVE('',#1675,#1671,#909,.T.);
#2047=EDGE_CURVE('',#1652,#1667,#910,.T.);
#2048=EDGE_CURVE('',#1652,#1670,#911,.T.);
#2049=EDGE_CURVE('',#1676,#1660,#912,.T.);
#2050=EDGE_CURVE('',#1666,#1676,#913,.T.);
#2051=EDGE_CURVE('',#1674,#1591,#914,.T.);
#2052=EDGE_CURVE('',#1591,#1651,#915,.T.);
#2053=EDGE_CURVE('',#1675,#1592,#916,.T.);
#2054=EDGE_CURVE('',#1592,#1674,#917,.T.);
#2055=EDGE_CURVE('',#1551,#1613,#918,.T.);
#2056=EDGE_CURVE('',#1677,#1550,#919,.T.);
#2057=EDGE_CURVE('',#1613,#1677,#920,.T.);
#2058=EDGE_CURVE('',#1549,#1677,#921,.T.);
#2059=EDGE_CURVE('',#1677,#1548,#922,.T.);
#2060=EDGE_CURVE('',#1547,#1677,#923,.T.);
#2061=EDGE_CURVE('',#1677,#1546,#924,.T.);
#2062=EDGE_CURVE('',#1678,#1595,#925,.T.);
#2063=EDGE_CURVE('',#1594,#1678,#926,.T.);
#2064=EDGE_CURVE('',#1675,#1594,#927,.T.);
#2065=EDGE_CURVE('',#1593,#1675,#928,.T.);
#2066=EDGE_CURVE('',#1651,#1590,#929,.T.);
#2067=EDGE_CURVE('',#1678,#1675,#930,.T.);
#2068=EDGE_CURVE('',#1678,#1672,#931,.T.);
#2069=EDGE_CURVE('',#1679,#1678,#932,.T.);
#2070=EDGE_CURVE('',#1679,#1659,#933,.T.);
#2071=EDGE_CURVE('',#1654,#1679,#934,.T.);
#2072=EDGE_CURVE('',#1654,#1661,#935,.T.);
#2073=EDGE_CURVE('',#1680,#1658,#936,.T.);
#2074=EDGE_CURVE('',#1681,#1663,#937,.T.);
#2075=EDGE_CURVE('',#1680,#1681,#938,.T.);
#2076=EDGE_CURVE('',#1614,#1680,#939,.T.);
#2077=EDGE_CURVE('',#1616,#1681,#940,.T.);
#2078=EDGE_CURVE('',#1656,#1648,#941,.T.);
#2079=EDGE_CURVE('',#1677,#1655,#942,.T.);
#2080=EDGE_CURVE('',#1670,#1631,#943,.T.);
#2081=EDGE_CURVE('',#1647,#1664,#944,.T.);
#2082=EDGE_CURVE('',#1656,#1664,#945,.T.);
#2083=EDGE_CURVE('',#1682,#1666,#946,.T.);
#2084=EDGE_CURVE('',#1683,#1682,#947,.T.);
#2085=EDGE_CURVE('',#1655,#1683,#948,.T.);
#2086=EDGE_CURVE('',#1684,#1685,#949,.T.);
#2087=EDGE_CURVE('',#1685,#1667,#950,.T.);
#2088=EDGE_CURVE('',#1686,#1669,#951,.T.);
#2089=EDGE_CURVE('',#1684,#1686,#952,.T.);
#2090=EDGE_CURVE('',#1676,#1687,#953,.T.);
#2091=EDGE_CURVE('',#1686,#1687,#954,.T.);
#2092=EDGE_CURVE('',#1668,#1688,#955,.T.);
#2093=EDGE_CURVE('',#1682,#1688,#956,.T.);
#2094=EDGE_CURVE('',#1687,#1689,#957,.T.);
#2095=EDGE_CURVE('',#1689,#1684,#958,.T.);
#2096=EDGE_CURVE('',#1690,#1691,#959,.T.);
#2097=EDGE_CURVE('',#1692,#1690,#960,.T.);
#2098=EDGE_CURVE('',#1693,#1692,#961,.T.);
#2099=EDGE_CURVE('',#1694,#1693,#962,.T.);
#2100=EDGE_CURVE('',#1695,#1694,#963,.T.);
#2101=EDGE_CURVE('',#1696,#1695,#964,.T.);
#2102=EDGE_CURVE('',#1697,#1696,#965,.T.);
#2103=EDGE_CURVE('',#1698,#1697,#966,.T.);
#2104=EDGE_CURVE('',#1699,#1698,#967,.T.);
#2105=EDGE_CURVE('',#1700,#1699,#968,.T.);
#2106=EDGE_CURVE('',#1701,#1700,#969,.T.);
#2107=EDGE_CURVE('',#1702,#1701,#970,.T.);
#2108=EDGE_CURVE('',#1703,#1702,#971,.T.);
#2109=EDGE_CURVE('',#1704,#1703,#972,.T.);
#2110=EDGE_CURVE('',#1705,#1704,#973,.T.);
#2111=EDGE_CURVE('',#1706,#1705,#974,.T.);
#2112=EDGE_CURVE('',#1707,#1706,#975,.T.);
#2113=EDGE_CURVE('',#1708,#1707,#976,.T.);
#2114=EDGE_CURVE('',#1709,#1708,#977,.T.);
#2115=EDGE_CURVE('',#1691,#1709,#978,.T.);
#2116=EDGE_CURVE('',#1710,#1711,#979,.T.);
#2117=EDGE_CURVE('',#1712,#1710,#980,.T.);
#2118=EDGE_CURVE('',#1713,#1712,#981,.T.);
#2119=EDGE_CURVE('',#1714,#1713,#982,.T.);
#2120=EDGE_CURVE('',#1715,#1714,#983,.T.);
#2121=EDGE_CURVE('',#1716,#1715,#984,.T.);
#2122=EDGE_CURVE('',#1717,#1716,#985,.T.);
#2123=EDGE_CURVE('',#1718,#1717,#986,.T.);
#2124=EDGE_CURVE('',#1719,#1718,#987,.T.);
#2125=EDGE_CURVE('',#1720,#1719,#988,.T.);
#2126=EDGE_CURVE('',#1721,#1720,#989,.T.);
#2127=EDGE_CURVE('',#1722,#1721,#990,.T.);
#2128=EDGE_CURVE('',#1723,#1722,#991,.T.);
#2129=EDGE_CURVE('',#1724,#1723,#992,.T.);
#2130=EDGE_CURVE('',#1725,#1724,#993,.T.);
#2131=EDGE_CURVE('',#1726,#1725,#994,.T.);
#2132=EDGE_CURVE('',#1727,#1726,#995,.T.);
#2133=EDGE_CURVE('',#1728,#1727,#996,.T.);
#2134=EDGE_CURVE('',#1729,#1728,#997,.T.);
#2135=EDGE_CURVE('',#1711,#1729,#998,.T.);
#2136=EDGE_CURVE('',#1730,#1683,#999,.T.);
#2137=EDGE_CURVE('',#1688,#1730,#1000,.T.);
#2138=EDGE_CURVE('',#1731,#1732,#1001,.T.);
#2139=EDGE_CURVE('',#1732,#1733,#1002,.T.);
#2140=EDGE_CURVE('',#1733,#1734,#1003,.T.);
#2141=EDGE_CURVE('',#1734,#1735,#1004,.T.);
#2142=EDGE_CURVE('',#1735,#1736,#1005,.T.);
#2143=EDGE_CURVE('',#1736,#1737,#1006,.T.);
#2144=EDGE_CURVE('',#1737,#1738,#1007,.T.);
#2145=EDGE_CURVE('',#1738,#1739,#1008,.T.);
#2146=EDGE_CURVE('',#1739,#1740,#1009,.T.);
#2147=EDGE_CURVE('',#1740,#1741,#1010,.T.);
#2148=EDGE_CURVE('',#1741,#1742,#1011,.T.);
#2149=EDGE_CURVE('',#1742,#1743,#1012,.T.);
#2150=EDGE_CURVE('',#1743,#1744,#1013,.T.);
#2151=EDGE_CURVE('',#1744,#1745,#1014,.T.);
#2152=EDGE_CURVE('',#1745,#1746,#1015,.T.);
#2153=EDGE_CURVE('',#1746,#1747,#1016,.T.);
#2154=EDGE_CURVE('',#1747,#1748,#1017,.T.);
#2155=EDGE_CURVE('',#1748,#1749,#1018,.T.);
#2156=EDGE_CURVE('',#1749,#1750,#1019,.T.);
#2157=EDGE_CURVE('',#1750,#1731,#1020,.T.);
#2158=EDGE_CURVE('',#1751,#1752,#1021,.T.);
#2159=EDGE_CURVE('',#1753,#1751,#1022,.T.);
#2160=EDGE_CURVE('',#1754,#1753,#1023,.T.);
#2161=EDGE_CURVE('',#1755,#1754,#1024,.T.);
#2162=EDGE_CURVE('',#1756,#1755,#1025,.T.);
#2163=EDGE_CURVE('',#1757,#1756,#1026,.T.);
#2164=EDGE_CURVE('',#1758,#1757,#1027,.T.);
#2165=EDGE_CURVE('',#1759,#1758,#1028,.T.);
#2166=EDGE_CURVE('',#1760,#1759,#1029,.T.);
#2167=EDGE_CURVE('',#1761,#1760,#1030,.T.);
#2168=EDGE_CURVE('',#1762,#1761,#1031,.T.);
#2169=EDGE_CURVE('',#1763,#1762,#1032,.T.);
#2170=EDGE_CURVE('',#1764,#1763,#1033,.T.);
#2171=EDGE_CURVE('',#1765,#1764,#1034,.T.);
#2172=EDGE_CURVE('',#1766,#1765,#1035,.T.);
#2173=EDGE_CURVE('',#1767,#1766,#1036,.T.);
#2174=EDGE_CURVE('',#1768,#1767,#1037,.T.);
#2175=EDGE_CURVE('',#1769,#1768,#1038,.T.);
#2176=EDGE_CURVE('',#1770,#1769,#1039,.T.);
#2177=EDGE_CURVE('',#1752,#1770,#1040,.T.);
#2178=EDGE_CURVE('',#1751,#1694,#1041,.T.);
#2179=EDGE_CURVE('',#1753,#1693,#1042,.T.);
#2180=EDGE_CURVE('',#1754,#1692,#1043,.T.);
#2181=EDGE_CURVE('',#1755,#1690,#1044,.T.);
#2182=EDGE_CURVE('',#1756,#1691,#1045,.T.);
#2183=EDGE_CURVE('',#1757,#1709,#1046,.T.);
#2184=EDGE_CURVE('',#1758,#1708,#1047,.T.);
#2185=EDGE_CURVE('',#1759,#1707,#1048,.T.);
#2186=EDGE_CURVE('',#1760,#1706,#1049,.T.);
#2187=EDGE_CURVE('',#1761,#1705,#1050,.T.);
#2188=EDGE_CURVE('',#1762,#1704,#1051,.T.);
#2189=EDGE_CURVE('',#1763,#1703,#1052,.T.);
#2190=EDGE_CURVE('',#1764,#1702,#1053,.T.);
#2191=EDGE_CURVE('',#1765,#1701,#1054,.T.);
#2192=EDGE_CURVE('',#1766,#1700,#1055,.T.);
#2193=EDGE_CURVE('',#1767,#1699,#1056,.T.);
#2194=EDGE_CURVE('',#1768,#1698,#1057,.T.);
#2195=EDGE_CURVE('',#1769,#1697,#1058,.T.);
#2196=EDGE_CURVE('',#1770,#1696,#1059,.T.);
#2197=EDGE_CURVE('',#1752,#1695,#1060,.T.);
#2198=EDGE_CURVE('',#1742,#1716,#1061,.T.);
#2199=EDGE_CURVE('',#1743,#1715,#1062,.T.);
#2200=EDGE_CURVE('',#1744,#1714,#1063,.T.);
#2201=EDGE_CURVE('',#1745,#1713,#1064,.T.);
#2202=EDGE_CURVE('',#1746,#1712,#1065,.T.);
#2203=EDGE_CURVE('',#1747,#1710,#1066,.T.);
#2204=EDGE_CURVE('',#1748,#1711,#1067,.T.);
#2205=EDGE_CURVE('',#1749,#1729,#1068,.T.);
#2206=EDGE_CURVE('',#1750,#1728,#1069,.T.);
#2207=EDGE_CURVE('',#1731,#1727,#1070,.T.);
#2208=EDGE_CURVE('',#1732,#1726,#1071,.T.);
#2209=EDGE_CURVE('',#1733,#1725,#1072,.T.);
#2210=EDGE_CURVE('',#1734,#1724,#1073,.T.);
#2211=EDGE_CURVE('',#1735,#1723,#1074,.T.);
#2212=EDGE_CURVE('',#1736,#1722,#1075,.T.);
#2213=EDGE_CURVE('',#1737,#1721,#1076,.T.);
#2214=EDGE_CURVE('',#1738,#1720,#1077,.T.);
#2215=EDGE_CURVE('',#1739,#1719,#1078,.T.);
#2216=EDGE_CURVE('',#1740,#1718,#1079,.T.);
#2217=EDGE_CURVE('',#1741,#1717,#1080,.T.);
#2218=EDGE_CURVE('',#1660,#1771,#1081,.T.);
#2219=EDGE_CURVE('',#1771,#1689,#1082,.T.);
#2220=EDGE_CURVE('',#1685,#1771,#1083,.T.);
#2221=EDGE_CURVE('',#1730,#1677,#1084,.T.);
#2222=EDGE_CURVE('',#1670,#1613,#1085,.T.);
#2223=ORIENTED_EDGE('',*,*,#1772,.F.);
#2224=ORIENTED_EDGE('',*,*,#1773,.T.);
#2225=ORIENTED_EDGE('',*,*,#1774,.F.);
#2226=ORIENTED_EDGE('',*,*,#1775,.F.);
#2227=ORIENTED_EDGE('',*,*,#1776,.F.);
#2228=ORIENTED_EDGE('',*,*,#1777,.F.);
#2229=ORIENTED_EDGE('',*,*,#1778,.F.);
#2230=ORIENTED_EDGE('',*,*,#1779,.F.);
#2231=ORIENTED_EDGE('',*,*,#1780,.F.);
#2232=ORIENTED_EDGE('',*,*,#1781,.F.);
#2233=ORIENTED_EDGE('',*,*,#1782,.F.);
#2234=ORIENTED_EDGE('',*,*,#1783,.F.);
#2235=ORIENTED_EDGE('',*,*,#1784,.F.);
#2236=ORIENTED_EDGE('',*,*,#1785,.F.);
#2237=ORIENTED_EDGE('',*,*,#1786,.F.);
#2238=ORIENTED_EDGE('',*,*,#1787,.F.);
#2239=ORIENTED_EDGE('',*,*,#1788,.F.);
#2240=ORIENTED_EDGE('',*,*,#1789,.F.);
#2241=ORIENTED_EDGE('',*,*,#1790,.F.);
#2242=ORIENTED_EDGE('',*,*,#1791,.F.);
#2243=ORIENTED_EDGE('',*,*,#1792,.F.);
#2244=ORIENTED_EDGE('',*,*,#1793,.F.);
#2245=ORIENTED_EDGE('',*,*,#1794,.F.);
#2246=ORIENTED_EDGE('',*,*,#1795,.F.);
#2247=ORIENTED_EDGE('',*,*,#1796,.F.);
#2248=ORIENTED_EDGE('',*,*,#1797,.F.);
#2249=ORIENTED_EDGE('',*,*,#1798,.F.);
#2250=ORIENTED_EDGE('',*,*,#1799,.F.);
#2251=ORIENTED_EDGE('',*,*,#1800,.F.);
#2252=ORIENTED_EDGE('',*,*,#1801,.F.);
#2253=ORIENTED_EDGE('',*,*,#1802,.F.);
#2254=ORIENTED_EDGE('',*,*,#1803,.F.);
#2255=ORIENTED_EDGE('',*,*,#1804,.F.);
#2256=ORIENTED_EDGE('',*,*,#1805,.F.);
#2257=ORIENTED_EDGE('',*,*,#1806,.F.);
#2258=ORIENTED_EDGE('',*,*,#1807,.F.);
#2259=ORIENTED_EDGE('',*,*,#1808,.F.);
#2260=ORIENTED_EDGE('',*,*,#1809,.F.);
#2261=ORIENTED_EDGE('',*,*,#1810,.F.);
#2262=ORIENTED_EDGE('',*,*,#1811,.F.);
#2263=ORIENTED_EDGE('',*,*,#1773,.F.);
#2264=ORIENTED_EDGE('',*,*,#1772,.T.);
#2265=ORIENTED_EDGE('',*,*,#1812,.T.);
#2266=ORIENTED_EDGE('',*,*,#1813,.T.);
#2267=ORIENTED_EDGE('',*,*,#1814,.T.);
#2268=ORIENTED_EDGE('',*,*,#1815,.T.);
#2269=ORIENTED_EDGE('',*,*,#1816,.T.);
#2270=ORIENTED_EDGE('',*,*,#1817,.T.);
#2271=ORIENTED_EDGE('',*,*,#1818,.T.);
#2272=ORIENTED_EDGE('',*,*,#1819,.T.);
#2273=ORIENTED_EDGE('',*,*,#1820,.T.);
#2274=ORIENTED_EDGE('',*,*,#1821,.T.);
#2275=ORIENTED_EDGE('',*,*,#1822,.T.);
#2276=ORIENTED_EDGE('',*,*,#1823,.T.);
#2277=ORIENTED_EDGE('',*,*,#1824,.T.);
#2278=ORIENTED_EDGE('',*,*,#1825,.T.);
#2279=ORIENTED_EDGE('',*,*,#1826,.T.);
#2280=ORIENTED_EDGE('',*,*,#1827,.T.);
#2281=ORIENTED_EDGE('',*,*,#1828,.T.);
#2282=ORIENTED_EDGE('',*,*,#1829,.T.);
#2283=ORIENTED_EDGE('',*,*,#1830,.T.);
#2284=ORIENTED_EDGE('',*,*,#1831,.T.);
#2285=ORIENTED_EDGE('',*,*,#1832,.T.);
#2286=ORIENTED_EDGE('',*,*,#1833,.T.);
#2287=ORIENTED_EDGE('',*,*,#1834,.T.);
#2288=ORIENTED_EDGE('',*,*,#1835,.T.);
#2289=ORIENTED_EDGE('',*,*,#1836,.T.);
#2290=ORIENTED_EDGE('',*,*,#1837,.T.);
#2291=ORIENTED_EDGE('',*,*,#1805,.T.);
#2292=ORIENTED_EDGE('',*,*,#1838,.T.);
#2293=ORIENTED_EDGE('',*,*,#1839,.T.);
#2294=ORIENTED_EDGE('',*,*,#1804,.T.);
#2295=ORIENTED_EDGE('',*,*,#1840,.T.);
#2296=ORIENTED_EDGE('',*,*,#1841,.F.);
#2297=ORIENTED_EDGE('',*,*,#1842,.F.);
#2298=ORIENTED_EDGE('',*,*,#1838,.F.);
#2299=ORIENTED_EDGE('',*,*,#1803,.T.);
#2300=ORIENTED_EDGE('',*,*,#1843,.F.);
#2301=ORIENTED_EDGE('',*,*,#1840,.F.);
#2302=ORIENTED_EDGE('',*,*,#1802,.T.);
#2303=ORIENTED_EDGE('',*,*,#1844,.T.);
#2304=ORIENTED_EDGE('',*,*,#1845,.F.);
#2305=ORIENTED_EDGE('',*,*,#1843,.T.);
#2306=ORIENTED_EDGE('',*,*,#1801,.T.);
#2307=ORIENTED_EDGE('',*,*,#1846,.F.);
#2308=ORIENTED_EDGE('',*,*,#1844,.F.);
#2309=ORIENTED_EDGE('',*,*,#1800,.T.);
#2310=ORIENTED_EDGE('',*,*,#1847,.F.);
#2311=ORIENTED_EDGE('',*,*,#1848,.F.);
#2312=ORIENTED_EDGE('',*,*,#1846,.T.);
#2313=ORIENTED_EDGE('',*,*,#1799,.T.);
#2314=ORIENTED_EDGE('',*,*,#1849,.T.);
#2315=ORIENTED_EDGE('',*,*,#1847,.T.);
#2316=ORIENTED_EDGE('',*,*,#1798,.T.);
#2317=ORIENTED_EDGE('',*,*,#1850,.F.);
#2318=ORIENTED_EDGE('',*,*,#1851,.F.);
#2319=ORIENTED_EDGE('',*,*,#1849,.F.);
#2320=ORIENTED_EDGE('',*,*,#1797,.T.);
#2321=ORIENTED_EDGE('',*,*,#1852,.T.);
#2322=ORIENTED_EDGE('',*,*,#1850,.T.);
#2323=ORIENTED_EDGE('',*,*,#1796,.T.);
#2324=ORIENTED_EDGE('',*,*,#1853,.F.);
#2325=ORIENTED_EDGE('',*,*,#1854,.F.);
#2326=ORIENTED_EDGE('',*,*,#1852,.F.);
#2327=ORIENTED_EDGE('',*,*,#1795,.T.);
#2328=ORIENTED_EDGE('',*,*,#1855,.T.);
#2329=ORIENTED_EDGE('',*,*,#1853,.T.);
#2330=ORIENTED_EDGE('',*,*,#1794,.T.);
#2331=ORIENTED_EDGE('',*,*,#1856,.F.);
#2332=ORIENTED_EDGE('',*,*,#1857,.F.);
#2333=ORIENTED_EDGE('',*,*,#1855,.F.);
#2334=ORIENTED_EDGE('',*,*,#1793,.T.);
#2335=ORIENTED_EDGE('',*,*,#1858,.T.);
#2336=ORIENTED_EDGE('',*,*,#1859,.F.);
#2337=ORIENTED_EDGE('',*,*,#1856,.T.);
#2338=ORIENTED_EDGE('',*,*,#1792,.T.);
#2339=ORIENTED_EDGE('',*,*,#1860,.F.);
#2340=ORIENTED_EDGE('',*,*,#1858,.F.);
#2341=ORIENTED_EDGE('',*,*,#1791,.T.);
#2342=ORIENTED_EDGE('',*,*,#1861,.F.);
#2343=ORIENTED_EDGE('',*,*,#1862,.F.);
#2344=ORIENTED_EDGE('',*,*,#1860,.T.);
#2345=ORIENTED_EDGE('',*,*,#1790,.T.);
#2346=ORIENTED_EDGE('',*,*,#1863,.F.);
#2347=ORIENTED_EDGE('',*,*,#1864,.F.);
#2348=ORIENTED_EDGE('',*,*,#1861,.T.);
#2349=ORIENTED_EDGE('',*,*,#1789,.T.);
#2350=ORIENTED_EDGE('',*,*,#1865,.T.);
#2351=ORIENTED_EDGE('',*,*,#1863,.T.);
#2352=ORIENTED_EDGE('',*,*,#1788,.T.);
#2353=ORIENTED_EDGE('',*,*,#1866,.F.);
#2354=ORIENTED_EDGE('',*,*,#1867,.F.);
#2355=ORIENTED_EDGE('',*,*,#1865,.F.);
#2356=ORIENTED_EDGE('',*,*,#1868,.T.);
#2357=ORIENTED_EDGE('',*,*,#1814,.F.);
#2358=ORIENTED_EDGE('',*,*,#1869,.T.);
#2359=ORIENTED_EDGE('',*,*,#1868,.F.);
#2360=ORIENTED_EDGE('',*,*,#1870,.F.);
#2361=ORIENTED_EDGE('',*,*,#1871,.F.);
#2362=ORIENTED_EDGE('',*,*,#1872,.F.);
#2363=ORIENTED_EDGE('',*,*,#1869,.F.);
#2364=ORIENTED_EDGE('',*,*,#1813,.F.);
#2365=ORIENTED_EDGE('',*,*,#1870,.T.);
#2366=ORIENTED_EDGE('',*,*,#1873,.T.);
#2367=ORIENTED_EDGE('',*,*,#1874,.F.);
#2368=ORIENTED_EDGE('',*,*,#1875,.F.);
#2369=ORIENTED_EDGE('',*,*,#1876,.T.);
#2370=ORIENTED_EDGE('',*,*,#1877,.T.);
#2371=ORIENTED_EDGE('',*,*,#1878,.F.);
#2372=ORIENTED_EDGE('',*,*,#1876,.F.);
#2373=ORIENTED_EDGE('',*,*,#1879,.F.);
#2374=ORIENTED_EDGE('',*,*,#1823,.F.);
#2375=ORIENTED_EDGE('',*,*,#1880,.T.);
#2376=ORIENTED_EDGE('',*,*,#1824,.F.);
#2377=ORIENTED_EDGE('',*,*,#1879,.T.);
#2378=ORIENTED_EDGE('',*,*,#1878,.T.);
#2379=ORIENTED_EDGE('',*,*,#1881,.T.);
#2380=ORIENTED_EDGE('',*,*,#1882,.F.);
#2381=ORIENTED_EDGE('',*,*,#1883,.F.);
#2382=ORIENTED_EDGE('',*,*,#1884,.T.);
#2383=ORIENTED_EDGE('',*,*,#1819,.F.);
#2384=ORIENTED_EDGE('',*,*,#1885,.T.);
#2385=ORIENTED_EDGE('',*,*,#1884,.F.);
#2386=ORIENTED_EDGE('',*,*,#1886,.F.);
#2387=ORIENTED_EDGE('',*,*,#1887,.F.);
#2388=ORIENTED_EDGE('',*,*,#1888,.T.);
#2389=ORIENTED_EDGE('',*,*,#1889,.T.);
#2390=ORIENTED_EDGE('',*,*,#1890,.T.);
#2391=ORIENTED_EDGE('',*,*,#1888,.F.);
#2392=ORIENTED_EDGE('',*,*,#1891,.F.);
#2393=ORIENTED_EDGE('',*,*,#1851,.T.);
#2394=ORIENTED_EDGE('',*,*,#1892,.T.);
#2395=ORIENTED_EDGE('',*,*,#1890,.F.);
#2396=ORIENTED_EDGE('',*,*,#1893,.T.);
#2397=ORIENTED_EDGE('',*,*,#1894,.T.);
#2398=ORIENTED_EDGE('',*,*,#1895,.T.);
#2399=ORIENTED_EDGE('',*,*,#1896,.T.);
#2400=ORIENTED_EDGE('',*,*,#1894,.F.);
#2401=ORIENTED_EDGE('',*,*,#1893,.F.);
#2402=ORIENTED_EDGE('',*,*,#1897,.F.);
#2403=ORIENTED_EDGE('',*,*,#1895,.F.);
#2404=ORIENTED_EDGE('',*,*,#1898,.F.);
#2405=ORIENTED_EDGE('',*,*,#1899,.F.);
#2406=ORIENTED_EDGE('',*,*,#1900,.T.);
#2407=ORIENTED_EDGE('',*,*,#1901,.T.);
#2408=ORIENTED_EDGE('',*,*,#1902,.T.);
#2409=ORIENTED_EDGE('',*,*,#1900,.F.);
#2410=ORIENTED_EDGE('',*,*,#1903,.F.);
#2411=ORIENTED_EDGE('',*,*,#1864,.T.);
#2412=ORIENTED_EDGE('',*,*,#1904,.T.);
#2413=ORIENTED_EDGE('',*,*,#1903,.T.);
#2414=ORIENTED_EDGE('',*,*,#1905,.T.);
#2415=ORIENTED_EDGE('',*,*,#1906,.T.);
#2416=ORIENTED_EDGE('',*,*,#1907,.T.);
#2417=ORIENTED_EDGE('',*,*,#1882,.T.);
#2418=ORIENTED_EDGE('',*,*,#1906,.F.);
#2419=ORIENTED_EDGE('',*,*,#1908,.F.);
#2420=ORIENTED_EDGE('',*,*,#1905,.F.);
#2421=ORIENTED_EDGE('',*,*,#1904,.F.);
#2422=ORIENTED_EDGE('',*,*,#1909,.F.);
#2423=ORIENTED_EDGE('',*,*,#1862,.T.);
#2424=ORIENTED_EDGE('',*,*,#1910,.T.);
#2425=ORIENTED_EDGE('',*,*,#1909,.T.);
#2426=ORIENTED_EDGE('',*,*,#1911,.T.);
#2427=ORIENTED_EDGE('',*,*,#1910,.F.);
#2428=ORIENTED_EDGE('',*,*,#1912,.F.);
#2429=ORIENTED_EDGE('',*,*,#1859,.T.);
#2430=ORIENTED_EDGE('',*,*,#1913,.T.);
#2431=ORIENTED_EDGE('',*,*,#1912,.T.);
#2432=ORIENTED_EDGE('',*,*,#1898,.T.);
#2433=ORIENTED_EDGE('',*,*,#1913,.F.);
#2434=ORIENTED_EDGE('',*,*,#1914,.F.);
#2435=ORIENTED_EDGE('',*,*,#1857,.T.);
#2436=ORIENTED_EDGE('',*,*,#1915,.T.);
#2437=ORIENTED_EDGE('',*,*,#1911,.F.);
#2438=ORIENTED_EDGE('',*,*,#1908,.T.);
#2439=ORIENTED_EDGE('',*,*,#1915,.F.);
#2440=ORIENTED_EDGE('',*,*,#1916,.T.);
#2441=ORIENTED_EDGE('',*,*,#1899,.T.);
#2442=ORIENTED_EDGE('',*,*,#1917,.T.);
#2443=ORIENTED_EDGE('',*,*,#1918,.T.);
#2444=ORIENTED_EDGE('',*,*,#1919,.T.);
#2445=ORIENTED_EDGE('',*,*,#1917,.F.);
#2446=ORIENTED_EDGE('',*,*,#1916,.F.);
#2447=ORIENTED_EDGE('',*,*,#1881,.F.);
#2448=ORIENTED_EDGE('',*,*,#1920,.T.);
#2449=ORIENTED_EDGE('',*,*,#1907,.F.);
#2450=ORIENTED_EDGE('',*,*,#1902,.F.);
#2451=ORIENTED_EDGE('',*,*,#1892,.F.);
#2452=ORIENTED_EDGE('',*,*,#1921,.T.);
#2453=ORIENTED_EDGE('',*,*,#1922,.F.);
#2454=ORIENTED_EDGE('',*,*,#1922,.T.);
#2455=ORIENTED_EDGE('',*,*,#1923,.T.);
#2456=ORIENTED_EDGE('',*,*,#1924,.F.);
#2457=ORIENTED_EDGE('',*,*,#1925,.T.);
#2458=ORIENTED_EDGE('',*,*,#1923,.F.);
#2459=ORIENTED_EDGE('',*,*,#1926,.T.);
#2460=ORIENTED_EDGE('',*,*,#1927,.T.);
#2461=ORIENTED_EDGE('',*,*,#1928,.T.);
#2462=ORIENTED_EDGE('',*,*,#1929,.T.);
#2463=ORIENTED_EDGE('',*,*,#1927,.F.);
#2464=ORIENTED_EDGE('',*,*,#1926,.F.);
#2465=ORIENTED_EDGE('',*,*,#1930,.F.);
#2466=ORIENTED_EDGE('',*,*,#1925,.F.);
#2467=ORIENTED_EDGE('',*,*,#1931,.F.);
#2468=ORIENTED_EDGE('',*,*,#1932,.F.);
#2469=ORIENTED_EDGE('',*,*,#1933,.T.);
#2470=ORIENTED_EDGE('',*,*,#1934,.F.);
#2471=ORIENTED_EDGE('',*,*,#1931,.T.);
#2472=ORIENTED_EDGE('',*,*,#1935,.T.);
#2473=ORIENTED_EDGE('',*,*,#1936,.T.);
#2474=ORIENTED_EDGE('',*,*,#1932,.T.);
#2475=ORIENTED_EDGE('',*,*,#1935,.F.);
#2476=ORIENTED_EDGE('',*,*,#1937,.F.);
#2477=ORIENTED_EDGE('',*,*,#1845,.T.);
#2478=ORIENTED_EDGE('',*,*,#1933,.F.);
#2479=ORIENTED_EDGE('',*,*,#1938,.T.);
#2480=ORIENTED_EDGE('',*,*,#1939,.F.);
#2481=ORIENTED_EDGE('',*,*,#1940,.T.);
#2482=ORIENTED_EDGE('',*,*,#1941,.T.);
#2483=ORIENTED_EDGE('',*,*,#1942,.T.);
#2484=ORIENTED_EDGE('',*,*,#1940,.F.);
#2485=ORIENTED_EDGE('',*,*,#1943,.F.);
#2486=ORIENTED_EDGE('',*,*,#1842,.T.);
#2487=ORIENTED_EDGE('',*,*,#1944,.T.);
#2488=ORIENTED_EDGE('',*,*,#1943,.T.);
#2489=ORIENTED_EDGE('',*,*,#1945,.T.);
#2490=ORIENTED_EDGE('',*,*,#1946,.T.);
#2491=ORIENTED_EDGE('',*,*,#1947,.T.);
#2492=ORIENTED_EDGE('',*,*,#1875,.T.);
#2493=ORIENTED_EDGE('',*,*,#1946,.F.);
#2494=ORIENTED_EDGE('',*,*,#1948,.F.);
#2495=ORIENTED_EDGE('',*,*,#1949,.F.);
#2496=ORIENTED_EDGE('',*,*,#1950,.T.);
#2497=ORIENTED_EDGE('',*,*,#1951,.T.);
#2498=ORIENTED_EDGE('',*,*,#1948,.T.);
#2499=ORIENTED_EDGE('',*,*,#1950,.F.);
#2500=ORIENTED_EDGE('',*,*,#1952,.F.);
#2501=ORIENTED_EDGE('',*,*,#1945,.F.);
#2502=ORIENTED_EDGE('',*,*,#1944,.F.);
#2503=ORIENTED_EDGE('',*,*,#1953,.F.);
#2504=ORIENTED_EDGE('',*,*,#1954,.T.);
#2505=ORIENTED_EDGE('',*,*,#1807,.T.);
#2506=ORIENTED_EDGE('',*,*,#1955,.T.);
#2507=ORIENTED_EDGE('',*,*,#1956,.T.);
#2508=ORIENTED_EDGE('',*,*,#1806,.T.);
#2509=ORIENTED_EDGE('',*,*,#1839,.F.);
#2510=ORIENTED_EDGE('',*,*,#1954,.F.);
#2511=ORIENTED_EDGE('',*,*,#1955,.F.);
#2512=ORIENTED_EDGE('',*,*,#1957,.T.);
#2513=ORIENTED_EDGE('',*,*,#1953,.T.);
#2514=ORIENTED_EDGE('',*,*,#1958,.T.);
#2515=ORIENTED_EDGE('',*,*,#1957,.F.);
#2516=ORIENTED_EDGE('',*,*,#1959,.F.);
#2517=ORIENTED_EDGE('',*,*,#1960,.T.);
#2518=ORIENTED_EDGE('',*,*,#1961,.T.);
#2519=ORIENTED_EDGE('',*,*,#1959,.T.);
#2520=ORIENTED_EDGE('',*,*,#1962,.T.);
#2521=ORIENTED_EDGE('',*,*,#1961,.F.);
#2522=ORIENTED_EDGE('',*,*,#1963,.F.);
#2523=ORIENTED_EDGE('',*,*,#1964,.T.);
#2524=ORIENTED_EDGE('',*,*,#1965,.T.);
#2525=ORIENTED_EDGE('',*,*,#1958,.F.);
#2526=ORIENTED_EDGE('',*,*,#1952,.T.);
#2527=ORIENTED_EDGE('',*,*,#1966,.T.);
#2528=ORIENTED_EDGE('',*,*,#1967,.F.);
#2529=ORIENTED_EDGE('',*,*,#1962,.F.);
#2530=ORIENTED_EDGE('',*,*,#1939,.T.);
#2531=ORIENTED_EDGE('',*,*,#1951,.F.);
#2532=ORIENTED_EDGE('',*,*,#1942,.F.);
#2533=ORIENTED_EDGE('',*,*,#1965,.F.);
#2534=ORIENTED_EDGE('',*,*,#1874,.T.);
#2535=ORIENTED_EDGE('',*,*,#1966,.F.);
#2536=ORIENTED_EDGE('',*,*,#1809,.T.);
#2537=ORIENTED_EDGE('',*,*,#1968,.F.);
#2538=ORIENTED_EDGE('',*,*,#1964,.F.);
#2539=ORIENTED_EDGE('',*,*,#1969,.T.);
#2540=ORIENTED_EDGE('',*,*,#1810,.T.);
#2541=ORIENTED_EDGE('',*,*,#1969,.F.);
#2542=ORIENTED_EDGE('',*,*,#1970,.F.);
#2543=ORIENTED_EDGE('',*,*,#1971,.T.);
#2544=ORIENTED_EDGE('',*,*,#1886,.T.);
#2545=ORIENTED_EDGE('',*,*,#1930,.T.);
#2546=ORIENTED_EDGE('',*,*,#1971,.F.);
#2547=ORIENTED_EDGE('',*,*,#1921,.F.);
#2548=ORIENTED_EDGE('',*,*,#1972,.F.);
#2549=ORIENTED_EDGE('',*,*,#1973,.T.);
#2550=ORIENTED_EDGE('',*,*,#1974,.T.);
#2551=ORIENTED_EDGE('',*,*,#1816,.F.);
#2552=ORIENTED_EDGE('',*,*,#1975,.T.);
#2553=ORIENTED_EDGE('',*,*,#1976,.T.);
#2554=ORIENTED_EDGE('',*,*,#1928,.F.);
#2555=ORIENTED_EDGE('',*,*,#1977,.T.);
#2556=ORIENTED_EDGE('',*,*,#1974,.F.);
#2557=ORIENTED_EDGE('',*,*,#1978,.F.);
#2558=ORIENTED_EDGE('',*,*,#1977,.F.);
#2559=ORIENTED_EDGE('',*,*,#1976,.F.);
#2560=ORIENTED_EDGE('',*,*,#1817,.F.);
#2561=ORIENTED_EDGE('',*,*,#1979,.T.);
#2562=ORIENTED_EDGE('',*,*,#1820,.F.);
#2563=ORIENTED_EDGE('',*,*,#1887,.T.);
#2564=ORIENTED_EDGE('',*,*,#1980,.T.);
#2565=ORIENTED_EDGE('',*,*,#1981,.F.);
#2566=ORIENTED_EDGE('',*,*,#1821,.F.);
#2567=ORIENTED_EDGE('',*,*,#1979,.F.);
#2568=ORIENTED_EDGE('',*,*,#1982,.F.);
#2569=ORIENTED_EDGE('',*,*,#1980,.F.);
#2570=ORIENTED_EDGE('',*,*,#1975,.F.);
#2571=ORIENTED_EDGE('',*,*,#1885,.F.);
#2572=ORIENTED_EDGE('',*,*,#1818,.F.);
#2573=ORIENTED_EDGE('',*,*,#1982,.T.);
#2574=ORIENTED_EDGE('',*,*,#1972,.T.);
#2575=ORIENTED_EDGE('',*,*,#1896,.F.);
#2576=ORIENTED_EDGE('',*,*,#1919,.F.);
#2577=ORIENTED_EDGE('',*,*,#1983,.T.);
#2578=ORIENTED_EDGE('',*,*,#1883,.T.);
#2579=ORIENTED_EDGE('',*,*,#1984,.F.);
#2580=ORIENTED_EDGE('',*,*,#1985,.F.);
#2581=ORIENTED_EDGE('',*,*,#1986,.T.);
#2582=ORIENTED_EDGE('',*,*,#1985,.T.);
#2583=ORIENTED_EDGE('',*,*,#1987,.F.);
#2584=ORIENTED_EDGE('',*,*,#1988,.F.);
#2585=ORIENTED_EDGE('',*,*,#1989,.T.);
#2586=ORIENTED_EDGE('',*,*,#1990,.T.);
#2587=ORIENTED_EDGE('',*,*,#1991,.F.);
#2588=ORIENTED_EDGE('',*,*,#1992,.F.);
#2589=ORIENTED_EDGE('',*,*,#1990,.F.);
#2590=ORIENTED_EDGE('',*,*,#1832,.F.);
#2591=ORIENTED_EDGE('',*,*,#1780,.T.);
#2592=ORIENTED_EDGE('',*,*,#1993,.T.);
#2593=ORIENTED_EDGE('',*,*,#1994,.T.);
#2594=ORIENTED_EDGE('',*,*,#1779,.T.);
#2595=ORIENTED_EDGE('',*,*,#1995,.F.);
#2596=ORIENTED_EDGE('',*,*,#1993,.F.);
#2597=ORIENTED_EDGE('',*,*,#1778,.T.);
#2598=ORIENTED_EDGE('',*,*,#1996,.T.);
#2599=ORIENTED_EDGE('',*,*,#1995,.T.);
#2600=ORIENTED_EDGE('',*,*,#1777,.T.);
#2601=ORIENTED_EDGE('',*,*,#1997,.F.);
#2602=ORIENTED_EDGE('',*,*,#1996,.F.);
#2603=ORIENTED_EDGE('',*,*,#1776,.T.);
#2604=ORIENTED_EDGE('',*,*,#1998,.T.);
#2605=ORIENTED_EDGE('',*,*,#1999,.F.);
#2606=ORIENTED_EDGE('',*,*,#1997,.T.);
#2607=ORIENTED_EDGE('',*,*,#1775,.T.);
#2608=ORIENTED_EDGE('',*,*,#2000,.F.);
#2609=ORIENTED_EDGE('',*,*,#1998,.F.);
#2610=ORIENTED_EDGE('',*,*,#2001,.T.);
#2611=ORIENTED_EDGE('',*,*,#1835,.F.);
#2612=ORIENTED_EDGE('',*,*,#2002,.T.);
#2613=ORIENTED_EDGE('',*,*,#2003,.T.);
#2614=ORIENTED_EDGE('',*,*,#2004,.F.);
#2615=ORIENTED_EDGE('',*,*,#1836,.F.);
#2616=ORIENTED_EDGE('',*,*,#2005,.T.);
#2617=ORIENTED_EDGE('',*,*,#1834,.F.);
#2618=ORIENTED_EDGE('',*,*,#2006,.T.);
#2619=ORIENTED_EDGE('',*,*,#2005,.F.);
#2620=ORIENTED_EDGE('',*,*,#2007,.F.);
#2621=ORIENTED_EDGE('',*,*,#2002,.F.);
#2622=ORIENTED_EDGE('',*,*,#2008,.T.);
#2623=ORIENTED_EDGE('',*,*,#2009,.T.);
#2624=ORIENTED_EDGE('',*,*,#2010,.T.);
#2625=ORIENTED_EDGE('',*,*,#2009,.F.);
#2626=ORIENTED_EDGE('',*,*,#2011,.T.);
#2627=ORIENTED_EDGE('',*,*,#2012,.T.);
#2628=ORIENTED_EDGE('',*,*,#2013,.T.);
#2629=ORIENTED_EDGE('',*,*,#2014,.T.);
#2630=ORIENTED_EDGE('',*,*,#2015,.T.);
#2631=ORIENTED_EDGE('',*,*,#2013,.F.);
#2632=ORIENTED_EDGE('',*,*,#2016,.T.);
#2633=ORIENTED_EDGE('',*,*,#2017,.T.);
#2634=ORIENTED_EDGE('',*,*,#2018,.T.);
#2635=ORIENTED_EDGE('',*,*,#2007,.T.);
#2636=ORIENTED_EDGE('',*,*,#2019,.T.);
#2637=ORIENTED_EDGE('',*,*,#2018,.F.);
#2638=ORIENTED_EDGE('',*,*,#2020,.F.);
#2639=ORIENTED_EDGE('',*,*,#2021,.F.);
#2640=ORIENTED_EDGE('',*,*,#2022,.T.);
#2641=ORIENTED_EDGE('',*,*,#2023,.T.);
#2642=ORIENTED_EDGE('',*,*,#2021,.T.);
#2643=ORIENTED_EDGE('',*,*,#2022,.F.);
#2644=ORIENTED_EDGE('',*,*,#2016,.F.);
#2645=ORIENTED_EDGE('',*,*,#2024,.F.);
#2646=ORIENTED_EDGE('',*,*,#2017,.F.);
#2647=ORIENTED_EDGE('',*,*,#2020,.T.);
#2648=ORIENTED_EDGE('',*,*,#2011,.F.);
#2649=ORIENTED_EDGE('',*,*,#2025,.T.);
#2650=ORIENTED_EDGE('',*,*,#2026,.F.);
#2651=ORIENTED_EDGE('',*,*,#2014,.F.);
#2652=ORIENTED_EDGE('',*,*,#2008,.F.);
#2653=ORIENTED_EDGE('',*,*,#2027,.F.);
#2654=ORIENTED_EDGE('',*,*,#2028,.F.);
#2655=ORIENTED_EDGE('',*,*,#2029,.T.);
#2656=ORIENTED_EDGE('',*,*,#2030,.F.);
#2657=ORIENTED_EDGE('',*,*,#2031,.F.);
#2658=ORIENTED_EDGE('',*,*,#2029,.F.);
#2659=ORIENTED_EDGE('',*,*,#2032,.F.);
#2660=ORIENTED_EDGE('',*,*,#2033,.F.);
#2661=ORIENTED_EDGE('',*,*,#2034,.T.);
#2662=ORIENTED_EDGE('',*,*,#2035,.T.);
#2663=ORIENTED_EDGE('',*,*,#2036,.T.);
#2664=ORIENTED_EDGE('',*,*,#2035,.F.);
#2665=ORIENTED_EDGE('',*,*,#2027,.T.);
#2666=ORIENTED_EDGE('',*,*,#2037,.T.);
#2667=ORIENTED_EDGE('',*,*,#2034,.F.);
#2668=ORIENTED_EDGE('',*,*,#2038,.T.);
#2669=ORIENTED_EDGE('',*,*,#2039,.F.);
#2670=ORIENTED_EDGE('',*,*,#2040,.T.);
#2671=ORIENTED_EDGE('',*,*,#2041,.T.);
#2672=ORIENTED_EDGE('',*,*,#1988,.T.);
#2673=ORIENTED_EDGE('',*,*,#2040,.F.);
#2674=ORIENTED_EDGE('',*,*,#2042,.F.);
#2675=ORIENTED_EDGE('',*,*,#2043,.F.);
#2676=ORIENTED_EDGE('',*,*,#2044,.T.);
#2677=ORIENTED_EDGE('',*,*,#2045,.T.);
#2678=ORIENTED_EDGE('',*,*,#2043,.T.);
#2679=ORIENTED_EDGE('',*,*,#2044,.F.);
#2680=ORIENTED_EDGE('',*,*,#2038,.F.);
#2681=ORIENTED_EDGE('',*,*,#2046,.F.);
#2682=ORIENTED_EDGE('',*,*,#2047,.T.);
#2683=ORIENTED_EDGE('',*,*,#2039,.T.);
#2684=ORIENTED_EDGE('',*,*,#2042,.T.);
#2685=ORIENTED_EDGE('',*,*,#2047,.F.);
#2686=ORIENTED_EDGE('',*,*,#2048,.T.);
#2687=ORIENTED_EDGE('',*,*,#2032,.T.);
#2688=ORIENTED_EDGE('',*,*,#2025,.F.);
#2689=ORIENTED_EDGE('',*,*,#2049,.F.);
#2690=ORIENTED_EDGE('',*,*,#2050,.F.);
#2691=ORIENTED_EDGE('',*,*,#2051,.T.);
#2692=ORIENTED_EDGE('',*,*,#2052,.T.);
#2693=ORIENTED_EDGE('',*,*,#2041,.F.);
#2694=ORIENTED_EDGE('',*,*,#2053,.T.);
#2695=ORIENTED_EDGE('',*,*,#2054,.T.);
#2696=ORIENTED_EDGE('',*,*,#2045,.F.);
#2697=ORIENTED_EDGE('',*,*,#2051,.F.);
#2698=ORIENTED_EDGE('',*,*,#2054,.F.);
#2699=ORIENTED_EDGE('',*,*,#1827,.F.);
#2700=ORIENTED_EDGE('',*,*,#1787,.T.);
#2701=ORIENTED_EDGE('',*,*,#2055,.T.);
#2702=ORIENTED_EDGE('',*,*,#1866,.T.);
#2703=ORIENTED_EDGE('',*,*,#1786,.T.);
#2704=ORIENTED_EDGE('',*,*,#2056,.F.);
#2705=ORIENTED_EDGE('',*,*,#2057,.F.);
#2706=ORIENTED_EDGE('',*,*,#2055,.F.);
#2707=ORIENTED_EDGE('',*,*,#1785,.T.);
#2708=ORIENTED_EDGE('',*,*,#2058,.T.);
#2709=ORIENTED_EDGE('',*,*,#2056,.T.);
#2710=ORIENTED_EDGE('',*,*,#1784,.T.);
#2711=ORIENTED_EDGE('',*,*,#2059,.F.);
#2712=ORIENTED_EDGE('',*,*,#2058,.F.);
#2713=ORIENTED_EDGE('',*,*,#1783,.T.);
#2714=ORIENTED_EDGE('',*,*,#2060,.T.);
#2715=ORIENTED_EDGE('',*,*,#2059,.T.);
#2716=ORIENTED_EDGE('',*,*,#1782,.T.);
#2717=ORIENTED_EDGE('',*,*,#2061,.F.);
#2718=ORIENTED_EDGE('',*,*,#2060,.F.);
#2719=ORIENTED_EDGE('',*,*,#2062,.T.);
#2720=ORIENTED_EDGE('',*,*,#1830,.F.);
#2721=ORIENTED_EDGE('',*,*,#2063,.T.);
#2722=ORIENTED_EDGE('',*,*,#2064,.T.);
#2723=ORIENTED_EDGE('',*,*,#1829,.F.);
#2724=ORIENTED_EDGE('',*,*,#2065,.T.);
#2725=ORIENTED_EDGE('',*,*,#2001,.F.);
#2726=ORIENTED_EDGE('',*,*,#2023,.F.);
#2727=ORIENTED_EDGE('',*,*,#2003,.F.);
#2728=ORIENTED_EDGE('',*,*,#2053,.F.);
#2729=ORIENTED_EDGE('',*,*,#2065,.F.);
#2730=ORIENTED_EDGE('',*,*,#1828,.F.);
#2731=ORIENTED_EDGE('',*,*,#1989,.F.);
#2732=ORIENTED_EDGE('',*,*,#2006,.F.);
#2733=ORIENTED_EDGE('',*,*,#1833,.F.);
#2734=ORIENTED_EDGE('',*,*,#2052,.F.);
#2735=ORIENTED_EDGE('',*,*,#1826,.F.);
#2736=ORIENTED_EDGE('',*,*,#2066,.F.);
#2737=ORIENTED_EDGE('',*,*,#2064,.F.);
#2738=ORIENTED_EDGE('',*,*,#2067,.F.);
#2739=ORIENTED_EDGE('',*,*,#2063,.F.);
#2740=ORIENTED_EDGE('',*,*,#2067,.T.);
#2741=ORIENTED_EDGE('',*,*,#2046,.T.);
#2742=ORIENTED_EDGE('',*,*,#2036,.F.);
#2743=ORIENTED_EDGE('',*,*,#2068,.F.);
#2744=ORIENTED_EDGE('',*,*,#2069,.T.);
#2745=ORIENTED_EDGE('',*,*,#2068,.T.);
#2746=ORIENTED_EDGE('',*,*,#2037,.F.);
#2747=ORIENTED_EDGE('',*,*,#2070,.F.);
#2748=ORIENTED_EDGE('',*,*,#2071,.T.);
#2749=ORIENTED_EDGE('',*,*,#2070,.T.);
#2750=ORIENTED_EDGE('',*,*,#2010,.F.);
#2751=ORIENTED_EDGE('',*,*,#2072,.F.);
#2752=ORIENTED_EDGE('',*,*,#1991,.T.);
#2753=ORIENTED_EDGE('',*,*,#2072,.T.);
#2754=ORIENTED_EDGE('',*,*,#2012,.F.);
#2755=ORIENTED_EDGE('',*,*,#2019,.F.);
#2756=ORIENTED_EDGE('',*,*,#2073,.T.);
#2757=ORIENTED_EDGE('',*,*,#2024,.T.);
#2758=ORIENTED_EDGE('',*,*,#2074,.F.);
#2759=ORIENTED_EDGE('',*,*,#2075,.F.);
#2760=ORIENTED_EDGE('',*,*,#2076,.T.);
#2761=ORIENTED_EDGE('',*,*,#2075,.T.);
#2762=ORIENTED_EDGE('',*,*,#2077,.F.);
#2763=ORIENTED_EDGE('',*,*,#1873,.F.);
#2764=ORIENTED_EDGE('',*,*,#1978,.T.);
#2765=ORIENTED_EDGE('',*,*,#1949,.T.);
#2766=ORIENTED_EDGE('',*,*,#1938,.F.);
#2767=ORIENTED_EDGE('',*,*,#1929,.F.);
#2768=ORIENTED_EDGE('',*,*,#1774,.T.);
#2769=ORIENTED_EDGE('',*,*,#1811,.T.);
#2770=ORIENTED_EDGE('',*,*,#1970,.T.);
#2771=ORIENTED_EDGE('',*,*,#2078,.F.);
#2772=ORIENTED_EDGE('',*,*,#2000,.T.);
#2773=ORIENTED_EDGE('',*,*,#1781,.T.);
#2774=ORIENTED_EDGE('',*,*,#1994,.F.);
#2775=ORIENTED_EDGE('',*,*,#2079,.F.);
#2776=ORIENTED_EDGE('',*,*,#2061,.T.);
#2777=ORIENTED_EDGE('',*,*,#1808,.T.);
#2778=ORIENTED_EDGE('',*,*,#1956,.F.);
#2779=ORIENTED_EDGE('',*,*,#1960,.F.);
#2780=ORIENTED_EDGE('',*,*,#1968,.T.);
#2781=ORIENTED_EDGE('',*,*,#2048,.F.);
#2782=ORIENTED_EDGE('',*,*,#1987,.T.);
#2783=ORIENTED_EDGE('',*,*,#1984,.T.);
#2784=ORIENTED_EDGE('',*,*,#1920,.F.);
#2785=ORIENTED_EDGE('',*,*,#2080,.F.);
#2786=ORIENTED_EDGE('',*,*,#1967,.T.);
#2787=ORIENTED_EDGE('',*,*,#2077,.T.);
#2788=ORIENTED_EDGE('',*,*,#2074,.T.);
#2789=ORIENTED_EDGE('',*,*,#2015,.F.);
#2790=ORIENTED_EDGE('',*,*,#2081,.F.);
#2791=ORIENTED_EDGE('',*,*,#1914,.T.);
#2792=ORIENTED_EDGE('',*,*,#1897,.T.);
#2793=ORIENTED_EDGE('',*,*,#1889,.F.);
#2794=ORIENTED_EDGE('',*,*,#1854,.T.);
#2795=ORIENTED_EDGE('',*,*,#1891,.T.);
#2796=ORIENTED_EDGE('',*,*,#1924,.T.);
#2797=ORIENTED_EDGE('',*,*,#1936,.F.);
#2798=ORIENTED_EDGE('',*,*,#1848,.T.);
#2799=ORIENTED_EDGE('',*,*,#1937,.T.);
#2800=ORIENTED_EDGE('',*,*,#1934,.T.);
#2801=ORIENTED_EDGE('',*,*,#1941,.F.);
#2802=ORIENTED_EDGE('',*,*,#1841,.T.);
#2803=ORIENTED_EDGE('',*,*,#1963,.T.);
#2804=ORIENTED_EDGE('',*,*,#2081,.T.);
#2805=ORIENTED_EDGE('',*,*,#2082,.F.);
#2806=ORIENTED_EDGE('',*,*,#2078,.T.);
#2807=ORIENTED_EDGE('',*,*,#2082,.T.);
#2808=ORIENTED_EDGE('',*,*,#2026,.T.);
#2809=ORIENTED_EDGE('',*,*,#2083,.F.);
#2810=ORIENTED_EDGE('',*,*,#2084,.F.);
#2811=ORIENTED_EDGE('',*,*,#2085,.F.);
#2812=ORIENTED_EDGE('',*,*,#1999,.T.);
#2813=ORIENTED_EDGE('',*,*,#2086,.T.);
#2814=ORIENTED_EDGE('',*,*,#2087,.T.);
#2815=ORIENTED_EDGE('',*,*,#2031,.T.);
#2816=ORIENTED_EDGE('',*,*,#2088,.F.);
#2817=ORIENTED_EDGE('',*,*,#2089,.F.);
#2818=ORIENTED_EDGE('',*,*,#2050,.T.);
#2819=ORIENTED_EDGE('',*,*,#2090,.T.);
#2820=ORIENTED_EDGE('',*,*,#2091,.F.);
#2821=ORIENTED_EDGE('',*,*,#2088,.T.);
#2822=ORIENTED_EDGE('',*,*,#2030,.T.);
#2823=ORIENTED_EDGE('',*,*,#2092,.T.);
#2824=ORIENTED_EDGE('',*,*,#2093,.F.);
#2825=ORIENTED_EDGE('',*,*,#2083,.T.);
#2826=ORIENTED_EDGE('',*,*,#2089,.T.);
#2827=ORIENTED_EDGE('',*,*,#2091,.T.);
#2828=ORIENTED_EDGE('',*,*,#2094,.T.);
#2829=ORIENTED_EDGE('',*,*,#2095,.T.);
#2830=ORIENTED_EDGE('',*,*,#2096,.F.);
#2831=ORIENTED_EDGE('',*,*,#2097,.F.);
#2832=ORIENTED_EDGE('',*,*,#2098,.F.);
#2833=ORIENTED_EDGE('',*,*,#2099,.F.);
#2834=ORIENTED_EDGE('',*,*,#2100,.F.);
#2835=ORIENTED_EDGE('',*,*,#2101,.F.);
#2836=ORIENTED_EDGE('',*,*,#2102,.F.);
#2837=ORIENTED_EDGE('',*,*,#2103,.F.);
#2838=ORIENTED_EDGE('',*,*,#2104,.F.);
#2839=ORIENTED_EDGE('',*,*,#2105,.F.);
#2840=ORIENTED_EDGE('',*,*,#2106,.F.);
#2841=ORIENTED_EDGE('',*,*,#2107,.F.);
#2842=ORIENTED_EDGE('',*,*,#2108,.F.);
#2843=ORIENTED_EDGE('',*,*,#2109,.F.);
#2844=ORIENTED_EDGE('',*,*,#2110,.F.);
#2845=ORIENTED_EDGE('',*,*,#2111,.F.);
#2846=ORIENTED_EDGE('',*,*,#2112,.F.);
#2847=ORIENTED_EDGE('',*,*,#2113,.F.);
#2848=ORIENTED_EDGE('',*,*,#2114,.F.);
#2849=ORIENTED_EDGE('',*,*,#2115,.F.);
#2850=ORIENTED_EDGE('',*,*,#2116,.F.);
#2851=ORIENTED_EDGE('',*,*,#2117,.F.);
#2852=ORIENTED_EDGE('',*,*,#2118,.F.);
#2853=ORIENTED_EDGE('',*,*,#2119,.F.);
#2854=ORIENTED_EDGE('',*,*,#2120,.F.);
#2855=ORIENTED_EDGE('',*,*,#2121,.F.);
#2856=ORIENTED_EDGE('',*,*,#2122,.F.);
#2857=ORIENTED_EDGE('',*,*,#2123,.F.);
#2858=ORIENTED_EDGE('',*,*,#2124,.F.);
#2859=ORIENTED_EDGE('',*,*,#2125,.F.);
#2860=ORIENTED_EDGE('',*,*,#2126,.F.);
#2861=ORIENTED_EDGE('',*,*,#2127,.F.);
#2862=ORIENTED_EDGE('',*,*,#2128,.F.);
#2863=ORIENTED_EDGE('',*,*,#2129,.F.);
#2864=ORIENTED_EDGE('',*,*,#2130,.F.);
#2865=ORIENTED_EDGE('',*,*,#2131,.F.);
#2866=ORIENTED_EDGE('',*,*,#2132,.F.);
#2867=ORIENTED_EDGE('',*,*,#2133,.F.);
#2868=ORIENTED_EDGE('',*,*,#2134,.F.);
#2869=ORIENTED_EDGE('',*,*,#2135,.F.);
#2870=ORIENTED_EDGE('',*,*,#2136,.T.);
#2871=ORIENTED_EDGE('',*,*,#2084,.T.);
#2872=ORIENTED_EDGE('',*,*,#2093,.T.);
#2873=ORIENTED_EDGE('',*,*,#2137,.T.);
#2874=ORIENTED_EDGE('',*,*,#2138,.T.);
#2875=ORIENTED_EDGE('',*,*,#2139,.T.);
#2876=ORIENTED_EDGE('',*,*,#2140,.T.);
#2877=ORIENTED_EDGE('',*,*,#2141,.T.);
#2878=ORIENTED_EDGE('',*,*,#2142,.T.);
#2879=ORIENTED_EDGE('',*,*,#2143,.T.);
#2880=ORIENTED_EDGE('',*,*,#2144,.T.);
#2881=ORIENTED_EDGE('',*,*,#2145,.T.);
#2882=ORIENTED_EDGE('',*,*,#2146,.T.);
#2883=ORIENTED_EDGE('',*,*,#2147,.T.);
#2884=ORIENTED_EDGE('',*,*,#2148,.T.);
#2885=ORIENTED_EDGE('',*,*,#2149,.T.);
#2886=ORIENTED_EDGE('',*,*,#2150,.T.);
#2887=ORIENTED_EDGE('',*,*,#2151,.T.);
#2888=ORIENTED_EDGE('',*,*,#2152,.T.);
#2889=ORIENTED_EDGE('',*,*,#2153,.T.);
#2890=ORIENTED_EDGE('',*,*,#2154,.T.);
#2891=ORIENTED_EDGE('',*,*,#2155,.T.);
#2892=ORIENTED_EDGE('',*,*,#2156,.T.);
#2893=ORIENTED_EDGE('',*,*,#2157,.T.);
#2894=ORIENTED_EDGE('',*,*,#2158,.F.);
#2895=ORIENTED_EDGE('',*,*,#2159,.F.);
#2896=ORIENTED_EDGE('',*,*,#2160,.F.);
#2897=ORIENTED_EDGE('',*,*,#2161,.F.);
#2898=ORIENTED_EDGE('',*,*,#2162,.F.);
#2899=ORIENTED_EDGE('',*,*,#2163,.F.);
#2900=ORIENTED_EDGE('',*,*,#2164,.F.);
#2901=ORIENTED_EDGE('',*,*,#2165,.F.);
#2902=ORIENTED_EDGE('',*,*,#2166,.F.);
#2903=ORIENTED_EDGE('',*,*,#2167,.F.);
#2904=ORIENTED_EDGE('',*,*,#2168,.F.);
#2905=ORIENTED_EDGE('',*,*,#2169,.F.);
#2906=ORIENTED_EDGE('',*,*,#2170,.F.);
#2907=ORIENTED_EDGE('',*,*,#2171,.F.);
#2908=ORIENTED_EDGE('',*,*,#2172,.F.);
#2909=ORIENTED_EDGE('',*,*,#2173,.F.);
#2910=ORIENTED_EDGE('',*,*,#2174,.F.);
#2911=ORIENTED_EDGE('',*,*,#2175,.F.);
#2912=ORIENTED_EDGE('',*,*,#2176,.F.);
#2913=ORIENTED_EDGE('',*,*,#2177,.F.);
#2914=ORIENTED_EDGE('',*,*,#2159,.T.);
#2915=ORIENTED_EDGE('',*,*,#2178,.T.);
#2916=ORIENTED_EDGE('',*,*,#2099,.T.);
#2917=ORIENTED_EDGE('',*,*,#2179,.F.);
#2918=ORIENTED_EDGE('',*,*,#2160,.T.);
#2919=ORIENTED_EDGE('',*,*,#2179,.T.);
#2920=ORIENTED_EDGE('',*,*,#2098,.T.);
#2921=ORIENTED_EDGE('',*,*,#2180,.F.);
#2922=ORIENTED_EDGE('',*,*,#2161,.T.);
#2923=ORIENTED_EDGE('',*,*,#2180,.T.);
#2924=ORIENTED_EDGE('',*,*,#2097,.T.);
#2925=ORIENTED_EDGE('',*,*,#2181,.F.);
#2926=ORIENTED_EDGE('',*,*,#2162,.T.);
#2927=ORIENTED_EDGE('',*,*,#2181,.T.);
#2928=ORIENTED_EDGE('',*,*,#2096,.T.);
#2929=ORIENTED_EDGE('',*,*,#2182,.F.);
#2930=ORIENTED_EDGE('',*,*,#2163,.T.);
#2931=ORIENTED_EDGE('',*,*,#2182,.T.);
#2932=ORIENTED_EDGE('',*,*,#2115,.T.);
#2933=ORIENTED_EDGE('',*,*,#2183,.F.);
#2934=ORIENTED_EDGE('',*,*,#2164,.T.);
#2935=ORIENTED_EDGE('',*,*,#2183,.T.);
#2936=ORIENTED_EDGE('',*,*,#2114,.T.);
#2937=ORIENTED_EDGE('',*,*,#2184,.F.);
#2938=ORIENTED_EDGE('',*,*,#2165,.T.);
#2939=ORIENTED_EDGE('',*,*,#2184,.T.);
#2940=ORIENTED_EDGE('',*,*,#2113,.T.);
#2941=ORIENTED_EDGE('',*,*,#2185,.F.);
#2942=ORIENTED_EDGE('',*,*,#2166,.T.);
#2943=ORIENTED_EDGE('',*,*,#2185,.T.);
#2944=ORIENTED_EDGE('',*,*,#2112,.T.);
#2945=ORIENTED_EDGE('',*,*,#2186,.F.);
#2946=ORIENTED_EDGE('',*,*,#2167,.T.);
#2947=ORIENTED_EDGE('',*,*,#2186,.T.);
#2948=ORIENTED_EDGE('',*,*,#2111,.T.);
#2949=ORIENTED_EDGE('',*,*,#2187,.F.);
#2950=ORIENTED_EDGE('',*,*,#2168,.T.);
#2951=ORIENTED_EDGE('',*,*,#2187,.T.);
#2952=ORIENTED_EDGE('',*,*,#2110,.T.);
#2953=ORIENTED_EDGE('',*,*,#2188,.F.);
#2954=ORIENTED_EDGE('',*,*,#2169,.T.);
#2955=ORIENTED_EDGE('',*,*,#2188,.T.);
#2956=ORIENTED_EDGE('',*,*,#2109,.T.);
#2957=ORIENTED_EDGE('',*,*,#2189,.F.);
#2958=ORIENTED_EDGE('',*,*,#2170,.T.);
#2959=ORIENTED_EDGE('',*,*,#2189,.T.);
#2960=ORIENTED_EDGE('',*,*,#2108,.T.);
#2961=ORIENTED_EDGE('',*,*,#2190,.F.);
#2962=ORIENTED_EDGE('',*,*,#2171,.T.);
#2963=ORIENTED_EDGE('',*,*,#2190,.T.);
#2964=ORIENTED_EDGE('',*,*,#2107,.T.);
#2965=ORIENTED_EDGE('',*,*,#2191,.F.);
#2966=ORIENTED_EDGE('',*,*,#2172,.T.);
#2967=ORIENTED_EDGE('',*,*,#2191,.T.);
#2968=ORIENTED_EDGE('',*,*,#2106,.T.);
#2969=ORIENTED_EDGE('',*,*,#2192,.F.);
#2970=ORIENTED_EDGE('',*,*,#2173,.T.);
#2971=ORIENTED_EDGE('',*,*,#2192,.T.);
#2972=ORIENTED_EDGE('',*,*,#2105,.T.);
#2973=ORIENTED_EDGE('',*,*,#2193,.F.);
#2974=ORIENTED_EDGE('',*,*,#2174,.T.);
#2975=ORIENTED_EDGE('',*,*,#2193,.T.);
#2976=ORIENTED_EDGE('',*,*,#2104,.T.);
#2977=ORIENTED_EDGE('',*,*,#2194,.F.);
#2978=ORIENTED_EDGE('',*,*,#2175,.T.);
#2979=ORIENTED_EDGE('',*,*,#2194,.T.);
#2980=ORIENTED_EDGE('',*,*,#2103,.T.);
#2981=ORIENTED_EDGE('',*,*,#2195,.F.);
#2982=ORIENTED_EDGE('',*,*,#2176,.T.);
#2983=ORIENTED_EDGE('',*,*,#2195,.T.);
#2984=ORIENTED_EDGE('',*,*,#2102,.T.);
#2985=ORIENTED_EDGE('',*,*,#2196,.F.);
#2986=ORIENTED_EDGE('',*,*,#2177,.T.);
#2987=ORIENTED_EDGE('',*,*,#2196,.T.);
#2988=ORIENTED_EDGE('',*,*,#2101,.T.);
#2989=ORIENTED_EDGE('',*,*,#2197,.F.);
#2990=ORIENTED_EDGE('',*,*,#2158,.T.);
#2991=ORIENTED_EDGE('',*,*,#2197,.T.);
#2992=ORIENTED_EDGE('',*,*,#2100,.T.);
#2993=ORIENTED_EDGE('',*,*,#2178,.F.);
#2994=ORIENTED_EDGE('',*,*,#2149,.F.);
#2995=ORIENTED_EDGE('',*,*,#2198,.T.);
#2996=ORIENTED_EDGE('',*,*,#2121,.T.);
#2997=ORIENTED_EDGE('',*,*,#2199,.F.);
#2998=ORIENTED_EDGE('',*,*,#2150,.F.);
#2999=ORIENTED_EDGE('',*,*,#2199,.T.);
#3000=ORIENTED_EDGE('',*,*,#2120,.T.);
#3001=ORIENTED_EDGE('',*,*,#2200,.F.);
#3002=ORIENTED_EDGE('',*,*,#2151,.F.);
#3003=ORIENTED_EDGE('',*,*,#2200,.T.);
#3004=ORIENTED_EDGE('',*,*,#2119,.T.);
#3005=ORIENTED_EDGE('',*,*,#2201,.F.);
#3006=ORIENTED_EDGE('',*,*,#2152,.F.);
#3007=ORIENTED_EDGE('',*,*,#2201,.T.);
#3008=ORIENTED_EDGE('',*,*,#2118,.T.);
#3009=ORIENTED_EDGE('',*,*,#2202,.F.);
#3010=ORIENTED_EDGE('',*,*,#2153,.F.);
#3011=ORIENTED_EDGE('',*,*,#2202,.T.);
#3012=ORIENTED_EDGE('',*,*,#2117,.T.);
#3013=ORIENTED_EDGE('',*,*,#2203,.F.);
#3014=ORIENTED_EDGE('',*,*,#2154,.F.);
#3015=ORIENTED_EDGE('',*,*,#2203,.T.);
#3016=ORIENTED_EDGE('',*,*,#2116,.T.);
#3017=ORIENTED_EDGE('',*,*,#2204,.F.);
#3018=ORIENTED_EDGE('',*,*,#2155,.F.);
#3019=ORIENTED_EDGE('',*,*,#2204,.T.);
#3020=ORIENTED_EDGE('',*,*,#2135,.T.);
#3021=ORIENTED_EDGE('',*,*,#2205,.F.);
#3022=ORIENTED_EDGE('',*,*,#2156,.F.);
#3023=ORIENTED_EDGE('',*,*,#2205,.T.);
#3024=ORIENTED_EDGE('',*,*,#2134,.T.);
#3025=ORIENTED_EDGE('',*,*,#2206,.F.);
#3026=ORIENTED_EDGE('',*,*,#2157,.F.);
#3027=ORIENTED_EDGE('',*,*,#2206,.T.);
#3028=ORIENTED_EDGE('',*,*,#2133,.T.);
#3029=ORIENTED_EDGE('',*,*,#2207,.F.);
#3030=ORIENTED_EDGE('',*,*,#2138,.F.);
#3031=ORIENTED_EDGE('',*,*,#2207,.T.);
#3032=ORIENTED_EDGE('',*,*,#2132,.T.);
#3033=ORIENTED_EDGE('',*,*,#2208,.F.);
#3034=ORIENTED_EDGE('',*,*,#2139,.F.);
#3035=ORIENTED_EDGE('',*,*,#2208,.T.);
#3036=ORIENTED_EDGE('',*,*,#2131,.T.);
#3037=ORIENTED_EDGE('',*,*,#2209,.F.);
#3038=ORIENTED_EDGE('',*,*,#2140,.F.);
#3039=ORIENTED_EDGE('',*,*,#2209,.T.);
#3040=ORIENTED_EDGE('',*,*,#2130,.T.);
#3041=ORIENTED_EDGE('',*,*,#2210,.F.);
#3042=ORIENTED_EDGE('',*,*,#2141,.F.);
#3043=ORIENTED_EDGE('',*,*,#2210,.T.);
#3044=ORIENTED_EDGE('',*,*,#2129,.T.);
#3045=ORIENTED_EDGE('',*,*,#2211,.F.);
#3046=ORIENTED_EDGE('',*,*,#2142,.F.);
#3047=ORIENTED_EDGE('',*,*,#2211,.T.);
#3048=ORIENTED_EDGE('',*,*,#2128,.T.);
#3049=ORIENTED_EDGE('',*,*,#2212,.F.);
#3050=ORIENTED_EDGE('',*,*,#2143,.F.);
#3051=ORIENTED_EDGE('',*,*,#2212,.T.);
#3052=ORIENTED_EDGE('',*,*,#2127,.T.);
#3053=ORIENTED_EDGE('',*,*,#2213,.F.);
#3054=ORIENTED_EDGE('',*,*,#2144,.F.);
#3055=ORIENTED_EDGE('',*,*,#2213,.T.);
#3056=ORIENTED_EDGE('',*,*,#2126,.T.);
#3057=ORIENTED_EDGE('',*,*,#2214,.F.);
#3058=ORIENTED_EDGE('',*,*,#2145,.F.);
#3059=ORIENTED_EDGE('',*,*,#2214,.T.);
#3060=ORIENTED_EDGE('',*,*,#2125,.T.);
#3061=ORIENTED_EDGE('',*,*,#2215,.F.);
#3062=ORIENTED_EDGE('',*,*,#2146,.F.);
#3063=ORIENTED_EDGE('',*,*,#2215,.T.);
#3064=ORIENTED_EDGE('',*,*,#2124,.T.);
#3065=ORIENTED_EDGE('',*,*,#2216,.F.);
#3066=ORIENTED_EDGE('',*,*,#2147,.F.);
#3067=ORIENTED_EDGE('',*,*,#2216,.T.);
#3068=ORIENTED_EDGE('',*,*,#2123,.T.);
#3069=ORIENTED_EDGE('',*,*,#2217,.F.);
#3070=ORIENTED_EDGE('',*,*,#2148,.F.);
#3071=ORIENTED_EDGE('',*,*,#2217,.T.);
#3072=ORIENTED_EDGE('',*,*,#2122,.T.);
#3073=ORIENTED_EDGE('',*,*,#2198,.F.);
#3074=ORIENTED_EDGE('',*,*,#2094,.F.);
#3075=ORIENTED_EDGE('',*,*,#2090,.F.);
#3076=ORIENTED_EDGE('',*,*,#2049,.T.);
#3077=ORIENTED_EDGE('',*,*,#2218,.T.);
#3078=ORIENTED_EDGE('',*,*,#2219,.T.);
#3079=ORIENTED_EDGE('',*,*,#2220,.T.);
#3080=ORIENTED_EDGE('',*,*,#2218,.F.);
#3081=ORIENTED_EDGE('',*,*,#2028,.T.);
#3082=ORIENTED_EDGE('',*,*,#2087,.F.);
#3083=ORIENTED_EDGE('',*,*,#2085,.T.);
#3084=ORIENTED_EDGE('',*,*,#2136,.F.);
#3085=ORIENTED_EDGE('',*,*,#2221,.T.);
#3086=ORIENTED_EDGE('',*,*,#2079,.T.);
#3087=ORIENTED_EDGE('',*,*,#2219,.F.);
#3088=ORIENTED_EDGE('',*,*,#2220,.F.);
#3089=ORIENTED_EDGE('',*,*,#2086,.F.);
#3090=ORIENTED_EDGE('',*,*,#2095,.F.);
#3091=ORIENTED_EDGE('',*,*,#2137,.F.);
#3092=ORIENTED_EDGE('',*,*,#2092,.F.);
#3093=ORIENTED_EDGE('',*,*,#2033,.T.);
#3094=ORIENTED_EDGE('',*,*,#2222,.T.);
#3095=ORIENTED_EDGE('',*,*,#2057,.T.);
#3096=ORIENTED_EDGE('',*,*,#2221,.F.);
#3097=ORIENTED_EDGE('',*,*,#2222,.F.);
#3098=ORIENTED_EDGE('',*,*,#2080,.T.);
#3099=ORIENTED_EDGE('',*,*,#1901,.F.);
#3100=ORIENTED_EDGE('',*,*,#1867,.T.);
#3101=ORIENTED_EDGE('',*,*,#1815,.F.);
#3102=ORIENTED_EDGE('',*,*,#1871,.T.);
#3103=ORIENTED_EDGE('',*,*,#1947,.F.);
#3104=ORIENTED_EDGE('',*,*,#1973,.F.);
#3105=ORIENTED_EDGE('',*,*,#1872,.T.);
#3106=ORIENTED_EDGE('',*,*,#1812,.F.);
#3107=ORIENTED_EDGE('',*,*,#1837,.F.);
#3108=ORIENTED_EDGE('',*,*,#2004,.T.);
#3109=ORIENTED_EDGE('',*,*,#2073,.F.);
#3110=ORIENTED_EDGE('',*,*,#2076,.F.);
#3111=ORIENTED_EDGE('',*,*,#1825,.F.);
#3112=ORIENTED_EDGE('',*,*,#1880,.F.);
#3113=ORIENTED_EDGE('',*,*,#1983,.F.);
#3114=ORIENTED_EDGE('',*,*,#1986,.F.);
#3115=ORIENTED_EDGE('',*,*,#2066,.T.);
#3116=ORIENTED_EDGE('',*,*,#1992,.T.);
#3117=ORIENTED_EDGE('',*,*,#1831,.F.);
#3118=ORIENTED_EDGE('',*,*,#2062,.F.);
#3119=ORIENTED_EDGE('',*,*,#2069,.F.);
#3120=ORIENTED_EDGE('',*,*,#2071,.F.);
#3121=ORIENTED_EDGE('',*,*,#1981,.T.);
#3122=ORIENTED_EDGE('',*,*,#1918,.F.);
#3123=ORIENTED_EDGE('',*,*,#1877,.F.);
#3124=ORIENTED_EDGE('',*,*,#1822,.F.);
#3125=CYLINDRICAL_SURFACE('',#3356,11.5);
#3126=ADVANCED_FACE('',(#236),#3125,.F.);
#3127=ADVANCED_FACE('',(#237,#15),#21,.T.);
#3128=ADVANCED_FACE('',(#238),#22,.T.);
#3129=ADVANCED_FACE('',(#239),#23,.T.);
#3130=ADVANCED_FACE('',(#240),#24,.T.);
#3131=ADVANCED_FACE('',(#241),#25,.T.);
#3132=ADVANCED_FACE('',(#242),#26,.T.);
#3133=ADVANCED_FACE('',(#243),#27,.T.);
#3134=ADVANCED_FACE('',(#244),#28,.T.);
#3135=ADVANCED_FACE('',(#245),#29,.T.);
#3136=ADVANCED_FACE('',(#246),#30,.T.);
#3137=ADVANCED_FACE('',(#247),#31,.T.);
#3138=ADVANCED_FACE('',(#248),#32,.T.);
#3139=ADVANCED_FACE('',(#249),#33,.T.);
#3140=ADVANCED_FACE('',(#250),#34,.T.);
#3141=ADVANCED_FACE('',(#251),#35,.T.);
#3142=ADVANCED_FACE('',(#252),#36,.T.);
#3143=ADVANCED_FACE('',(#253),#37,.T.);
#3144=ADVANCED_FACE('',(#254),#38,.T.);
#3145=ADVANCED_FACE('',(#255),#39,.T.);
#3146=ADVANCED_FACE('',(#256),#40,.T.);
#3147=ADVANCED_FACE('',(#257),#41,.T.);
#3148=ADVANCED_FACE('',(#258),#42,.T.);
#3149=ADVANCED_FACE('',(#259),#43,.T.);
#3150=ADVANCED_FACE('',(#260),#44,.T.);
#3151=ADVANCED_FACE('',(#261),#45,.T.);
#3152=ADVANCED_FACE('',(#262),#46,.T.);
#3153=ADVANCED_FACE('',(#263),#47,.T.);
#3154=ADVANCED_FACE('',(#264),#48,.T.);
#3155=ADVANCED_FACE('',(#265),#49,.T.);
#3156=ADVANCED_FACE('',(#266),#50,.T.);
#3157=ADVANCED_FACE('',(#267),#51,.T.);
#3158=ADVANCED_FACE('',(#268),#52,.T.);
#3159=ADVANCED_FACE('',(#269),#53,.T.);
#3160=ADVANCED_FACE('',(#270),#54,.T.);
#3161=ADVANCED_FACE('',(#271),#55,.T.);
#3162=ADVANCED_FACE('',(#272),#56,.T.);
#3163=ADVANCED_FACE('',(#273),#57,.T.);
#3164=ADVANCED_FACE('',(#274),#58,.T.);
#3165=ADVANCED_FACE('',(#275),#59,.T.);
#3166=ADVANCED_FACE('',(#276),#60,.T.);
#3167=ADVANCED_FACE('',(#277),#61,.T.);
#3168=ADVANCED_FACE('',(#278),#62,.T.);
#3169=ADVANCED_FACE('',(#279),#63,.T.);
#3170=ADVANCED_FACE('',(#280),#64,.T.);
#3171=ADVANCED_FACE('',(#281),#65,.T.);
#3172=ADVANCED_FACE('',(#282),#66,.T.);
#3173=ADVANCED_FACE('',(#283),#67,.T.);
#3174=ADVANCED_FACE('',(#284),#68,.T.);
#3175=ADVANCED_FACE('',(#285),#69,.T.);
#3176=ADVANCED_FACE('',(#286),#70,.T.);
#3177=ADVANCED_FACE('',(#287),#71,.T.);
#3178=ADVANCED_FACE('',(#288),#72,.T.);
#3179=ADVANCED_FACE('',(#289),#73,.T.);
#3180=ADVANCED_FACE('',(#290),#74,.T.);
#3181=ADVANCED_FACE('',(#291),#75,.T.);
#3182=ADVANCED_FACE('',(#292),#76,.T.);
#3183=ADVANCED_FACE('',(#293),#77,.T.);
#3184=ADVANCED_FACE('',(#294),#78,.T.);
#3185=ADVANCED_FACE('',(#295),#79,.T.);
#3186=ADVANCED_FACE('',(#296),#80,.T.);
#3187=ADVANCED_FACE('',(#297),#81,.T.);
#3188=ADVANCED_FACE('',(#298),#82,.T.);
#3189=ADVANCED_FACE('',(#299),#83,.T.);
#3190=ADVANCED_FACE('',(#300),#84,.T.);
#3191=ADVANCED_FACE('',(#301),#85,.T.);
#3192=ADVANCED_FACE('',(#302),#86,.T.);
#3193=ADVANCED_FACE('',(#303),#87,.T.);
#3194=ADVANCED_FACE('',(#304),#88,.T.);
#3195=ADVANCED_FACE('',(#305),#89,.T.);
#3196=ADVANCED_FACE('',(#306),#90,.T.);
#3197=ADVANCED_FACE('',(#307),#91,.T.);
#3198=ADVANCED_FACE('',(#308),#92,.T.);
#3199=ADVANCED_FACE('',(#309),#93,.T.);
#3200=ADVANCED_FACE('',(#310),#94,.T.);
#3201=ADVANCED_FACE('',(#311),#95,.T.);
#3202=ADVANCED_FACE('',(#312),#96,.T.);
#3203=ADVANCED_FACE('',(#313),#97,.T.);
#3204=ADVANCED_FACE('',(#314),#98,.T.);
#3205=ADVANCED_FACE('',(#315),#99,.T.);
#3206=ADVANCED_FACE('',(#316),#100,.T.);
#3207=ADVANCED_FACE('',(#317),#101,.T.);
#3208=ADVANCED_FACE('',(#318),#102,.T.);
#3209=ADVANCED_FACE('',(#319),#103,.T.);
#3210=ADVANCED_FACE('',(#320),#104,.T.);
#3211=ADVANCED_FACE('',(#321),#105,.T.);
#3212=ADVANCED_FACE('',(#322),#106,.T.);
#3213=ADVANCED_FACE('',(#323),#107,.T.);
#3214=ADVANCED_FACE('',(#324),#108,.T.);
#3215=ADVANCED_FACE('',(#325),#109,.T.);
#3216=ADVANCED_FACE('',(#326),#110,.T.);
#3217=ADVANCED_FACE('',(#327),#111,.T.);
#3218=ADVANCED_FACE('',(#328),#112,.T.);
#3219=ADVANCED_FACE('',(#329),#113,.T.);
#3220=ADVANCED_FACE('',(#330),#114,.T.);
#3221=ADVANCED_FACE('',(#331),#115,.T.);
#3222=ADVANCED_FACE('',(#332),#116,.T.);
#3223=ADVANCED_FACE('',(#333),#117,.T.);
#3224=ADVANCED_FACE('',(#334),#118,.T.);
#3225=ADVANCED_FACE('',(#335),#119,.T.);
#3226=ADVANCED_FACE('',(#336),#120,.T.);
#3227=ADVANCED_FACE('',(#337),#121,.T.);
#3228=ADVANCED_FACE('',(#338),#122,.T.);
#3229=ADVANCED_FACE('',(#339),#123,.T.);
#3230=ADVANCED_FACE('',(#340),#124,.T.);
#3231=ADVANCED_FACE('',(#341),#125,.T.);
#3232=ADVANCED_FACE('',(#342),#126,.T.);
#3233=ADVANCED_FACE('',(#343),#127,.T.);
#3234=ADVANCED_FACE('',(#344),#128,.T.);
#3235=ADVANCED_FACE('',(#345),#129,.T.);
#3236=ADVANCED_FACE('',(#346),#130,.T.);
#3237=ADVANCED_FACE('',(#347),#131,.T.);
#3238=ADVANCED_FACE('',(#348),#132,.T.);
#3239=ADVANCED_FACE('',(#349),#133,.T.);
#3240=ADVANCED_FACE('',(#350),#134,.T.);
#3241=ADVANCED_FACE('',(#351),#135,.T.);
#3242=ADVANCED_FACE('',(#352),#136,.T.);
#3243=ADVANCED_FACE('',(#353),#137,.T.);
#3244=ADVANCED_FACE('',(#354),#138,.T.);
#3245=ADVANCED_FACE('',(#355),#139,.T.);
#3246=ADVANCED_FACE('',(#356),#140,.T.);
#3247=ADVANCED_FACE('',(#357),#141,.T.);
#3248=ADVANCED_FACE('',(#358),#142,.T.);
#3249=ADVANCED_FACE('',(#359),#143,.T.);
#3250=ADVANCED_FACE('',(#360),#144,.T.);
#3251=ADVANCED_FACE('',(#361),#145,.T.);
#3252=ADVANCED_FACE('',(#362),#146,.T.);
#3253=ADVANCED_FACE('',(#363),#147,.T.);
#3254=ADVANCED_FACE('',(#364),#148,.T.);
#3255=ADVANCED_FACE('',(#365),#149,.T.);
#3256=ADVANCED_FACE('',(#366),#150,.T.);
#3257=ADVANCED_FACE('',(#367),#151,.T.);
#3258=ADVANCED_FACE('',(#368),#152,.T.);
#3259=ADVANCED_FACE('',(#369),#153,.T.);
#3260=ADVANCED_FACE('',(#370),#154,.T.);
#3261=ADVANCED_FACE('',(#371),#155,.T.);
#3262=ADVANCED_FACE('',(#372),#156,.T.);
#3263=ADVANCED_FACE('',(#373),#157,.T.);
#3264=ADVANCED_FACE('',(#374),#158,.T.);
#3265=ADVANCED_FACE('',(#375),#159,.T.);
#3266=ADVANCED_FACE('',(#376),#160,.T.);
#3267=ADVANCED_FACE('',(#377),#161,.T.);
#3268=ADVANCED_FACE('',(#378),#162,.T.);
#3269=ADVANCED_FACE('',(#379),#163,.T.);
#3270=ADVANCED_FACE('',(#380),#164,.T.);
#3271=ADVANCED_FACE('',(#381),#165,.T.);
#3272=ADVANCED_FACE('',(#382),#166,.T.);
#3273=ADVANCED_FACE('',(#383),#167,.T.);
#3274=ADVANCED_FACE('',(#384),#168,.T.);
#3275=ADVANCED_FACE('',(#385),#169,.T.);
#3276=ADVANCED_FACE('',(#386),#170,.T.);
#3277=ADVANCED_FACE('',(#387),#171,.T.);
#3278=ADVANCED_FACE('',(#388),#172,.T.);
#3279=ADVANCED_FACE('',(#389),#173,.T.);
#3280=ADVANCED_FACE('',(#390),#174,.T.);
#3281=ADVANCED_FACE('',(#391),#175,.T.);
#3282=ADVANCED_FACE('',(#392),#176,.T.);
#3283=ADVANCED_FACE('',(#393),#177,.T.);
#3284=ADVANCED_FACE('',(#394),#178,.T.);
#3285=ADVANCED_FACE('',(#395),#179,.T.);
#3286=ADVANCED_FACE('',(#396),#180,.T.);
#3287=ADVANCED_FACE('',(#397),#181,.T.);
#3288=ADVANCED_FACE('',(#398),#182,.T.);
#3289=ADVANCED_FACE('',(#399),#183,.T.);
#3290=ADVANCED_FACE('',(#400,#16,#17),#184,.T.);
#3291=ADVANCED_FACE('',(#401,#18,#19),#185,.T.);
#3292=ADVANCED_FACE('',(#402),#186,.T.);
#3293=ADVANCED_FACE('',(#403),#187,.T.);
#3294=ADVANCED_FACE('',(#404),#188,.T.);
#3295=ADVANCED_FACE('',(#405),#189,.T.);
#3296=ADVANCED_FACE('',(#406),#190,.T.);
#3297=ADVANCED_FACE('',(#407),#191,.T.);
#3298=ADVANCED_FACE('',(#408),#192,.T.);
#3299=ADVANCED_FACE('',(#409),#193,.T.);
#3300=ADVANCED_FACE('',(#410),#194,.T.);
#3301=ADVANCED_FACE('',(#411),#195,.T.);
#3302=ADVANCED_FACE('',(#412),#196,.T.);
#3303=ADVANCED_FACE('',(#413),#197,.T.);
#3304=ADVANCED_FACE('',(#414),#198,.T.);
#3305=ADVANCED_FACE('',(#415),#199,.T.);
#3306=ADVANCED_FACE('',(#416),#200,.T.);
#3307=ADVANCED_FACE('',(#417),#201,.T.);
#3308=ADVANCED_FACE('',(#418),#202,.T.);
#3309=ADVANCED_FACE('',(#419),#203,.T.);
#3310=ADVANCED_FACE('',(#420),#204,.T.);
#3311=ADVANCED_FACE('',(#421),#205,.T.);
#3312=ADVANCED_FACE('',(#422),#206,.T.);
#3313=ADVANCED_FACE('',(#423),#207,.T.);
#3314=ADVANCED_FACE('',(#424),#208,.T.);
#3315=ADVANCED_FACE('',(#425),#209,.T.);
#3316=ADVANCED_FACE('',(#426),#210,.T.);
#3317=ADVANCED_FACE('',(#427),#211,.T.);
#3318=ADVANCED_FACE('',(#428),#212,.T.);
#3319=ADVANCED_FACE('',(#429),#213,.T.);
#3320=ADVANCED_FACE('',(#430),#214,.T.);
#3321=ADVANCED_FACE('',(#431),#215,.T.);
#3322=ADVANCED_FACE('',(#432),#216,.T.);
#3323=ADVANCED_FACE('',(#433),#217,.T.);
#3324=ADVANCED_FACE('',(#434),#218,.T.);
#3325=ADVANCED_FACE('',(#435),#219,.T.);
#3326=ADVANCED_FACE('',(#436),#220,.T.);
#3327=ADVANCED_FACE('',(#437),#221,.T.);
#3328=ADVANCED_FACE('',(#438),#222,.T.);
#3329=ADVANCED_FACE('',(#439),#223,.T.);
#3330=ADVANCED_FACE('',(#440),#224,.T.);
#3331=ADVANCED_FACE('',(#441),#225,.T.);
#3332=ADVANCED_FACE('',(#442),#226,.T.);
#3333=ADVANCED_FACE('',(#443),#227,.T.);
#3334=ADVANCED_FACE('',(#444,#20),#228,.T.);
#3335=ADVANCED_FACE('',(#445),#229,.T.);
#3336=ADVANCED_FACE('',(#446),#230,.T.);
#3337=ADVANCED_FACE('',(#447),#231,.T.);
#3338=ADVANCED_FACE('',(#448),#232,.T.);
#3339=ADVANCED_FACE('',(#449),#233,.T.);
#3340=ADVANCED_FACE('',(#450),#234,.T.);
#3341=ADVANCED_FACE('',(#451),#235,.T.);
#3342=CLOSED_SHELL('',(#3126,#3127,#3128,#3129,#3130,#3131,#3132,#3133,
#3134,#3135,#3136,#3137,#3138,#3139,#3140,#3141,#3142,#3143,#3144,#3145,
#3146,#3147,#3148,#3149,#3150,#3151,#3152,#3153,#3154,#3155,#3156,#3157,
#3158,#3159,#3160,#3161,#3162,#3163,#3164,#3165,#3166,#3167,#3168,#3169,
#3170,#3171,#3172,#3173,#3174,#3175,#3176,#3177,#3178,#3179,#3180,#3181,
#3182,#3183,#3184,#3185,#3186,#3187,#3188,#3189,#3190,#3191,#3192,#3193,
#3194,#3195,#3196,#3197,#3198,#3199,#3200,#3201,#3202,#3203,#3204,#3205,
#3206,#3207,#3208,#3209,#3210,#3211,#3212,#3213,#3214,#3215,#3216,#3217,
#3218,#3219,#3220,#3221,#3222,#3223,#3224,#3225,#3226,#3227,#3228,#3229,
#3230,#3231,#3232,#3233,#3234,#3235,#3236,#3237,#3238,#3239,#3240,#3241,
#3242,#3243,#3244,#3245,#3246,#3247,#3248,#3249,#3250,#3251,#3252,#3253,
#3254,#3255,#3256,#3257,#3258,#3259,#3260,#3261,#3262,#3263,#3264,#3265,
#3266,#3267,#3268,#3269,#3270,#3271,#3272,#3273,#3274,#3275,#3276,#3277,
#3278,#3279,#3280,#3281,#3282,#3283,#3284,#3285,#3286,#3287,#3288,#3289,
#3290,#3291,#3292,#3293,#3294,#3295,#3296,#3297,#3298,#3299,#3300,#3301,
#3302,#3303,#3304,#3305,#3306,#3307,#3308,#3309,#3310,#3311,#3312,#3313,
#3314,#3315,#3316,#3317,#3318,#3319,#3320,#3321,#3322,#3323,#3324,#3325,
#3326,#3327,#3328,#3329,#3330,#3331,#3332,#3333,#3334,#3335,#3336,#3337,
#3338,#3339,#3340,#3341));
#3343=DERIVED_UNIT_ELEMENT(#3345,1.);
#3344=DERIVED_UNIT_ELEMENT(#5443,-3.);
#3345=(
MASS_UNIT()
NAMED_UNIT(*)
SI_UNIT(.KILO.,.GRAM.)
);
#3346=DERIVED_UNIT((#3343,#3344));
#3347=MEASURE_REPRESENTATION_ITEM('density measure',
POSITIVE_RATIO_MEASURE(7850.),#3346);
#3348=PROPERTY_DEFINITION_REPRESENTATION(#3353,#3350);
#3349=PROPERTY_DEFINITION_REPRESENTATION(#3354,#3351);
#3350=REPRESENTATION('material name',(#3352),#5440);
#3351=REPRESENTATION('density',(#3347),#5440);
#3352=DESCRIPTIVE_REPRESENTATION_ITEM('Steel','Steel');
#3353=PROPERTY_DEFINITION('material property','material name',#5450);
#3354=PROPERTY_DEFINITION('material property','density of part',#5450);
#3355=AXIS2_PLACEMENT_3D('',#4535,#3611,#3612);
#3356=AXIS2_PLACEMENT_3D('',#4536,#3613,#3614);
#3357=AXIS2_PLACEMENT_3D('',#4538,#3615,#3616);
#3358=AXIS2_PLACEMENT_3D('',#4542,#3618,#3619);
#3359=AXIS2_PLACEMENT_3D('',#4544,#3620,#3621);
#3360=AXIS2_PLACEMENT_3D('',#4546,#3622,#3623);
#3361=AXIS2_PLACEMENT_3D('',#4548,#3624,#3625);
#3362=AXIS2_PLACEMENT_3D('',#4550,#3626,#3627);
#3363=AXIS2_PLACEMENT_3D('',#4552,#3628,#3629);
#3364=AXIS2_PLACEMENT_3D('',#4554,#3630,#3631);
#3365=AXIS2_PLACEMENT_3D('',#4556,#3632,#3633);
#3366=AXIS2_PLACEMENT_3D('',#4558,#3634,#3635);
#3367=AXIS2_PLACEMENT_3D('',#4560,#3636,#3637);
#3368=AXIS2_PLACEMENT_3D('',#4562,#3638,#3639);
#3369=AXIS2_PLACEMENT_3D('',#4564,#3640,#3641);
#3370=AXIS2_PLACEMENT_3D('',#4566,#3642,#3643);
#3371=AXIS2_PLACEMENT_3D('',#4568,#3644,#3645);
#3372=AXIS2_PLACEMENT_3D('',#4570,#3646,#3647);
#3373=AXIS2_PLACEMENT_3D('',#4572,#3648,#3649);
#3374=AXIS2_PLACEMENT_3D('',#4574,#3650,#3651);
#3375=AXIS2_PLACEMENT_3D('',#4576,#3652,#3653);
#3376=AXIS2_PLACEMENT_3D('',#4578,#3654,#3655);
#3377=AXIS2_PLACEMENT_3D('',#4580,#3656,#3657);
#3378=AXIS2_PLACEMENT_3D('',#4582,#3658,#3659);
#3379=AXIS2_PLACEMENT_3D('',#4584,#3660,#3661);
#3380=AXIS2_PLACEMENT_3D('',#4586,#3662,#3663);
#3381=AXIS2_PLACEMENT_3D('',#4588,#3664,#3665);
#3382=AXIS2_PLACEMENT_3D('',#4590,#3666,#3667);
#3383=AXIS2_PLACEMENT_3D('',#4592,#3668,#3669);
#3384=AXIS2_PLACEMENT_3D('',#4594,#3670,#3671);
#3385=AXIS2_PLACEMENT_3D('',#4596,#3672,#3673);
#3386=AXIS2_PLACEMENT_3D('',#4598,#3674,#3675);
#3387=AXIS2_PLACEMENT_3D('',#4600,#3676,#3677);
#3388=AXIS2_PLACEMENT_3D('',#4602,#3678,#3679);
#3389=AXIS2_PLACEMENT_3D('',#4604,#3680,#3681);
#3390=AXIS2_PLACEMENT_3D('',#4606,#3682,#3683);
#3391=AXIS2_PLACEMENT_3D('',#4608,#3684,#3685);
#3392=AXIS2_PLACEMENT_3D('',#4610,#3686,#3687);
#3393=AXIS2_PLACEMENT_3D('',#4612,#3688,#3689);
#3394=AXIS2_PLACEMENT_3D('',#4614,#3690,#3691);
#3395=AXIS2_PLACEMENT_3D('',#4615,#3692,#3693);
#3396=AXIS2_PLACEMENT_3D('',#4616,#3694,#3695);
#3397=AXIS2_PLACEMENT_3D('',#4669,#3722,#3723);
#3398=AXIS2_PLACEMENT_3D('',#4673,#3726,#3727);
#3399=AXIS2_PLACEMENT_3D('',#4679,#3731,#3732);
#3400=AXIS2_PLACEMENT_3D('',#4681,#3734,#3735);
#3401=AXIS2_PLACEMENT_3D('',#4685,#3738,#3739);
#3402=AXIS2_PLACEMENT_3D('',#4687,#3741,#3742);
#3403=AXIS2_PLACEMENT_3D('',#4691,#3745,#3746);
#3404=AXIS2_PLACEMENT_3D('',#4693,#3748,#3749);
#3405=AXIS2_PLACEMENT_3D('',#4697,#3752,#3753);
#3406=AXIS2_PLACEMENT_3D('',#4699,#3755,#3756);
#3407=AXIS2_PLACEMENT_3D('',#4703,#3759,#3760);
#3408=AXIS2_PLACEMENT_3D('',#4705,#3762,#3763);
#3409=AXIS2_PLACEMENT_3D('',#4709,#3766,#3767);
#3410=AXIS2_PLACEMENT_3D('',#4713,#3770,#3771);
#3411=AXIS2_PLACEMENT_3D('',#4715,#3773,#3774);
#3412=AXIS2_PLACEMENT_3D('',#4719,#3777,#3778);
#3413=AXIS2_PLACEMENT_3D('',#4723,#3781,#3782);
#3414=AXIS2_PLACEMENT_3D('',#4725,#3784,#3785);
#3415=AXIS2_PLACEMENT_3D('',#4729,#3788,#3789);
#3416=AXIS2_PLACEMENT_3D('',#4733,#3792,#3793);
#3417=AXIS2_PLACEMENT_3D('',#4737,#3796,#3797);
#3418=AXIS2_PLACEMENT_3D('',#4739,#3799,#3800);
#3419=AXIS2_PLACEMENT_3D('',#4745,#3804,#3805);
#3420=AXIS2_PLACEMENT_3D('',#4751,#3809,#3810);
#3421=AXIS2_PLACEMENT_3D('',#4753,#3812,#3813);
#3422=AXIS2_PLACEMENT_3D('',#4755,#3815,#3816);
#3423=AXIS2_PLACEMENT_3D('',#4761,#3820,#3821);
#3424=AXIS2_PLACEMENT_3D('',#4765,#3824,#3825);
#3425=AXIS2_PLACEMENT_3D('',#4769,#3828,#3829);
#3426=AXIS2_PLACEMENT_3D('',#4775,#3833,#3834);
#3427=AXIS2_PLACEMENT_3D('',#4777,#3836,#3837);
#3428=AXIS2_PLACEMENT_3D('',#4781,#3840,#3841);
#3429=AXIS2_PLACEMENT_3D('',#4787,#3845,#3846);
#3430=AXIS2_PLACEMENT_3D('',#4789,#3848,#3849);
#3431=AXIS2_PLACEMENT_3D('',#4793,#3852,#3853);
#3432=AXIS2_PLACEMENT_3D('',#4799,#3857,#3858);
#3433=AXIS2_PLACEMENT_3D('',#4801,#3860,#3861);
#3434=AXIS2_PLACEMENT_3D('',#4805,#3864,#3865);
#3435=AXIS2_PLACEMENT_3D('',#4808,#3868,#3869);
#3436=AXIS2_PLACEMENT_3D('',#4810,#3871,#3872);
#3437=AXIS2_PLACEMENT_3D('',#4812,#3874,#3875);
#3438=AXIS2_PLACEMENT_3D('',#4815,#3878,#3879);
#3439=AXIS2_PLACEMENT_3D('',#4817,#3881,#3882);
#3440=AXIS2_PLACEMENT_3D('',#4819,#3884,#3885);
#3441=AXIS2_PLACEMENT_3D('',#4821,#3887,#3888);
#3442=AXIS2_PLACEMENT_3D('',#4823,#3890,#3891);
#3443=AXIS2_PLACEMENT_3D('',#4825,#3893,#3894);
#3444=AXIS2_PLACEMENT_3D('',#4830,#3898,#3899);
#3445=AXIS2_PLACEMENT_3D('',#4831,#3900,#3901);
#3446=AXIS2_PLACEMENT_3D('',#4833,#3903,#3904);
#3447=AXIS2_PLACEMENT_3D('',#4837,#3907,#3908);
#3448=AXIS2_PLACEMENT_3D('',#4841,#3911,#3912);
#3449=AXIS2_PLACEMENT_3D('',#4845,#3915,#3916);
#3450=AXIS2_PLACEMENT_3D('',#4850,#3920,#3921);
#3451=AXIS2_PLACEMENT_3D('',#4852,#3923,#3924);
#3452=AXIS2_PLACEMENT_3D('',#4856,#3927,#3928);
#3453=AXIS2_PLACEMENT_3D('',#4860,#3931,#3932);
#3454=AXIS2_PLACEMENT_3D('',#4863,#3935,#3936);
#3455=AXIS2_PLACEMENT_3D('',#4865,#3938,#3939);
#3456=AXIS2_PLACEMENT_3D('',#4869,#3942,#3943);
#3457=AXIS2_PLACEMENT_3D('',#4874,#3947,#3948);
#3458=AXIS2_PLACEMENT_3D('',#4876,#3950,#3951);
#3459=AXIS2_PLACEMENT_3D('',#4880,#3954,#3955);
#3460=AXIS2_PLACEMENT_3D('',#4884,#3958,#3959);
#3461=AXIS2_PLACEMENT_3D('',#4887,#3962,#3963);
#3462=AXIS2_PLACEMENT_3D('',#4890,#3966,#3967);
#3463=AXIS2_PLACEMENT_3D('',#4892,#3969,#3970);
#3464=AXIS2_PLACEMENT_3D('',#4896,#3973,#3974);
#3465=AXIS2_PLACEMENT_3D('',#4899,#3977,#3978);
#3466=AXIS2_PLACEMENT_3D('',#4900,#3979,#3980);
#3467=AXIS2_PLACEMENT_3D('',#4904,#3983,#3984);
#3468=AXIS2_PLACEMENT_3D('',#4908,#3987,#3988);
#3469=AXIS2_PLACEMENT_3D('',#4912,#3991,#3992);
#3470=AXIS2_PLACEMENT_3D('',#4916,#3995,#3996);
#3471=AXIS2_PLACEMENT_3D('',#4918,#3998,#3999);
#3472=AXIS2_PLACEMENT_3D('',#4921,#4002,#4003);
#3473=AXIS2_PLACEMENT_3D('',#4922,#4004,#4005);
#3474=AXIS2_PLACEMENT_3D('',#4923,#4006,#4007);
#3475=AXIS2_PLACEMENT_3D('',#4926,#4010,#4011);
#3476=AXIS2_PLACEMENT_3D('',#4928,#4013,#4014);
#3477=AXIS2_PLACEMENT_3D('',#4930,#4016,#4017);
#3478=AXIS2_PLACEMENT_3D('',#4932,#4019,#4020);
#3479=AXIS2_PLACEMENT_3D('',#4935,#4023,#4024);
#3480=AXIS2_PLACEMENT_3D('',#4938,#4027,#4028);
#3481=AXIS2_PLACEMENT_3D('',#4941,#4031,#4032);
#3482=AXIS2_PLACEMENT_3D('',#4942,#4033,#4034);
#3483=AXIS2_PLACEMENT_3D('',#4944,#4036,#4037);
#3484=AXIS2_PLACEMENT_3D('',#4947,#4040,#4041);
#3485=AXIS2_PLACEMENT_3D('',#4949,#4043,#4044);
#3486=AXIS2_PLACEMENT_3D('',#4950,#4045,#4046);
#3487=AXIS2_PLACEMENT_3D('',#4951,#4047,#4048);
#3488=AXIS2_PLACEMENT_3D('',#4957,#4052,#4053);
#3489=AXIS2_PLACEMENT_3D('',#4963,#4057,#4058);
#3490=AXIS2_PLACEMENT_3D('',#4969,#4062,#4063);
#3491=AXIS2_PLACEMENT_3D('',#4971,#4065,#4066);
#3492=AXIS2_PLACEMENT_3D('',#4975,#4069,#4070);
#3493=AXIS2_PLACEMENT_3D('',#4977,#4072,#4073);
#3494=AXIS2_PLACEMENT_3D('',#4979,#4075,#4076);
#3495=AXIS2_PLACEMENT_3D('',#4981,#4078,#4079);
#3496=AXIS2_PLACEMENT_3D('',#4985,#4082,#4083);
#3497=AXIS2_PLACEMENT_3D('',#4987,#4085,#4086);
#3498=AXIS2_PLACEMENT_3D('',#4991,#4089,#4090);
#3499=AXIS2_PLACEMENT_3D('',#4995,#4093,#4094);
#3500=AXIS2_PLACEMENT_3D('',#4998,#4097,#4098);
#3501=AXIS2_PLACEMENT_3D('',#5000,#4100,#4101);
#3502=AXIS2_PLACEMENT_3D('',#5007,#4105,#4106);
#3503=AXIS2_PLACEMENT_3D('',#5011,#4109,#4110);
#3504=AXIS2_PLACEMENT_3D('',#5017,#4114,#4115);
#3505=AXIS2_PLACEMENT_3D('',#5021,#4118,#4119);
#3506=AXIS2_PLACEMENT_3D('',#5024,#4122,#4123);
#3507=AXIS2_PLACEMENT_3D('',#5027,#4126,#4127);
#3508=AXIS2_PLACEMENT_3D('',#5030,#4130,#4131);
#3509=AXIS2_PLACEMENT_3D('',#5032,#4133,#4134);
#3510=AXIS2_PLACEMENT_3D('',#5033,#4135,#4136);
#3511=AXIS2_PLACEMENT_3D('',#5037,#4139,#4140);
#3512=AXIS2_PLACEMENT_3D('',#5041,#4143,#4144);
#3513=AXIS2_PLACEMENT_3D('',#5047,#4148,#4149);
#3514=AXIS2_PLACEMENT_3D('',#5051,#4152,#4153);
#3515=AXIS2_PLACEMENT_3D('',#5057,#4157,#4158);
#3516=AXIS2_PLACEMENT_3D('',#5059,#4160,#4161);
#3517=AXIS2_PLACEMENT_3D('',#5063,#4164,#4165);
#3518=AXIS2_PLACEMENT_3D('',#5067,#4168,#4169);
#3519=AXIS2_PLACEMENT_3D('',#5070,#4172,#4173);
#3520=AXIS2_PLACEMENT_3D('',#5074,#4176,#4177);
#3521=AXIS2_PLACEMENT_3D('',#5076,#4179,#4180);
#3522=AXIS2_PLACEMENT_3D('',#5078,#4182,#4183);
#3523=AXIS2_PLACEMENT_3D('',#5080,#4185,#4186);
#3524=AXIS2_PLACEMENT_3D('',#5084,#4189,#4190);
#3525=AXIS2_PLACEMENT_3D('',#5087,#4193,#4194);
#3526=AXIS2_PLACEMENT_3D('',#5090,#4197,#4198);
#3527=AXIS2_PLACEMENT_3D('',#5091,#4199,#4200);
#3528=AXIS2_PLACEMENT_3D('',#5093,#4202,#4203);
#3529=AXIS2_PLACEMENT_3D('',#5097,#4206,#4207);
#3530=AXIS2_PLACEMENT_3D('',#5099,#4209,#4210);
#3531=AXIS2_PLACEMENT_3D('',#5101,#4212,#4213);
#3532=AXIS2_PLACEMENT_3D('',#5103,#4215,#4216);
#3533=AXIS2_PLACEMENT_3D('',#5105,#4218,#4219);
#3534=AXIS2_PLACEMENT_3D('',#5109,#4222,#4223);
#3535=AXIS2_PLACEMENT_3D('',#5112,#4226,#4227);
#3536=AXIS2_PLACEMENT_3D('',#5113,#4228,#4229);
#3537=AXIS2_PLACEMENT_3D('',#5114,#4230,#4231);
#3538=AXIS2_PLACEMENT_3D('',#5115,#4232,#4233);
#3539=AXIS2_PLACEMENT_3D('',#5117,#4235,#4236);
#3540=AXIS2_PLACEMENT_3D('',#5119,#4238,#4239);
#3541=AXIS2_PLACEMENT_3D('',#5121,#4241,#4242);
#3542=AXIS2_PLACEMENT_3D('',#5125,#4245,#4246);
#3543=AXIS2_PLACEMENT_3D('',#5128,#4249,#4250);
#3544=AXIS2_PLACEMENT_3D('',#5129,#4251,#4252);
#3545=AXIS2_PLACEMENT_3D('',#5135,#4256,#4257);
#3546=AXIS2_PLACEMENT_3D('',#5138,#4260,#4261);
#3547=AXIS2_PLACEMENT_3D('',#5139,#4262,#4263);
#3548=AXIS2_PLACEMENT_3D('',#5141,#4265,#4266);
#3549=AXIS2_PLACEMENT_3D('',#5143,#4268,#4269);
#3550=AXIS2_PLACEMENT_3D('',#5144,#4270,#4271);
#3551=AXIS2_PLACEMENT_3D('',#5146,#4273,#4274);
#3552=AXIS2_PLACEMENT_3D('',#5148,#4276,#4277);
#3553=AXIS2_PLACEMENT_3D('',#5149,#4278,#4279);
#3554=AXIS2_PLACEMENT_3D('',#5150,#4280,#4281);
#3555=AXIS2_PLACEMENT_3D('',#5151,#4282,#4283);
#3556=AXIS2_PLACEMENT_3D('',#5153,#4285,#4286);
#3557=AXIS2_PLACEMENT_3D('',#5159,#4290,#4291);
#3558=AXIS2_PLACEMENT_3D('',#5167,#4296,#4297);
#3559=AXIS2_PLACEMENT_3D('',#5174,#4302,#4303);
#3560=AXIS2_PLACEMENT_3D('',#5258,#4346,#4347);
#3561=AXIS2_PLACEMENT_3D('',#5342,#4390,#4391);
#3562=AXIS2_PLACEMENT_3D('',#5345,#4394,#4395);
#3563=AXIS2_PLACEMENT_3D('',#5347,#4397,#4398);
#3564=AXIS2_PLACEMENT_3D('',#5349,#4400,#4401);
#3565=AXIS2_PLACEMENT_3D('',#5351,#4403,#4404);
#3566=AXIS2_PLACEMENT_3D('',#5353,#4406,#4407);
#3567=AXIS2_PLACEMENT_3D('',#5355,#4409,#4410);
#3568=AXIS2_PLACEMENT_3D('',#5357,#4412,#4413);
#3569=AXIS2_PLACEMENT_3D('',#5359,#4415,#4416);
#3570=AXIS2_PLACEMENT_3D('',#5361,#4418,#4419);
#3571=AXIS2_PLACEMENT_3D('',#5363,#4421,#4422);
#3572=AXIS2_PLACEMENT_3D('',#5365,#4424,#4425);
#3573=AXIS2_PLACEMENT_3D('',#5367,#4427,#4428);
#3574=AXIS2_PLACEMENT_3D('',#5369,#4430,#4431);
#3575=AXIS2_PLACEMENT_3D('',#5371,#4433,#4434);
#3576=AXIS2_PLACEMENT_3D('',#5373,#4436,#4437);
#3577=AXIS2_PLACEMENT_3D('',#5375,#4439,#4440);
#3578=AXIS2_PLACEMENT_3D('',#5377,#4442,#4443);
#3579=AXIS2_PLACEMENT_3D('',#5379,#4445,#4446);
#3580=AXIS2_PLACEMENT_3D('',#5381,#4448,#4449);
#3581=AXIS2_PLACEMENT_3D('',#5382,#4450,#4451);
#3582=AXIS2_PLACEMENT_3D('',#5385,#4454,#4455);
#3583=AXIS2_PLACEMENT_3D('',#5387,#4457,#4458);
#3584=AXIS2_PLACEMENT_3D('',#5389,#4460,#4461);
#3585=AXIS2_PLACEMENT_3D('',#5391,#4463,#4464);
#3586=AXIS2_PLACEMENT_3D('',#5393,#4466,#4467);
#3587=AXIS2_PLACEMENT_3D('',#5395,#4469,#4470);
#3588=AXIS2_PLACEMENT_3D('',#5397,#4472,#4473);
#3589=AXIS2_PLACEMENT_3D('',#5399,#4475,#4476);
#3590=AXIS2_PLACEMENT_3D('',#5401,#4478,#4479);
#3591=AXIS2_PLACEMENT_3D('',#5403,#4481,#4482);
#3592=AXIS2_PLACEMENT_3D('',#5405,#4484,#4485);
#3593=AXIS2_PLACEMENT_3D('',#5407,#4487,#4488);
#3594=AXIS2_PLACEMENT_3D('',#5409,#4490,#4491);
#3595=AXIS2_PLACEMENT_3D('',#5411,#4493,#4494);
#3596=AXIS2_PLACEMENT_3D('',#5413,#4496,#4497);
#3597=AXIS2_PLACEMENT_3D('',#5415,#4499,#4500);
#3598=AXIS2_PLACEMENT_3D('',#5417,#4502,#4503);
#3599=AXIS2_PLACEMENT_3D('',#5419,#4505,#4506);
#3600=AXIS2_PLACEMENT_3D('',#5421,#4508,#4509);
#3601=AXIS2_PLACEMENT_3D('',#5422,#4510,#4511);
#3602=AXIS2_PLACEMENT_3D('',#5426,#4514,#4515);
#3603=AXIS2_PLACEMENT_3D('',#5428,#4517,#4518);
#3604=AXIS2_PLACEMENT_3D('',#5430,#4520,#4521);
#3605=AXIS2_PLACEMENT_3D('',#5432,#4523,#4524);
#3606=AXIS2_PLACEMENT_3D('',#5433,#4525,#4526);
#3607=AXIS2_PLACEMENT_3D('',#5434,#4527,#4528);
#3608=AXIS2_PLACEMENT_3D('',#5435,#4529,#4530);
#3609=AXIS2_PLACEMENT_3D('',#5436,#4531,#4532);
#3610=AXIS2_PLACEMENT_3D('',#5437,#4533,#4534);
#3611=DIRECTION('axis',(0.,0.,1.));
#3612=DIRECTION('refdir',(1.,0.,0.));
#3613=DIRECTION('center_axis',(-0.707107173607939,0.,0.707106388764939));
#3614=DIRECTION('ref_axis',(0.,-1.,0.));
#3615=DIRECTION('center_axis',(-0.707107173607939,0.,0.707106388764939));
#3616=DIRECTION('ref_axis',(0.,-1.,0.));
#3617=DIRECTION('',(-0.707107173607939,0.,0.707106388764939));
#3618=DIRECTION('center_axis',(0.707106781186548,0.,-0.707106781186548));
#3619=DIRECTION('ref_axis',(0.707106781186548,0.,0.707106781186548));
#3620=DIRECTION('center_axis',(0.707107028619989,-2.06378432254297E-7,-0.707106533752989));
#3621=DIRECTION('ref_axis',(-1.45931669924976E-7,-0.999999999999979,1.45931507950308E-7));
#3622=DIRECTION('center_axis',(0.707106781186537,1.70646682587088E-7,-0.707106781186537));
#3623=DIRECTION('ref_axis',(0.707106781186548,0.,0.707106781186548));
#3624=DIRECTION('center_axis',(0.70710666634384,-7.48220463895831E-7,-0.70710689602884));
#3625=DIRECTION('ref_axis',(-5.29072057461138E-7,-0.99999999999972,5.29071470225544E-7));
#3626=DIRECTION('center_axis',(0.707106909701922,5.67418332813537E-7,-0.707106652670922));
#3627=DIRECTION('ref_axis',(4.01225573569137E-7,-0.999999999999839,-4.0122512823483E-7));
#3628=DIRECTION('center_axis',(0.707106691041022,-2.36910732411207E-7,-0.707106871332022));
#3629=DIRECTION('ref_axis',(0.707106871332042,0.,0.707106691041042));
#3630=DIRECTION('center_axis',(0.707106966896939,4.88064209155758E-7,-0.707106595475939));
#3631=DIRECTION('ref_axis',(3.45113703475337E-7,-0.999999999999881,-3.45113320421558E-7));
#3632=DIRECTION('center_axis',(0.707106724060045,0.,-0.707106838313045));
#3633=DIRECTION('ref_axis',(0.707106838313045,0.,0.707106724060045));
#3634=DIRECTION('center_axis',(0.707106966896939,-4.88064217763058E-7,-0.707106595475939));
#3635=DIRECTION('ref_axis',(-3.4511370956162E-7,-0.999999999999881,3.45113326507835E-7));
#3636=DIRECTION('center_axis',(0.707106691041022,2.36910734652207E-7,-0.707106871332022));
#3637=DIRECTION('ref_axis',(0.707106871332042,0.,0.707106691041042));
#3638=DIRECTION('center_axis',(0.707106909701922,-5.67418347421137E-7,-0.707106652670922));
#3639=DIRECTION('ref_axis',(-4.01225583898276E-7,-0.999999999999839,4.01225138563958E-7));
#3640=DIRECTION('center_axis',(0.70710666634384,7.48220460732631E-7,-0.70710689602884));
#3641=DIRECTION('ref_axis',(5.29072055224417E-7,-0.99999999999972,-5.29071467988825E-7));
#3642=DIRECTION('center_axis',(0.707106781186537,-1.70646682587088E-7,-0.707106781186537));
#3643=DIRECTION('ref_axis',(0.707106781186548,0.,0.707106781186548));
#3644=DIRECTION('center_axis',(0.707107028619989,2.06378433319197E-7,-0.707106533752989));
#3645=DIRECTION('ref_axis',(1.45931670677975E-7,-0.999999999999979,-1.45931508703306E-7));
#3646=DIRECTION('center_axis',(0.707106781186548,0.,-0.707106781186548));
#3647=DIRECTION('ref_axis',(0.707106781186548,0.,0.707106781186548));
#3648=DIRECTION('center_axis',(0.70710711954592,3.62943641466659E-7,-0.70710644282692));
#3649=DIRECTION('ref_axis',(2.56640052496463E-7,-0.999999999999934,-2.56639767642687E-7));
#3650=DIRECTION('center_axis',(0.707106680563973,4.37959518646283E-7,-0.707106881808973));
#3651=DIRECTION('ref_axis',(0.70710688180904,0.,0.70710668056404));
#3652=DIRECTION('center_axis',(0.707106364195925,1.29647396195386E-8,-0.707107198176924));
#3653=DIRECTION('ref_axis',(0.707107198176924,0.,0.707106364195925));
#3654=DIRECTION('center_axis',(0.707106582085979,3.4036116131009E-7,-0.707106980286979));
#3655=DIRECTION('ref_axis',(0.70710698028702,0.,0.70710658208602));
#3656=DIRECTION('center_axis',(0.707107000599958,3.97024704952376E-7,-0.707106561772958));
#3657=DIRECTION('ref_axis',(2.80739016971409E-7,-0.999999999999921,-2.80738705369348E-7));
#3658=DIRECTION('center_axis',(0.707106781186548,0.,-0.707106781186548));
#3659=DIRECTION('ref_axis',(0.707106781186548,0.,0.707106781186548));
#3660=DIRECTION('center_axis',(0.707106824886868,-7.09962643244567E-7,-0.707106737485868));
#3661=DIRECTION('ref_axis',(-5.02019678031948E-7,-0.999999999999748,5.02019120822737E-7));
#3662=DIRECTION('center_axis',(0.707107075135974,-1.85084975833593E-7,-0.707106487236974));
#3663=DIRECTION('ref_axis',(-1.30874914138987E-7,-0.999999999999983,1.30874768876339E-7));
#3664=DIRECTION('center_axis',(0.707106872151109,1.10643089718917E-6,-0.707106690221109));
#3665=DIRECTION('ref_axis',(7.82365224504001E-7,-0.999999999999388,-7.82364356129456E-7));
#3666=DIRECTION('center_axis',(0.707106646436929,5.47849925201745E-7,-0.707106915935929));
#3667=DIRECTION('ref_axis',(0.707106915936035,0.,0.707106646437035));
#3668=DIRECTION('center_axis',(0.70710692070692,-5.67247823867836E-7,-0.70710664166592));
#3669=DIRECTION('ref_axis',(-4.01105005470465E-7,-0.999999999999839,4.01104560269981E-7));
#3670=DIRECTION('center_axis',(0.707107106807973,0.,-0.707106455564973));
#3671=DIRECTION('ref_axis',(0.707106455564972,0.,0.707107106807973));
#3672=DIRECTION('center_axis',(0.70710692070692,5.67247823873036E-7,-0.70710664166592));
#3673=DIRECTION('ref_axis',(4.01105005474142E-7,-0.999999999999839,-4.01104560273658E-7));
#3674=DIRECTION('center_axis',(0.707106646436929,-5.47849925158745E-7,-0.707106915935929));
#3675=DIRECTION('ref_axis',(0.707106915936035,0.,0.707106646437035));
#3676=DIRECTION('center_axis',(0.707106872151109,-1.10643089711917E-6,-0.707106690221109));
#3677=DIRECTION('ref_axis',(-7.82365224454504E-7,-0.999999999999388,7.82364356079959E-7));
#3678=DIRECTION('center_axis',(0.707107073683967,2.39367462722789E-7,-0.707106488688967));
#3679=DIRECTION('ref_axis',(1.69258450019616E-7,-0.999999999999971,-1.69258262153739E-7));
#3680=DIRECTION('center_axis',(0.707106546759945,4.24190539111567E-7,-0.707107015612945));
#3681=DIRECTION('ref_axis',(0.707107015613009,0.,0.707106546760009));
#3682=DIRECTION('center_axis',(0.707107000599958,-3.97024704937276E-7,-0.707106561772958));
#3683=DIRECTION('ref_axis',(-2.80739016960732E-7,-0.999999999999921,2.80738705358671E-7));
#3684=DIRECTION('center_axis',(0.707106582085979,-3.4036116126689E-7,-0.707106980286979));
#3685=DIRECTION('ref_axis',(0.70710698028702,0.,0.70710658208602));
#3686=DIRECTION('center_axis',(0.707106364195925,-1.29647397321186E-8,-0.707107198176924));
#3687=DIRECTION('ref_axis',(0.707107198176924,0.,0.707106364195925));
#3688=DIRECTION('center_axis',(0.707106680563973,-4.37959518673983E-7,-0.707106881808973));
#3689=DIRECTION('ref_axis',(0.70710688180904,0.,0.70710668056404));
#3690=DIRECTION('center_axis',(0.70710711954592,-3.62943641494359E-7,-0.70710644282692));
#3691=DIRECTION('ref_axis',(-2.5664005251605E-7,-0.999999999999934,2.56639767662273E-7));
#3692=DIRECTION('center_axis',(0.707106781186548,0.,-0.707106781186548));
#3693=DIRECTION('ref_axis',(0.707106781186548,0.,0.707106781186548));
#3694=DIRECTION('center_axis',(-0.707107173607939,0.,0.707106388764939));
#3695=DIRECTION('ref_axis',(0.,-1.,0.));
#3696=DIRECTION('',(0.706757875812139,-0.0314103478972462,0.706757875812139));
#3697=DIRECTION('',(0.694581564463584,-0.187381545474888,0.694582325374583));
#3698=DIRECTION('',(0.63980976107315,-0.4257791833181,0.63980900016215));
#3699=DIRECTION('',(0.544835091263213,-0.637424071287249,0.544835091263213));
#3700=DIRECTION('',(0.415626925446033,-0.809016616132065,0.415627686357033));
#3701=DIRECTION('',(0.260303109046926,-0.929776630616735,0.260303109046926));
#3702=DIRECTION('',(0.0886240646837384,-0.992114754041758,0.0886233037727384));
#3703=DIRECTION('',(-0.0886240646837384,-0.992114754041758,-0.0886233037727384));
#3704=DIRECTION('',(-0.260303109046926,-0.929776630616735,-0.260303109046926));
#3705=DIRECTION('',(-0.415626925446033,-0.809016616132065,-0.415627686357033));
#3706=DIRECTION('',(-0.544835091263213,-0.637424071287249,-0.544835091263213));
#3707=DIRECTION('',(-0.63980976107315,-0.4257791833181,-0.63980900016215));
#3708=DIRECTION('',(-0.694581564463584,-0.187381545474888,-0.694582325374583));
#3709=DIRECTION('',(-0.705711457010245,0.0627907548047918,-0.705711457010245));
#3710=DIRECTION('',(-0.672498852753193,0.309017167024089,-0.672498091841193));
#3711=DIRECTION('',(-0.597029708063739,0.535826601434765,-0.597030468974738));
#3712=DIRECTION('',(-0.484048209682307,0.728968722265463,-0.484047448771307));
#3713=DIRECTION('',(-0.340651353449094,0.876306334780241,-0.340652114359094));
#3714=DIRECTION('',(-0.175850350731973,0.968583282896849,-0.175849589820973));
#3715=DIRECTION('',(0.,1.,0.));
#3716=DIRECTION('',(0.175850350731973,0.968583282896849,0.175849589820973));
#3717=DIRECTION('',(0.340651353449094,0.876306334780241,0.340652114359094));
#3718=DIRECTION('',(0.484048209682307,0.728968722265463,0.484047448771307));
#3719=DIRECTION('',(0.597029708063739,0.535826601434765,0.597030468974738));
#3720=DIRECTION('',(0.672498852753193,0.309017167024089,0.672498091841193));
#3721=DIRECTION('',(0.70396860185491,0.094108528863678,0.70396860185491));
#3722=DIRECTION('center_axis',(-0.707106546759945,-4.24190539111567E-7,
0.707107015612945));
#3723=DIRECTION('ref_axis',(0.707107015613009,-2.64697796016972E-23,0.707106546760009));
#3724=DIRECTION('',(0.159364163923058,0.974272022542354,0.159364642717058));
#3725=DIRECTION('',(-0.557134173936856,-0.615794628478841,-0.557134173936856));
#3726=DIRECTION('center_axis',(-0.707107073683967,-2.39367462722789E-7,
0.707106488688967));
#3727=DIRECTION('ref_axis',(-0.707106488688987,0.,-0.707107073683987));
#3728=DIRECTION('',(0.690261446457761,-0.216973632494925,0.690261963558761));
#3729=DIRECTION('',(0.287606276081168,-0.913545433964533,0.287606276081168));
#3730=DIRECTION('',(0.415626970836249,-0.809016960407485,0.415626970836249));
#3731=DIRECTION('center_axis',(-0.707106872151109,1.10643089711917E-6,0.707106690221109));
#3732=DIRECTION('ref_axis',(-0.707106690221542,7.82340805907799E-19,-0.707106872151542));
#3733=DIRECTION('',(-0.613931849658339,-0.496161392353274,-0.613931231257339));
#3734=DIRECTION('center_axis',(-0.707106646436929,5.47849925158745E-7,0.707106915935929));
#3735=DIRECTION('ref_axis',(0.707106915936035,0.,0.707106646437035));
#3736=DIRECTION('',(0.667857189311163,-0.32853241753408,0.667857189311163));
#3737=DIRECTION('',(0.147015343787974,-0.97814762230783,0.147016045601974));
#3738=DIRECTION('center_axis',(-0.70710692070692,-5.67247823873036E-7,0.70710664166592));
#3739=DIRECTION('ref_axis',(-0.707106641666034,5.29395592033963E-23,-0.707106920707034));
#3740=DIRECTION('',(-0.641429091802073,-0.420876089278048,-0.641429682556073));
#3741=DIRECTION('center_axis',(-0.707107106807973,0.,0.707106455564973));
#3742=DIRECTION('ref_axis',(-0.707106455564973,0.,-0.707107106807973));
#3743=DIRECTION('',(-0.641429091802073,0.420876089278048,-0.641429682556073));
#3744=DIRECTION('',(0.,-1.,0.));
#3745=DIRECTION('center_axis',(-0.70710692070692,5.67247823867836E-7,0.70710664166592));
#3746=DIRECTION('ref_axis',(-0.707106641666034,5.29395592033963E-23,-0.707106920707034));
#3747=DIRECTION('',(0.667857189311163,0.32853241753408,0.667857189311163));
#3748=DIRECTION('center_axis',(-0.707106646436929,-5.47849925201745E-7,
0.707106915935929));
#3749=DIRECTION('ref_axis',(0.707106915936035,1.05879118406793E-22,0.707106646437035));
#3750=DIRECTION('',(-0.613931849658339,0.496161392353274,-0.613931231257339));
#3751=DIRECTION('',(-0.147015343787974,-0.97814762230783,-0.147016045601974));
#3752=DIRECTION('center_axis',(-0.707106872151109,-1.10643089718917E-6,
0.707106690221109));
#3753=DIRECTION('ref_axis',(-0.707106690221542,-7.82340805907799E-19,-0.707106872151542));
#3754=DIRECTION('',(0.690261446457761,0.216973632494925,0.690261963558761));
#3755=DIRECTION('center_axis',(-0.707107075135974,1.85084975833593E-7,0.707106487236974));
#3756=DIRECTION('ref_axis',(-0.707106487236986,0.,-0.707107075135986));
#3757=DIRECTION('',(-0.586284658752171,0.559052640343163,-0.586285292530171));
#3758=DIRECTION('',(-0.287606276081168,-0.913545433964533,-0.287606276081168));
#3759=DIRECTION('center_axis',(-0.707106824886868,7.09962643244567E-7,0.707106737485868));
#3760=DIRECTION('ref_axis',(-0.707106737486046,5.29395592033972E-23,-0.707106824887046));
#3761=DIRECTION('',(0.704442783110355,0.0867221462342537,0.704442783110355));
#3762=DIRECTION('center_axis',(-0.707106781186548,0.,0.707106781186548));
#3763=DIRECTION('ref_axis',(0.707106781186548,0.,0.707106781186548));
#3764=DIRECTION('',(-0.557134173936856,0.615794628478841,-0.557134173936856));
#3765=DIRECTION('',(-0.415626970836249,-0.809016960407485,-0.415626970836249));
#3766=DIRECTION('center_axis',(-0.707107000599958,-3.97024704952376E-7,
0.707106561772958));
#3767=DIRECTION('ref_axis',(-0.707106561773014,-2.64697796016974E-23,-0.707107000600014));
#3768=DIRECTION('',(0.0673881553268285,-0.995448513352682,0.0673876382252885));
#3769=DIRECTION('',(-0.52548260856576,-0.669130270281694,-0.52548331037976));
#3770=DIRECTION('center_axis',(-0.707106582085979,-3.4036116131009E-7,0.707106980286979));
#3771=DIRECTION('ref_axis',(0.70710698028702,-2.64697796016976E-23,0.70710658208602));
#3772=DIRECTION('',(-0.523383278892013,0.672413960350017,-0.523382660491013));
#3773=DIRECTION('center_axis',(-0.707106364195925,-1.29647396195386E-8,
0.707107198176924));
#3774=DIRECTION('ref_axis',(0.707107198176925,8.2718061255294E-25,0.707106364195925));
#3775=DIRECTION('',(-0.481251186422988,0.732663060167981,-0.481250595668988));
#3776=DIRECTION('',(-0.612372764881325,-0.500000053206266,-0.612372063067325));
#3777=DIRECTION('center_axis',(-0.707106680563973,-4.37959518646283E-7,
0.707106881808973));
#3778=DIRECTION('ref_axis',(0.70710688180904,0.,0.70710668056404));
#3779=DIRECTION('',(0.0848257364251258,0.992778469074184,0.0848263271788557));
#3780=DIRECTION('',(-0.67249849199775,-0.309017081277885,-0.67249849199775));
#3781=DIRECTION('center_axis',(-0.70710711954592,-3.62943641466659E-7,0.70710644282692));
#3782=DIRECTION('ref_axis',(-0.707106442826967,0.,-0.707107119545967));
#3783=DIRECTION('',(0.427316787577032,-0.79674382715506,0.427316787577032));
#3784=DIRECTION('center_axis',(-0.707106781186548,0.,0.707106781186548));
#3785=DIRECTION('ref_axis',(0.707106781186548,0.,0.707106781186548));
#3786=DIRECTION('',(-0.359216961268892,0.861351466866741,-0.359216961268892));
#3787=DIRECTION('',(-0.703233170306367,-0.104528543287054,-0.703233170306367));
#3788=DIRECTION('center_axis',(-0.707106479441938,-3.56823406966669E-7,
0.707107082930938));
#3789=DIRECTION('ref_axis',(0.707107082930983,0.,0.707106479441983));
#3790=DIRECTION('',(0.453589303845979,0.767146326897965,0.453589303845979));
#3791=DIRECTION('',(-0.21850792394607,-0.951056489441303,-0.21850821738407));
#3792=DIRECTION('center_axis',(-0.707107466597983,8.10525089046381E-7,0.707106095773983));
#3793=DIRECTION('ref_axis',(-0.707106095774215,-5.29395592034099E-23,-0.707107466598215));
#3794=DIRECTION('',(-0.630036088497012,0.453989933349009,-0.630037830300012));
#3795=DIRECTION('',(-0.358518030694945,-0.861933787129867,-0.358517737734945));
#3796=DIRECTION('center_axis',(-0.707107173607938,-3.78502009134267E-8,
0.707106388764938));
#3797=DIRECTION('ref_axis',(-0.707106388764939,3.30872245021182E-24,-0.707107173607939));
#3798=DIRECTION('',(-0.048114692913601,0.997682290437021,-0.048114692913601));
#3799=DIRECTION('center_axis',(-0.321019360462053,-0.891006812778146,-0.321019360462053));
#3800=DIRECTION('ref_axis',(1.93040028406728E-13,0.338959599959587,-0.940800929843948));
#3801=DIRECTION('',(0.707106781186548,0.,-0.707106781186548));
#3802=DIRECTION('',(-0.630037830300012,0.453989933349009,-0.630036088497012));
#3803=DIRECTION('',(0.707106781186548,0.,-0.707106781186548));
#3804=DIRECTION('center_axis',(-0.707107466597983,-8.1052509196828E-7,0.707106095773983));
#3805=DIRECTION('ref_axis',(-0.707106095774215,5.29395592034099E-23,-0.707107466598215));
#3806=DIRECTION('',(0.453589303845979,-0.767146326897965,0.453589303845979));
#3807=DIRECTION('',(-0.358518030694945,0.861933787129867,-0.358517737734945));
#3808=DIRECTION('',(0.630036088497012,0.453989933349009,0.630037830300012));
#3809=DIRECTION('center_axis',(-0.707106479441938,3.56823406912169E-7,0.707107082930938));
#3810=DIRECTION('ref_axis',(0.707107082930983,0.,0.707106479441983));
#3811=DIRECTION('',(-0.21850792394607,0.951056489441303,-0.21850821738407));
#3812=DIRECTION('center_axis',(-0.707107173607938,3.78502009126567E-8,0.707106388764938));
#3813=DIRECTION('ref_axis',(-0.707106388764939,0.,-0.707107173607939));
#3814=DIRECTION('',(-0.048114692913601,-0.997682290437021,-0.048114692913601));
#3815=DIRECTION('center_axis',(-0.321019360462053,0.891006812778146,-0.321019360462053));
#3816=DIRECTION('ref_axis',(-1.93040028406728E-13,0.338959599959587,0.940800929843948));
#3817=DIRECTION('',(0.707106781186548,0.,-0.707106781186548));
#3818=DIRECTION('',(0.630037830300012,0.453989933349009,0.630036088497012));
#3819=DIRECTION('',(0.707106781186548,0.,-0.707106781186548));
#3820=DIRECTION('center_axis',(-0.707106634466938,5.16109386697155E-7,0.707106927905938));
#3821=DIRECTION('ref_axis',(0.707106927906032,-5.29395592033962E-23,0.707106634467032));
#3822=DIRECTION('',(0.656071558877773,-0.373015038923871,0.656071558877773));
#3823=DIRECTION('',(-0.707106927906032,0.,-0.707106634467032));
#3824=DIRECTION('center_axis',(-0.707107114458983,-1.17234396541497E-6,
0.707106447912983));
#3825=DIRECTION('ref_axis',(-0.707106447913469,-8.28927618006703E-19,-0.707107114459469));
#3826=DIRECTION('',(0.110616776925962,0.987687942609659,0.110618518729962));
#3827=DIRECTION('',(-0.690437138405965,0.215853448613989,-0.690437431365965));
#3828=DIRECTION('center_axis',(0.691654888098821,-0.207911114512946,0.691654888098821));
#3829=DIRECTION('ref_axis',(-0.707106781186548,0.,0.707106781186548));
#3830=DIRECTION('',(-0.717869512389217,-0.0928542435717081,0.689957573067209));
#3831=DIRECTION('',(0.707106781186548,0.,-0.707106781186548));
#3832=DIRECTION('',(0.147016060770078,0.978147723230518,0.147014657142078));
#3833=DIRECTION('center_axis',(0.691654849467003,-0.207911589319001,0.691654784004003));
#3834=DIRECTION('ref_axis',(-0.707106747723817,-6.91391388585362E-14,0.707106814649277));
#3835=DIRECTION('',(0.707106747724047,0.,-0.707106814649047));
#3836=DIRECTION('center_axis',(0.707106563119195,-9.49137694897962E-7,-0.707106999253195));
#3837=DIRECTION('ref_axis',(-0.707106999253514,-6.71167731580639E-19,-0.707106563119514));
#3838=DIRECTION('',(0.706812153881358,-0.0288742053663946,0.706811756686358));
#3839=DIRECTION('',(-0.67249852087059,0.309016955608811,-0.67249852087059));
#3840=DIRECTION('center_axis',(0.707107276598002,1.025322369722E-6,-0.707106285774002));
#3841=DIRECTION('ref_axis',(0.707106285774374,0.,0.707107276598374));
#3842=DIRECTION('',(0.583823809839208,-0.564180395024201,0.583823809839208));
#3843=DIRECTION('',(-0.625498635172954,0.466371809093966,-0.625498835393954));
#3844=DIRECTION('',(0.321018361500976,0.891006905052933,0.321020103306976));
#3845=DIRECTION('center_axis',(0.707106781186548,1.32331915493115E-16,-0.707106781186548));
#3846=DIRECTION('ref_axis',(0.707106781186548,0.,0.707106781186548));
#3847=DIRECTION('',(0.287606276081168,0.913545433964533,0.287606276081168));
#3848=DIRECTION('center_axis',(0.707107028357959,3.59442039614679E-7,-0.707106534014959));
#3849=DIRECTION('ref_axis',(0.707106534015004,0.,0.707107028358004));
#3850=DIRECTION('',(0.415626849600875,0.809016724422757,0.415627551414875));
#3851=DIRECTION('',(0.50692401792423,-0.697177222880316,0.50692401792423));
#3852=DIRECTION('center_axis',(0.218507774627905,-0.951056630223585,0.218507753946905));
#3853=DIRECTION('ref_axis',(-0.974607821367374,-0.223918723043744,-7.45792316792178E-14));
#3854=DIRECTION('',(-0.767752945670311,-0.0293345581840219,0.640074134855259));
#3855=DIRECTION('',(0.707106747724047,0.,-0.707106814649047));
#3856=DIRECTION('',(0.672498943429953,0.309016643738978,0.672498241616953));
#3857=DIRECTION('center_axis',(0.218508052993891,-0.951056488058524,0.218508094354891));
#3858=DIRECTION('ref_axis',(-7.74519337553972E-14,-0.223919066053619,-0.974607742559885));
#3859=DIRECTION('',(0.707106848111044,0.,-0.707106714262045));
#3860=DIRECTION('center_axis',(0.353553546701107,-0.866025249001262,0.353553613625107));
#3861=DIRECTION('ref_axis',(-2.95194424460048E-13,-0.377964735281311,-0.925819992700378));
#3862=DIRECTION('',(-0.762045278527992,-0.0474643471493195,0.645781796911994));
#3863=DIRECTION('',(0.612372326247741,0.500000268091789,0.612372326247741));
#3864=DIRECTION('center_axis',(0.707105954239002,-4.17689017760801E-7,-0.707107608133002));
#3865=DIRECTION('ref_axis',(-0.707107608133064,2.9532333101595E-19,-0.707105954239064));
#3866=DIRECTION('',(0.237834812301005,-0.941737332867021,0.237834812301005));
#3867=DIRECTION('',(-0.312202677921127,0.897250857239367,-0.312202477700127));
#3868=DIRECTION('center_axis',(0.707106781186548,-1.76018960585887E-16,
-0.707106781186548));
#3869=DIRECTION('ref_axis',(-0.707106781186548,0.,-0.707106781186548));
#3870=DIRECTION('',(-0.415626944065195,0.809016987914379,-0.415626944065195));
#3871=DIRECTION('center_axis',(0.35355341148488,-0.866025373065707,0.35355344494688));
#3872=DIRECTION('ref_axis',(6.1409211049593E-14,-0.377964534306237,-0.92582007474815));
#3873=DIRECTION('',(0.707106814649047,0.,-0.707106747724047));
#3874=DIRECTION('center_axis',(0.473146878207873,-0.743144683697801,0.473146922988873));
#3875=DIRECTION('ref_axis',(-9.91151605233944E-14,-0.537066688735755,-0.843539786761959));
#3876=DIRECTION('',(-0.75379691670673,-0.0635196579779973,0.654030168580766));
#3877=DIRECTION('',(0.525482294337911,0.669130763820887,0.525482996152911));
#3878=DIRECTION('center_axis',(0.473146574004117,-0.743145128082183,0.473146529223117));
#3879=DIRECTION('ref_axis',(-0.843540111718468,-0.537066178344899,-1.80772063984653E-13));
#3880=DIRECTION('',(0.707106747724047,0.,-0.707106814649047));
#3881=DIRECTION('center_axis',(0.572061239004309,-0.587785623849317,0.572061184861309));
#3882=DIRECTION('ref_axis',(-0.716627380557126,-0.697456233347894,-1.14158682507084E-13));
#3883=DIRECTION('',(-0.743368460756929,-0.0767989128209326,0.664458620638936));
#3884=DIRECTION('center_axis',(0.57206137879893,-0.587785299044928,0.57206137879893));
#3885=DIRECTION('ref_axis',(-0.716627102736834,-0.697456518804586,-1.2628786905106E-13));
#3886=DIRECTION('',(0.707106781186548,0.,-0.707106781186548));
#3887=DIRECTION('center_axis',(0.70710706663996,2.93299799828383E-7,-0.70710649573296));
#3888=DIRECTION('ref_axis',(0.70710649573299,0.,0.70710706663999));
#3889=DIRECTION('',(0.55982183161214,-0.610900001099153,0.55982203020914));
#3890=DIRECTION('center_axis',(0.707107388419011,8.83048803642114E-7,-0.707106173953011));
#3891=DIRECTION('ref_axis',(0.707106173953287,-6.24369161244638E-19,0.707107388419287));
#3892=DIRECTION('',(0.49999914381201,0.707106760376014,0.50000088561701));
#3893=DIRECTION('center_axis',(-0.500000389372026,0.707106186174037,-0.500000452102026));
#3894=DIRECTION('ref_axis',(-3.12305736827113E-13,0.577350941101546,0.816496105813836));
#3895=DIRECTION('',(-0.731624523944129,-0.0359678461380164,0.68075830513312));
#3896=DIRECTION('',(0.499999579263007,0.707107376198009,0.499999579263007));
#3897=DIRECTION('',(0.707106825543046,0.,-0.707106736830046));
#3898=DIRECTION('center_axis',(-0.499999985285247,0.70710680199635,-0.499999985285247));
#3899=DIRECTION('ref_axis',(1.0672018824209E-13,0.577350246534833,0.816496596947083));
#3900=DIRECTION('center_axis',(0.707106431826459,-8.53321288194954E-8,-0.707107130546459));
#3901=DIRECTION('ref_axis',(-0.707107130546461,0.,-0.707106431826461));
#3902=DIRECTION('',(-0.120344634781005,0.985410745709043,-0.120344634781005));
#3903=DIRECTION('center_axis',(0.707106532699902,-2.43833119267766E-6,-0.707107029668902));
#3904=DIRECTION('ref_axis',(-0.707107029671004,-2.11758236813576E-22,-0.707106532702004));
#3905=DIRECTION('',(0.110618540042977,0.987688132908798,0.110615056433977));
#3906=DIRECTION('',(-0.699875790432104,0.142645560513021,-0.699875790432104));
#3907=DIRECTION('center_axis',(0.707106781186548,0.,-0.707106781186548));
#3908=DIRECTION('ref_axis',(0.707106781186548,0.,0.707106781186548));
#3909=DIRECTION('',(0.699875790432104,0.142645560513021,0.699875790432104));
#3910=DIRECTION('',(0.,1.,0.));
#3911=DIRECTION('center_axis',(0.707106532699902,2.43833118903566E-6,-0.707107029668902));
#3912=DIRECTION('ref_axis',(-0.707107029671004,2.11758236813576E-22,-0.707106532702004));
#3913=DIRECTION('',(0.706812153881358,0.0288742053663946,0.706811756686358));
#3914=DIRECTION('',(-0.110618540042977,0.987688132908798,-0.110615056433977));
#3915=DIRECTION('center_axis',(-0.698400798104924,-0.156436977796983,-0.698400885726924));
#3916=DIRECTION('ref_axis',(-0.707106825543658,-1.37112543541216E-13,0.707106736829434));
#3917=DIRECTION('',(-0.700564753922077,-0.0502399761709555,0.711818073918078));
#3918=DIRECTION('',(-0.110616776925962,0.987687942609659,-0.110618518729962));
#3919=DIRECTION('',(0.707106825543046,0.,-0.707106736830046));
#3920=DIRECTION('center_axis',(-0.698400976479359,-0.15643577629608,-0.698400976479359));
#3921=DIRECTION('ref_axis',(0.707106781186548,0.,-0.707106781186548));
#3922=DIRECTION('',(0.707106781186548,0.,-0.707106781186548));
#3923=DIRECTION('center_axis',(0.707106563119195,9.49137695163462E-7,-0.707106999253195));
#3924=DIRECTION('ref_axis',(-0.707106999253514,6.71114792021436E-19,-0.707106563119514));
#3925=DIRECTION('',(-0.67249852087059,-0.309016955608811,-0.67249852087059));
#3926=DIRECTION('',(-0.147016060770078,0.978147723230518,-0.147014657142078));
#3927=DIRECTION('center_axis',(0.707106781186548,6.5632188799288E-16,-0.707106781186548));
#3928=DIRECTION('ref_axis',(-0.707106781186548,0.,-0.707106781186548));
#3929=DIRECTION('',(0.583823809839208,0.564180395024201,0.583823809839208));
#3930=DIRECTION('',(-0.287606276081168,0.913545433964533,-0.287606276081168));
#3931=DIRECTION('center_axis',(0.69165492082982,0.207911114512946,0.69165485536782));
#3932=DIRECTION('ref_axis',(-0.707106747724309,-7.88674681118147E-14,0.707106814648784));
#3933=DIRECTION('',(-0.68995753816005,-0.0928542478398768,0.717869545387052));
#3934=DIRECTION('',(0.707106747724047,0.,-0.707106814649047));
#3935=DIRECTION('center_axis',(0.691654816735526,0.207911589318857,0.691654816735526));
#3936=DIRECTION('ref_axis',(0.707106781186548,0.,-0.707106781186548));
#3937=DIRECTION('',(0.707106781186548,0.,-0.707106781186548));
#3938=DIRECTION('center_axis',(0.707107276598002,-1.025322376908E-6,-0.707106285774002));
#3939=DIRECTION('ref_axis',(0.707106285774374,0.,0.707107276598374));
#3940=DIRECTION('',(-0.321018361500976,0.891006905052933,-0.321020103306976));
#3941=DIRECTION('',(-0.625498635172954,-0.466371809093966,-0.625498835393954));
#3942=DIRECTION('center_axis',(0.572061211932982,0.587785623848981,0.572061211932982));
#3943=DIRECTION('ref_axis',(0.716627397053646,-0.69745621639793,-1.37750921780325E-13));
#3944=DIRECTION('',(-0.664458587731841,-0.0767989090174616,0.743368490563822));
#3945=DIRECTION('',(0.707106781186548,0.,-0.707106781186548));
#3946=DIRECTION('',(-0.415626849600875,0.809016724422757,-0.415627551414875));
#3947=DIRECTION('center_axis',(0.572061405870929,0.587785299044927,0.572061351726929));
#3948=DIRECTION('ref_axis',(0.7166270862399,-0.697456535754961,-2.881028748902E-14));
#3949=DIRECTION('',(0.707106747724047,0.,-0.707106814649047));
#3950=DIRECTION('center_axis',(0.473146922988873,0.743144683697801,0.473146878207873));
#3951=DIRECTION('ref_axis',(0.843539786761959,-0.537066688735755,9.91151605233944E-14));
#3952=DIRECTION('',(-0.654030173859628,-0.0635196520203038,0.753796912628571));
#3953=DIRECTION('',(-0.525482294337911,0.669130763820887,-0.525482996152911));
#3954=DIRECTION('center_axis',(-0.500000420737027,-0.707106186174038,-0.500000420737027));
#3955=DIRECTION('ref_axis',(-0.816496122886707,0.577350916956902,5.16253706450545E-14));
#3956=DIRECTION('',(-0.68075835267202,-0.035967843968631,0.731624479817021));
#3957=DIRECTION('',(-0.499999579263007,0.707107376198009,-0.499999579263007));
#3958=DIRECTION('center_axis',(-0.499999953920247,-0.707106801996349,-0.500000016650247));
#3959=DIRECTION('ref_axis',(-1.95815585968242E-13,0.577350270679663,-0.816496579874111));
#3960=DIRECTION('',(-0.49999914381201,0.707106760376014,-0.50000088561701));
#3961=DIRECTION('',(0.707106825543046,0.,-0.707106736830046));
#3962=DIRECTION('center_axis',(0.707107388419011,-8.83048806592114E-7,-0.707106173953011));
#3963=DIRECTION('ref_axis',(0.707106173953287,6.24369161244638E-19,0.707107388419287));
#3964=DIRECTION('',(0.55982183161214,0.610900001099153,0.55982203020914));
#3965=DIRECTION('',(-0.50692401792423,-0.697177222880316,-0.50692401792423));
#3966=DIRECTION('center_axis',(0.70710706663996,-2.93299799264883E-7,-0.70710649573296));
#3967=DIRECTION('ref_axis',(0.70710649573299,-5.2939559203393E-23,0.70710706663999));
#3968=DIRECTION('',(-0.415626944065195,-0.809016987914379,-0.415626944065195));
#3969=DIRECTION('center_axis',(0.473146529223117,0.743145128082183,0.473146574004117));
#3970=DIRECTION('ref_axis',(1.80772063984653E-13,-0.537066178344899,0.843540111718468));
#3971=DIRECTION('',(0.707106814649047,0.,-0.707106747724047));
#3972=DIRECTION('',(0.52548260856576,-0.669130270281694,0.52548331037976));
#3973=DIRECTION('center_axis',(-0.707106582085979,3.4036116126689E-7,0.707106980286979));
#3974=DIRECTION('ref_axis',(0.70710698028702,2.64697796016976E-23,0.70710658208602));
#3975=DIRECTION('',(0.0673881553268285,0.995448513352682,0.0673876382252885));
#3976=DIRECTION('',(-0.523383278892013,-0.672413960350017,-0.523382660491013));
#3977=DIRECTION('center_axis',(-0.707107000599958,3.97024704937276E-7,0.707106561772958));
#3978=DIRECTION('ref_axis',(-0.707106561773014,2.64697796016974E-23,-0.707107000600014));
#3979=DIRECTION('center_axis',(0.353553563432107,0.866025249001262,0.353553596894107));
#3980=DIRECTION('ref_axis',(-2.18575157973151E-14,-0.377964719950181,0.925819998959291));
#3981=DIRECTION('',(-0.645781901321791,-0.0474643499266847,0.762045189874754));
#3982=DIRECTION('',(-0.612372326247741,0.500000268091789,-0.612372326247741));
#3983=DIRECTION('center_axis',(0.35355339475388,0.866025373065706,0.35355346167788));
#3984=DIRECTION('ref_axis',(2.5549007354186E-13,-0.377964549637368,0.92582006848924));
#3985=DIRECTION('',(0.707106848111044,0.,-0.707106714262045));
#3986=DIRECTION('',(0.612372764881325,-0.500000053206266,0.612372063067325));
#3987=DIRECTION('center_axis',(0.218507743606904,0.951056630223584,0.218507784967904));
#3988=DIRECTION('ref_axis',(1.03000941109584E-13,-0.22391873310852,0.974607819054965));
#3989=DIRECTION('',(-0.640074167594962,-0.0293345596844483,0.767752918317955));
#3990=DIRECTION('',(-0.672498943429953,0.309016643738978,-0.672498241616953));
#3991=DIRECTION('center_axis',(0.218508084014891,0.951056488058524,0.218508063333891));
#3992=DIRECTION('ref_axis',(0.974607744872297,-0.223919055988844,4.90094076433092E-14));
#3993=DIRECTION('',(0.707106747724047,0.,-0.707106814649047));
#3994=DIRECTION('',(0.67249849199775,-0.309017081277885,0.67249849199775));
#3995=DIRECTION('center_axis',(0.707106781186548,0.,-0.707106781186548));
#3996=DIRECTION('ref_axis',(0.707106781186548,0.,0.707106781186548));
#3997=DIRECTION('',(0.237834812301005,0.941737332867021,0.237834812301005));
#3998=DIRECTION('center_axis',(0.707106431826459,8.53321288400553E-8,-0.707107130546459));
#3999=DIRECTION('ref_axis',(-0.707107130546461,-6.61744490042854E-24,-0.707106431826461));
#4000=DIRECTION('',(-0.312202677921127,-0.897250857239367,-0.312202477700127));
#4001=DIRECTION('',(-0.120344634781005,-0.985410745709043,-0.120344634781005));
#4002=DIRECTION('center_axis',(0.707107028357959,-3.59442040101379E-7,-0.707106534014959));
#4003=DIRECTION('ref_axis',(0.707106534015004,-2.6469779601697E-23,0.707107028358004));
#4004=DIRECTION('center_axis',(0.707105954239002,4.17689017651101E-7,-0.707107608133002));
#4005=DIRECTION('ref_axis',(-0.707107608133064,-2.95349800795552E-19,-0.707105954239064));
#4006=DIRECTION('center_axis',(-0.707106680563973,4.37959518673983E-7,0.707106881808973));
#4007=DIRECTION('ref_axis',(0.70710688180904,0.,0.70710668056404));
#4008=DIRECTION('',(-0.481251186422988,-0.732663060167981,-0.481250595668988));
#4009=DIRECTION('',(0.0848257364251258,-0.992778469074184,0.0848263271788557));
#4010=DIRECTION('center_axis',(-0.70710711954592,3.62943641494359E-7,0.70710644282692));
#4011=DIRECTION('ref_axis',(-0.707106442826967,0.,-0.707107119545967));
#4012=DIRECTION('',(0.427316787577032,0.79674382715506,0.427316787577032));
#4013=DIRECTION('center_axis',(-0.698400841916034,0.156436977796008,-0.698400841916034));
#4014=DIRECTION('ref_axis',(0.707106781186548,0.,-0.707106781186548));
#4015=DIRECTION('',(-0.711818117625149,-0.0502399730025105,0.700564709740147));
#4016=DIRECTION('center_axis',(-0.698400932668869,0.156435776295971,-0.698401020289869));
#4017=DIRECTION('ref_axis',(-0.707106825543156,2.46191955710645E-14,0.707106736829936));
#4018=DIRECTION('',(0.707106825543046,0.,-0.707106736830046));
#4019=DIRECTION('center_axis',(-0.707106944734941,4.97016981509959E-7,0.707106617637941));
#4020=DIRECTION('ref_axis',(-0.707106617638029,0.,-0.707106944735029));
#4021=DIRECTION('',(-0.481843107783039,-0.73188436239406,-0.481842816243039));
#4022=DIRECTION('',(0.641088821543678,0.421912604437788,0.641088821543678));
#4023=DIRECTION('center_axis',(-0.707107114458983,1.17234396356797E-6,0.707106447912983));
#4024=DIRECTION('ref_axis',(-0.707106447913469,8.28927618006703E-19,-0.707107114459469));
#4025=DIRECTION('',(0.656071558877773,0.373015038923871,0.656071558877773));
#4026=DIRECTION('',(-0.690437138405965,-0.215853448613989,-0.690437431365965));
#4027=DIRECTION('center_axis',(-0.707106413507011,-1.11736379867002E-6,
0.707107148865011));
#4028=DIRECTION('ref_axis',(0.707107148865452,-7.90069981551395E-19,0.707106413507452));
#4029=DIRECTION('',(0.582693151860183,0.566513057653178,0.582693441085183));
#4030=DIRECTION('',(-0.321020103306976,0.891006905052933,-0.321018361500976));
#4031=DIRECTION('center_axis',(-0.707106919129032,-7.72377901670635E-8,
0.707106643244032));
#4032=DIRECTION('ref_axis',(-0.707106643244034,-6.61744490042454E-24,-0.707106919129034));
#4033=DIRECTION('center_axis',(-0.707106919129032,7.72377898643935E-8,0.707106643244032));
#4034=DIRECTION('ref_axis',(-0.707106643244034,0.,-0.707106919129034));
#4035=DIRECTION('',(0.582693151860183,-0.566513057653178,0.582693441085183));
#4036=DIRECTION('center_axis',(-0.707106944734941,-4.97016981329459E-7,
0.707106617637941));
#4037=DIRECTION('ref_axis',(-0.707106617638029,0.,-0.707106944735029));
#4038=DIRECTION('',(-0.641088821543678,0.421912604437788,-0.641088821543678));
#4039=DIRECTION('',(-0.481843107783039,0.73188436239406,-0.481842816243039));
#4040=DIRECTION('center_axis',(-0.707106413507011,1.11736379867002E-6,0.707107148865011));
#4041=DIRECTION('ref_axis',(0.707107148865452,7.90069981551395E-19,0.707106413507452));
#4042=DIRECTION('',(0.321020103306976,0.891006905052933,0.321018361500976));
#4043=DIRECTION('center_axis',(-0.707106634466938,-5.16109385955855E-7,
0.707106927905938));
#4044=DIRECTION('ref_axis',(0.707106927906032,5.29395592033962E-23,0.707106634467032));
#4045=DIRECTION('center_axis',(-0.630036985125141,0.453989752248102,-0.630037064170141));
#4046=DIRECTION('ref_axis',(-0.707106825543538,3.54605234065298E-13,0.707106736829554));
#4047=DIRECTION('center_axis',(-0.110615786653998,0.98768835949698,-0.110615786653998));
#4048=DIRECTION('ref_axis',(6.60235754956474E-15,0.111298800235891,0.993786987772556));
#4049=DIRECTION('',(0.698401136699285,0.156434345699064,0.698401136699285));
#4050=DIRECTION('',(0.698401136699285,0.156434345699064,0.698401136699285));
#4051=DIRECTION('',(0.707106781186548,0.,-0.707106781186548));
#4052=DIRECTION('center_axis',(0.110615786653998,0.98768835949698,0.110615786653998));
#4053=DIRECTION('ref_axis',(6.60062282608876E-15,-0.111298800235891,0.993786987772556));
#4054=DIRECTION('',(0.698401136699285,-0.156434345699064,0.698401136699285));
#4055=DIRECTION('',(0.698401136699285,-0.156434345699064,0.698401136699285));
#4056=DIRECTION('',(0.707106781186548,0.,-0.707106781186548));
#4057=DIRECTION('center_axis',(-0.707107129574009,-1.13126317924801E-6,
0.707106432798009));
#4058=DIRECTION('ref_axis',(-0.707106432798462,7.99916739563237E-19,-0.707107129574462));
#4059=DIRECTION('',(-0.685807992287571,0.243586541145848,-0.685808278374571));
#4060=DIRECTION('',(0.648290025190337,-0.399299494712207,0.648290025190337));
#4061=DIRECTION('',(-0.321019744307992,-0.891005908632978,-0.321021486111992));
#4062=DIRECTION('center_axis',(-0.707106627319443,4.99627015166613E-7,0.707106935053443));
#4063=DIRECTION('ref_axis',(0.707106935053531,-3.53424497241872E-19,0.707106627319531));
#4064=DIRECTION('',(-0.706867015182588,0.0260471607062648,-0.706866725957588));
#4065=DIRECTION('center_axis',(-0.707106966896939,-4.88064209155758E-7,
0.707106595475939));
#4066=DIRECTION('ref_axis',(-0.707106595476023,-5.29395592033955E-23,-0.707106966897023));
#4067=DIRECTION('',(-0.62267758691003,0.473862053260023,-0.62267758691003));
#4068=DIRECTION('',(0.578293059704036,-0.575460148288035,0.578292966264036));
#4069=DIRECTION('center_axis',(-0.707106691041022,2.36910732411207E-7,0.707106871332022));
#4070=DIRECTION('ref_axis',(0.707106871332042,-1.32348898008492E-23,0.707106691041042));
#4071=DIRECTION('',(0.660009316444759,-0.358852989175869,0.660009268393759));
#4072=DIRECTION('center_axis',(-0.707106909701922,-5.67418332813537E-7,
0.707106652670922));
#4073=DIRECTION('ref_axis',(-0.707106652671036,0.,-0.707106909702036));
#4074=DIRECTION('',(-0.684087947199093,0.253075677673034,-0.684087992781093));
#4075=DIRECTION('center_axis',(-0.70710666634384,7.48220463895831E-7,0.70710689602884));
#4076=DIRECTION('ref_axis',(0.707106896029038,0.,0.707106666344038));
#4077=DIRECTION('',(0.696313542321276,-0.174054474396069,0.696313500316276));
#4078=DIRECTION('center_axis',(-0.707106781186537,-1.70646682587088E-7,
0.707106781186537));
#4079=DIRECTION('ref_axis',(0.707106781186548,0.,0.707106781186548));
#4080=DIRECTION('',(0.518280661569162,0.680272108434212,0.518280825740162));
#4081=DIRECTION('',(0.707106781186548,0.,0.707106781186548));
#4082=DIRECTION('center_axis',(-0.707107028619989,2.06378432254297E-7,0.707106533752989));
#4083=DIRECTION('ref_axis',(-0.707106533753004,0.,-0.707107028620004));
#4084=DIRECTION('',(-0.359216961268892,-0.861351466866741,-0.359216961268892));
#4085=DIRECTION('center_axis',(-0.70710714913294,-1.84191344118684E-7,0.70710641323994));
#4086=DIRECTION('ref_axis',(-0.707106413239952,0.,-0.707107149132952));
#4087=DIRECTION('',(-0.235950407226894,0.942684894680575,-0.235950407226894));
#4088=DIRECTION('',(0.468860741985812,-0.7485579032607,0.468861034945812));
#4089=DIRECTION('center_axis',(-0.707106396403941,6.63850633863845E-8,0.707107165968941));
#4090=DIRECTION('ref_axis',(0.707107165968943,0.,0.707106396403943));
#4091=DIRECTION('',(0.343293425727054,-0.874242213504137,0.343293134187054));
#4092=DIRECTION('',(0.0856282303356372,-0.992640726717967,0.0856282303356372));
#4093=DIRECTION('center_axis',(-0.707106555782944,4.38747463522365E-7,0.707107006589944));
#4094=DIRECTION('ref_axis',(0.707107006590012,0.,0.707106555783012));
#4095=DIRECTION('',(-0.375737862036019,0.847137475902043,-0.375738148123019));
#4096=DIRECTION('',(0.572061401864957,-0.587785254146955,0.572061401864957));
#4097=DIRECTION('center_axis',(-0.707106884953032,1.46748139118007E-7,0.707106677420032));
#4098=DIRECTION('ref_axis',(-0.70710667742004,0.,-0.70710688495304));
#4099=DIRECTION('',(-0.499999579263007,-0.707107376198009,-0.499999579263007));
#4100=DIRECTION('center_axis',(0.70710700775601,-5.07488534265407E-8,-0.70710655461701));
#4101=DIRECTION('ref_axis',(0.707106554617011,0.,0.707107007756011));
#4102=DIRECTION('',(-0.286364843955113,0.914325002177359,-0.286365093089113));
#4103=DIRECTION('',(0.342104743418991,-0.875173409149977,0.342105025462991));
#4104=DIRECTION('',(-0.110615099059041,-0.987688513510366,-0.110615099059041));
#4105=DIRECTION('center_axis',(0.707106012788887,-8.28612922886868E-7,-0.707107549582887));
#4106=DIRECTION('ref_axis',(-0.70710754958313,-5.29395592034035E-23,-0.70710601278913));
#4107=DIRECTION('',(0.428755985645954,-0.795195956695916,0.428755985645954));
#4108=DIRECTION('',(-0.321021486111992,-0.891005908632978,-0.321019744307992));
#4109=DIRECTION('center_axis',(0.707106942022029,-2.5436753466031E-8,-0.707106620351029));
#4110=DIRECTION('ref_axis',(0.707106620351029,0.,0.707106942022029));
#4111=DIRECTION('',(-0.588741516334778,0.553865069369791,-0.588741804083778));
#4112=DIRECTION('',(0.523234565500356,0.672644746628457,0.523234779328356));
#4113=DIRECTION('',(-0.0785871673592157,-0.993804867291819,-0.0785871673592157));
#4114=DIRECTION('center_axis',(0.707106856136028,-2.08025002086808E-7,-0.707106706237028));
#4115=DIRECTION('ref_axis',(0.707106706237044,0.,0.707106856136044));
#4116=DIRECTION('',(-0.630036420900197,-0.453991427979142,-0.630036420900197));
#4117=DIRECTION('',(-0.521030038716185,0.67605848501124,-0.521030348060185));
#4118=DIRECTION('center_axis',(0.500000420737027,-0.707106186174038,0.500000420737027));
#4119=DIRECTION('ref_axis',(5.16253706450545E-14,-0.577350916956902,-0.816496122886707));
#4120=DIRECTION('',(-0.68075835267202,0.035967843968631,0.731624479817021));
#4121=DIRECTION('',(0.707106781186548,0.,-0.707106781186548));
#4122=DIRECTION('center_axis',(0.499999953920247,-0.707106801996349,0.500000016650247));
#4123=DIRECTION('ref_axis',(-1.95815585968242E-13,-0.577350270679663,-0.816496579874111));
#4124=DIRECTION('',(-0.49999914381201,-0.707106760376014,-0.50000088561701));
#4125=DIRECTION('',(0.707106825543046,0.,-0.707106736830046));
#4126=DIRECTION('center_axis',(0.321020044898867,-0.891006305077631,0.321020085173867));
#4127=DIRECTION('ref_axis',(-1.06553654788358E-13,-0.338960448204573,-0.940800624230743));
#4128=DIRECTION('',(-0.674143899830913,0.023092789286307,0.738238935171904));
#4129=DIRECTION('',(-0.630037471302903,-0.45399092976793,-0.630035729496903));
#4130=DIRECTION('center_axis',(0.321020417324938,-0.891006051225829,0.321020417324938));
#4131=DIRECTION('ref_axis',(-0.940800481594095,-0.338960844099019,-4.78783679369644E-15));
#4132=DIRECTION('',(0.707106781186548,0.,-0.707106781186548));
#4133=DIRECTION('center_axis',(0.707107479982002,7.53557976193002E-7,-0.707106082390002));
#4134=DIRECTION('ref_axis',(0.707106082390202,5.32889602941137E-19,0.707107479982202));
#4135=DIRECTION('center_axis',(0.70710678118653,2.2478319224255E-7,-0.70710678118653));
#4136=DIRECTION('ref_axis',(-0.707106781186548,0.,-0.707106781186548));
#4137=DIRECTION('',(-0.0507170471709599,0.997424480556999,-0.0507167300982599));
#4138=DIRECTION('',(-0.707106781186548,0.,-0.707106781186548));
#4139=DIRECTION('center_axis',(0.707107088772981,0.,-0.707106473599981));
#4140=DIRECTION('ref_axis',(0.707106473599981,0.,0.707107088772981));
#4141=DIRECTION('',(0.286364843955113,0.914325002177359,0.286365093089113));
#4142=DIRECTION('',(0.,-1.,0.));
#4143=DIRECTION('center_axis',(0.707104570832093,0.,-0.707108991534093));
#4144=DIRECTION('ref_axis',(-0.707108991534093,0.,-0.707104570832093));
#4145=DIRECTION('',(-0.0507170471709599,-0.997424480556999,-0.0507167300982599));
#4146=DIRECTION('',(0.,-1.,0.));
#4147=DIRECTION('',(-0.707108991534093,0.,-0.707104570832093));
#4148=DIRECTION('center_axis',(0.70710678118653,-2.2478319210405E-7,-0.70710678118653));
#4149=DIRECTION('ref_axis',(-0.707106781186548,3.97046694025199E-23,-0.707106781186548));
#4150=DIRECTION('',(-0.523234565500356,0.672644746628457,-0.523234779328356));
#4151=DIRECTION('',(0.707106781186548,0.,0.707106781186548));
#4152=DIRECTION('center_axis',(0.707106012788887,8.28612923697068E-7,-0.707107549582887));
#4153=DIRECTION('ref_axis',(-0.70710754958313,-5.29395592034035E-23,-0.70710601278913));
#4154=DIRECTION('',(-0.428755985645954,-0.795195956695916,-0.428755985645954));
#4155=DIRECTION('',(0.342104743418991,0.875173409149977,0.342105025462991));
#4156=DIRECTION('',(0.321021486111992,-0.891005908632978,0.321019744307992));
#4157=DIRECTION('center_axis',(0.70710700775601,5.07488553841907E-8,-0.70710655461701));
#4158=DIRECTION('ref_axis',(0.707106554617011,0.,0.707107007756011));
#4159=DIRECTION('',(0.110615099059041,-0.987688513510366,0.110615099059041));
#4160=DIRECTION('center_axis',(0.707107479982002,-7.53557975883502E-7,-0.707106082390002));
#4161=DIRECTION('ref_axis',(0.707106082390202,-5.32942542500341E-19,0.707107479982202));
#4162=DIRECTION('',(0.49999914381201,-0.707106760376014,0.50000088561701));
#4163=DIRECTION('',(0.521030038716185,0.67605848501124,0.521030348060185));
#4164=DIRECTION('center_axis',(0.32102006503597,0.891006305077918,0.32102006503597));
#4165=DIRECTION('ref_axis',(0.940800631011536,-0.338960429384164,9.33975119466435E-15));
#4166=DIRECTION('',(-0.73823897548487,0.0230927877758659,0.674143855736881));
#4167=DIRECTION('',(0.630037471302903,-0.45399092976793,0.630035729496903));
#4168=DIRECTION('center_axis',(0.321020397187041,0.891006051226115,0.321020437462041));
#4169=DIRECTION('ref_axis',(1.18169363183479E-13,-0.338960862918496,0.940800474813628));
#4170=DIRECTION('',(0.630036420900197,-0.453991427979142,0.630036420900197));
#4171=DIRECTION('',(0.707106825543046,0.,-0.707106736830046));
#4172=DIRECTION('center_axis',(0.500000389372026,0.707106186174037,0.500000452102026));
#4173=DIRECTION('ref_axis',(-3.12305736827113E-13,-0.577350941101546,0.816496105813836));
#4174=DIRECTION('',(-0.731624523944129,0.0359678461380164,0.68075830513312));
#4175=DIRECTION('',(0.499999579263007,-0.707107376198009,0.499999579263007));
#4176=DIRECTION('center_axis',(0.499999985285247,0.70710680199635,0.499999985285247));
#4177=DIRECTION('ref_axis',(1.0672018824209E-13,-0.577350246534833,0.816496596947083));
#4178=DIRECTION('',(0.707106781186548,0.,-0.707106781186548));
#4179=DIRECTION('center_axis',(0.707106856136028,2.08025001089408E-7,-0.707106706237028));
#4180=DIRECTION('ref_axis',(0.707106706237044,0.,0.707106856136044));
#4181=DIRECTION('',(-0.588741516334778,-0.553865069369791,-0.588741804083778));
#4182=DIRECTION('center_axis',(0.707106942022029,2.5436753460631E-8,-0.707106620351029));
#4183=DIRECTION('ref_axis',(0.707106620351029,-1.65436122510612E-24,0.707106942022029));
#4184=DIRECTION('',(0.0785871673592157,-0.993804867291819,0.0785871673592157));
#4185=DIRECTION('center_axis',(0.707104570832093,0.,-0.707108991534093));
#4186=DIRECTION('ref_axis',(-0.707108991534093,0.,-0.707104570832093));
#4187=DIRECTION('',(0.707108991534093,0.,0.707104570832093));
#4188=DIRECTION('',(0.,-1.,0.));
#4189=DIRECTION('center_axis',(-0.707105953100002,-4.14533366039501E-7,
0.707107609272002));
#4190=DIRECTION('ref_axis',(0.707107609272063,0.,0.707105953100063));
#4191=DIRECTION('',(-0.235950407226894,-0.942684894680575,-0.235950407226894));
#4192=DIRECTION('',(0.343293425727054,0.874242213504137,0.343293134187054));
#4193=DIRECTION('center_axis',(-0.707106884953032,-1.46748137645007E-7,
0.707106677420032));
#4194=DIRECTION('ref_axis',(-0.70710667742004,0.,-0.70710688495304));
#4195=DIRECTION('',(-0.375737862036019,-0.847137475902043,-0.375738148123019));
#4196=DIRECTION('',(0.468860741985812,0.7485579032607,0.468861034945812));
#4197=DIRECTION('center_axis',(-0.70710714913294,1.84191343816184E-7,0.70710641323994));
#4198=DIRECTION('ref_axis',(-0.707106413239952,0.,-0.707107149132952));
#4199=DIRECTION('center_axis',(-0.707107028619989,-2.06378433319197E-7,
0.707106533752989));
#4200=DIRECTION('ref_axis',(-0.707106533753004,-1.32348898008485E-23,-0.707107028620004));
#4201=DIRECTION('',(0.518280661569162,-0.680272108434212,0.518280825740162));
#4202=DIRECTION('center_axis',(-0.707106781186537,1.70646682587088E-7,0.707106781186537));
#4203=DIRECTION('ref_axis',(0.707106781186548,0.,0.707106781186548));
#4204=DIRECTION('',(0.696313542321276,0.174054474396069,0.696313500316276));
#4205=DIRECTION('',(-0.707106781186548,0.,-0.707106781186548));
#4206=DIRECTION('center_axis',(-0.70710666634384,-7.48220460732631E-7,0.70710689602884));
#4207=DIRECTION('ref_axis',(0.707106896029038,0.,0.707106666344038));
#4208=DIRECTION('',(-0.684087947199093,-0.253075677673034,-0.684087992781093));
#4209=DIRECTION('center_axis',(-0.707106909701922,5.67418347421137E-7,0.707106652670922));
#4210=DIRECTION('ref_axis',(-0.707106652671036,0.,-0.707106909702036));
#4211=DIRECTION('',(0.660009316444759,0.358852989175869,0.660009268393759));
#4212=DIRECTION('center_axis',(-0.707106691041022,-2.36910734652207E-7,
0.707106871332022));
#4213=DIRECTION('ref_axis',(0.707106871332042,0.,0.707106691041042));
#4214=DIRECTION('',(-0.62267758691003,-0.473862053260023,-0.62267758691003));
#4215=DIRECTION('center_axis',(-0.707106966896939,4.88064217763058E-7,0.707106595475939));
#4216=DIRECTION('ref_axis',(-0.707106595476023,0.,-0.707106966897023));
#4217=DIRECTION('',(0.578293059704036,0.575460148288035,0.578292966264036));
#4218=DIRECTION('center_axis',(-0.707106627319443,-4.99627015165113E-7,
0.707106935053443));
#4219=DIRECTION('ref_axis',(0.707106935053531,3.53265678564262E-19,0.707106627319531));
#4220=DIRECTION('',(-0.706867015182588,-0.0260471607062648,-0.706866725957588));
#4221=DIRECTION('',(0.648290025190337,0.399299494712207,0.648290025190337));
#4222=DIRECTION('center_axis',(-0.707107006589944,4.38747259597165E-7,0.707106555782944));
#4223=DIRECTION('ref_axis',(-0.707106555783012,-1.05879118406789E-22,-0.707107006590012));
#4224=DIRECTION('',(-0.685807992287571,-0.243586541145848,-0.685808278374571));
#4225=DIRECTION('',(0.572061401864957,0.587785254146955,0.572061401864957));
#4226=DIRECTION('center_axis',(-0.707105953100002,4.14533366149901E-7,0.707107609272002));
#4227=DIRECTION('ref_axis',(0.707107609272063,2.64697796016992E-23,0.707105953100063));
#4228=DIRECTION('center_axis',(-0.707106555782944,-4.38747463522365E-7,
0.707107006589944));
#4229=DIRECTION('ref_axis',(0.707107006590012,0.,0.707106555783012));
#4230=DIRECTION('center_axis',(-0.707107006589944,-4.38747259436065E-7,
0.707106555782944));
#4231=DIRECTION('ref_axis',(-0.707106555783012,0.,-0.707107006590012));
#4232=DIRECTION('center_axis',(-0.707106396403941,-6.63850636002645E-8,
0.707107165968941));
#4233=DIRECTION('ref_axis',(0.707107165968943,-6.61744490042369E-24,0.707106396403943));
#4234=DIRECTION('',(-0.0856282303356372,-0.992640726717967,-0.0856282303356372));
#4235=DIRECTION('center_axis',(-0.707107129574009,1.13126317924801E-6,0.707106432798009));
#4236=DIRECTION('ref_axis',(-0.707106432798462,-7.99916739563237E-19,-0.707107129574462));
#4237=DIRECTION('',(0.321019744307992,-0.891005908632978,0.321021486111992));
#4238=DIRECTION('center_axis',(0.630036320072301,0.453991707831217,0.630036320072301));
#4239=DIRECTION('ref_axis',(0.707106781186548,0.,-0.707106781186548));
#4240=DIRECTION('',(0.707106781186548,0.,-0.707106781186548));
#4241=DIRECTION('center_axis',(0.698401245603294,0.156433373292066,0.698401245603294));
#4242=DIRECTION('ref_axis',(0.707106781186548,0.,-0.707106781186548));
#4243=DIRECTION('',(0.110615099059041,-0.987688513510366,0.110615099059041));
#4244=DIRECTION('',(0.707106781186548,0.,-0.707106781186548));
#4245=DIRECTION('center_axis',(0.698401245603294,-0.156433373292066,0.698401245603294));
#4246=DIRECTION('ref_axis',(0.707106781186548,0.,-0.707106781186548));
#4247=DIRECTION('',(-0.110615099059041,-0.987688513510366,-0.110615099059041));
#4248=DIRECTION('',(0.707106781186548,0.,-0.707106781186548));
#4249=DIRECTION('center_axis',(0.630036320072301,-0.453991707831217,0.630036320072301));
#4250=DIRECTION('ref_axis',(0.707106781186548,0.,-0.707106781186548));
#4251=DIRECTION('center_axis',(0.110615786653998,-0.98768835949698,0.110615786653998));
#4252=DIRECTION('ref_axis',(-6.60235754956474E-15,-0.111298800235891,-0.993786987772556));
#4253=DIRECTION('',(-0.698401136699285,-0.156434345699064,-0.698401136699285));
#4254=DIRECTION('',(-0.698401136699285,-0.156434345699064,-0.698401136699285));
#4255=DIRECTION('',(0.707106781186548,0.,-0.707106781186548));
#4256=DIRECTION('center_axis',(-0.110615786653998,-0.98768835949698,-0.110615786653998));
#4257=DIRECTION('ref_axis',(-6.60235754956474E-15,0.111298800235891,-0.993786987772556));
#4258=DIRECTION('',(-0.698401136699285,0.156434345699064,-0.698401136699285));
#4259=DIRECTION('',(-0.698401136699285,0.156434345699064,-0.698401136699285));
#4260=DIRECTION('center_axis',(-0.630036985125141,-0.453989752248102,-0.630037064170141));
#4261=DIRECTION('ref_axis',(-0.707106825543538,-3.54605234065298E-13,0.707106736829554));
#4262=DIRECTION('center_axis',(-0.707106781186548,0.,0.707106781186548));
#4263=DIRECTION('ref_axis',(-0.707106781186548,0.,-0.707106781186548));
#4264=DIRECTION('',(0.703233170306367,-0.104528543287054,0.703233170306367));
#4265=DIRECTION('center_axis',(-0.707106724060045,0.,0.707106838313045));
#4266=DIRECTION('ref_axis',(0.707106838313045,0.,0.707106724060045));
#4267=DIRECTION('',(0.,1.,0.));
#4268=DIRECTION('center_axis',(-0.707106364195925,1.29647397321186E-8,0.707107198176924));
#4269=DIRECTION('ref_axis',(0.707107198176925,0.,0.707106364195925));
#4270=DIRECTION('center_axis',(0.707106781186548,0.,-0.707106781186548));
#4271=DIRECTION('ref_axis',(-0.707106781186548,0.,-0.707106781186548));
#4272=DIRECTION('',(0.703233170306367,0.104528543287054,0.703233170306367));
#4273=DIRECTION('center_axis',(0.707106781186548,0.,-0.707106781186548));
#4274=DIRECTION('ref_axis',(-0.707106781186548,0.,-0.707106781186548));
#4275=DIRECTION('',(-0.703233170306367,0.104528543287054,-0.703233170306367));
#4276=DIRECTION('center_axis',(0.645974171278171,-0.406736696258108,0.645974171278171));
#4277=DIRECTION('ref_axis',(0.707106781186548,0.,-0.707106781186548));
#4278=DIRECTION('center_axis',(0.707106814649047,0.,0.707106747724047));
#4279=DIRECTION('ref_axis',(-0.707106747724047,0.,0.707106814649047));
#4280=DIRECTION('center_axis',(0.645974171278171,0.406736696258108,0.645974171278171));
#4281=DIRECTION('ref_axis',(0.707106781186548,0.,-0.707106781186548));
#4282=DIRECTION('center_axis',(0.0739128452838788,0.994521886957849,0.0739128382883588));
#4283=DIRECTION('ref_axis',(0.997249658714375,-0.0741155732222521,3.38444550163201E-15));
#4284=DIRECTION('',(0.707106747724047,0.,-0.707106814649047));
#4285=DIRECTION('center_axis',(0.,1.,0.));
#4286=DIRECTION('ref_axis',(0.,0.,1.));
#4287=DIRECTION('',(0.,0.,1.));
#4288=DIRECTION('',(1.,0.,0.));
#4289=DIRECTION('',(0.,0.,-1.));
#4290=DIRECTION('center_axis',(0.,1.,0.));
#4291=DIRECTION('ref_axis',(0.,0.,1.));
#4292=DIRECTION('',(0.,0.,1.));
#4293=DIRECTION('',(1.,0.,0.));
#4294=DIRECTION('',(0.,0.,1.));
#4295=DIRECTION('',(1.,0.,0.));
#4296=DIRECTION('center_axis',(1.,0.,0.));
#4297=DIRECTION('ref_axis',(0.,0.,1.));
#4298=DIRECTION('',(0.,0.,-1.));
#4299=DIRECTION('',(0.,1.,0.));
#4300=DIRECTION('',(0.,0.,-1.));
#4301=DIRECTION('',(0.,-1.,0.));
#4302=DIRECTION('center_axis',(0.,0.,1.));
#4303=DIRECTION('ref_axis',(1.,0.,0.));
#4304=DIRECTION('',(-1.,0.,0.));
#4305=DIRECTION('',(0.,-1.,0.));
#4306=DIRECTION('',(0.987688310375573,-0.156434655838932,0.));
#4307=DIRECTION('',(0.891006659427485,-0.453990234317737,0.));
#4308=DIRECTION('',(0.707106573357017,-0.707106989016017,0.));
#4309=DIRECTION('',(0.453991474390991,-0.891006027577981,0.));
#4310=DIRECTION('',(0.156433769939992,-0.987688450687949,0.));
#4311=DIRECTION('',(-0.156433769939992,-0.987688450687949,0.));
#4312=DIRECTION('',(-0.453991474390991,-0.891006027577981,0.));
#4313=DIRECTION('',(-0.707106573357017,-0.707106989016017,0.));
#4314=DIRECTION('',(-0.891006659427485,-0.453990234317737,0.));
#4315=DIRECTION('',(-0.987688310375573,-0.156434655838932,0.));
#4316=DIRECTION('',(-0.987688310375573,0.156434655838932,0.));
#4317=DIRECTION('',(-0.891006659427485,0.453990234317737,0.));
#4318=DIRECTION('',(-0.707106573357017,0.707106989016017,0.));
#4319=DIRECTION('',(-0.453991474390991,0.891006027577981,0.));
#4320=DIRECTION('',(-0.156433769939992,0.987688450687949,0.));
#4321=DIRECTION('',(0.156433769939992,0.987688450687949,0.));
#4322=DIRECTION('',(0.453991474390991,0.891006027577981,0.));
#4323=DIRECTION('',(0.707106573357017,0.707106989016017,0.));
#4324=DIRECTION('',(0.891006659427485,0.453990234317737,0.));
#4325=DIRECTION('',(0.987688310375573,0.156434655838932,0.));
#4326=DIRECTION('',(0.987688310375573,0.156434655838932,0.));
#4327=DIRECTION('',(0.987688310375573,-0.156434655838932,0.));
#4328=DIRECTION('',(0.891006659427485,-0.453990234317737,0.));
#4329=DIRECTION('',(0.707106850463044,-0.707106711910044,0.));
#4330=DIRECTION('',(0.45399059442409,-0.891006475944177,0.));
#4331=DIRECTION('',(0.156434310587993,-0.987688365057957,0.));
#4332=DIRECTION('',(-0.156434310587993,-0.987688365057957,0.));
#4333=DIRECTION('',(-0.45399059442409,-0.891006475944177,0.));
#4334=DIRECTION('',(-0.707106850463044,-0.707106711910044,0.));
#4335=DIRECTION('',(-0.891006659427485,-0.453990234317737,0.));
#4336=DIRECTION('',(-0.987688310375573,-0.156434655838932,0.));
#4337=DIRECTION('',(-0.987688310375573,0.156434655838932,0.));
#4338=DIRECTION('',(-0.891006659427485,0.453990234317737,0.));
#4339=DIRECTION('',(-0.707106573357017,0.707106989016017,0.));
#4340=DIRECTION('',(-0.45399059442409,0.891006475944177,0.));
#4341=DIRECTION('',(-0.156434851235947,0.987688279427668,0.));
#4342=DIRECTION('',(0.156434851235947,0.987688279427668,0.));
#4343=DIRECTION('',(0.45399059442409,0.891006475944177,0.));
#4344=DIRECTION('',(0.707106573357017,0.707106989016017,0.));
#4345=DIRECTION('',(0.891006659427485,0.453990234317737,0.));
#4346=DIRECTION('center_axis',(0.,0.,-1.));
#4347=DIRECTION('ref_axis',(-1.,0.,0.));
#4348=DIRECTION('',(0.,1.,0.));
#4349=DIRECTION('',(-1.,0.,0.));
#4350=DIRECTION('',(0.156434851235947,0.987688279427668,0.));
#4351=DIRECTION('',(-0.156434851235947,0.987688279427668,0.));
#4352=DIRECTION('',(-0.45399059442409,0.891006475944177,0.));
#4353=DIRECTION('',(-0.707106573357017,0.707106989016017,0.));
#4354=DIRECTION('',(-0.891006659427485,0.453990234317737,0.));
#4355=DIRECTION('',(-0.987688310375573,0.156434655838932,0.));
#4356=DIRECTION('',(-0.987688310375573,-0.156434655838932,0.));
#4357=DIRECTION('',(-0.891006659427485,-0.453990234317737,0.));
#4358=DIRECTION('',(-0.707106850463044,-0.707106711910044,0.));
#4359=DIRECTION('',(-0.45399059442409,-0.891006475944177,0.));
#4360=DIRECTION('',(-0.156434310587993,-0.987688365057957,0.));
#4361=DIRECTION('',(0.156434310587993,-0.987688365057957,0.));
#4362=DIRECTION('',(0.45399059442409,-0.891006475944177,0.));
#4363=DIRECTION('',(0.707106850463044,-0.707106711910044,0.));
#4364=DIRECTION('',(0.891006659427485,-0.453990234317737,0.));
#4365=DIRECTION('',(0.987688310375573,-0.156434655838932,0.));
#4366=DIRECTION('',(0.987688310375573,0.156434655838932,0.));
#4367=DIRECTION('',(0.891006659427485,0.453990234317737,0.));
#4368=DIRECTION('',(0.707106573357017,0.707106989016017,0.));
#4369=DIRECTION('',(0.45399059442409,0.891006475944177,0.));
#4370=DIRECTION('',(-0.156433769939992,0.987688450687949,0.));
#4371=DIRECTION('',(-0.453991474390991,0.891006027577981,0.));
#4372=DIRECTION('',(-0.707106573357017,0.707106989016017,0.));
#4373=DIRECTION('',(-0.891006659427485,0.453990234317737,0.));
#4374=DIRECTION('',(-0.987688310375573,0.156434655838932,0.));
#4375=DIRECTION('',(-0.987688310375573,-0.156434655838932,0.));
#4376=DIRECTION('',(-0.891006659427485,-0.453990234317737,0.));
#4377=DIRECTION('',(-0.707106573357017,-0.707106989016017,0.));
#4378=DIRECTION('',(-0.453991474390991,-0.891006027577981,0.));
#4379=DIRECTION('',(-0.156433769939992,-0.987688450687949,0.));
#4380=DIRECTION('',(0.156433769939992,-0.987688450687949,0.));
#4381=DIRECTION('',(0.453991474390991,-0.891006027577981,0.));
#4382=DIRECTION('',(0.707106573357017,-0.707106989016017,0.));
#4383=DIRECTION('',(0.891006659427485,-0.453990234317737,0.));
#4384=DIRECTION('',(0.987688310375573,-0.156434655838932,0.));
#4385=DIRECTION('',(0.987688310375573,0.156434655838932,0.));
#4386=DIRECTION('',(0.891006659427485,0.453990234317737,0.));
#4387=DIRECTION('',(0.707106573357017,0.707106989016017,0.));
#4388=DIRECTION('',(0.453991474390991,0.891006027577981,0.));
#4389=DIRECTION('',(0.156433769939992,0.987688450687949,0.));
#4390=DIRECTION('center_axis',(0.891006027577981,0.453991474390991,0.));
#4391=DIRECTION('ref_axis',(-0.453991474390991,0.891006027577981,0.));
#4392=DIRECTION('',(0.,0.,1.));
#4393=DIRECTION('',(0.,0.,1.));
#4394=DIRECTION('center_axis',(0.707106989016017,0.707106573357017,0.));
#4395=DIRECTION('ref_axis',(-0.707106573357017,0.707106989016017,0.));
#4396=DIRECTION('',(0.,0.,1.));
#4397=DIRECTION('center_axis',(0.453990234317737,0.891006659427485,0.));
#4398=DIRECTION('ref_axis',(0.891006659427485,-0.453990234317738,0.));
#4399=DIRECTION('',(0.,0.,1.));
#4400=DIRECTION('center_axis',(0.156434655838932,0.987688310375573,0.));
#4401=DIRECTION('ref_axis',(0.987688310375573,-0.156434655838932,0.));
#4402=DIRECTION('',(0.,0.,1.));
#4403=DIRECTION('center_axis',(-0.156434655838932,0.987688310375573,0.));
#4404=DIRECTION('ref_axis',(0.987688310375573,0.156434655838932,0.));
#4405=DIRECTION('',(0.,0.,1.));
#4406=DIRECTION('center_axis',(-0.453990234317737,0.891006659427485,0.));
#4407=DIRECTION('ref_axis',(0.891006659427485,0.453990234317738,0.));
#4408=DIRECTION('',(0.,0.,1.));
#4409=DIRECTION('center_axis',(-0.707106989016017,0.707106573357017,0.));
#4410=DIRECTION('ref_axis',(-0.707106573357017,-0.707106989016017,0.));
#4411=DIRECTION('',(0.,0.,1.));
#4412=DIRECTION('center_axis',(-0.891006027577981,0.453991474390991,0.));
#4413=DIRECTION('ref_axis',(-0.453991474390991,-0.891006027577981,0.));
#4414=DIRECTION('',(0.,0.,1.));
#4415=DIRECTION('center_axis',(-0.987688450687949,0.156433769939992,0.));
#4416=DIRECTION('ref_axis',(-0.156433769939992,-0.987688450687949,0.));
#4417=DIRECTION('',(0.,0.,1.));
#4418=DIRECTION('center_axis',(-0.987688450687949,-0.156433769939992,0.));
#4419=DIRECTION('ref_axis',(0.156433769939992,-0.987688450687949,0.));
#4420=DIRECTION('',(0.,0.,1.));
#4421=DIRECTION('center_axis',(-0.891006027577981,-0.453991474390991,0.));
#4422=DIRECTION('ref_axis',(0.453991474390991,-0.891006027577981,0.));
#4423=DIRECTION('',(0.,0.,1.));
#4424=DIRECTION('center_axis',(-0.707106989016017,-0.707106573357017,0.));
#4425=DIRECTION('ref_axis',(0.707106573357017,-0.707106989016017,0.));
#4426=DIRECTION('',(0.,0.,1.));
#4427=DIRECTION('center_axis',(-0.453990234317737,-0.891006659427485,0.));
#4428=DIRECTION('ref_axis',(-0.891006659427485,0.453990234317738,0.));
#4429=DIRECTION('',(0.,0.,1.));
#4430=DIRECTION('center_axis',(-0.156434655838932,-0.987688310375573,0.));
#4431=DIRECTION('ref_axis',(-0.987688310375573,0.156434655838932,0.));
#4432=DIRECTION('',(0.,0.,1.));
#4433=DIRECTION('center_axis',(0.156434655838932,-0.987688310375573,0.));
#4434=DIRECTION('ref_axis',(-0.987688310375573,-0.156434655838932,0.));
#4435=DIRECTION('',(0.,0.,1.));
#4436=DIRECTION('center_axis',(0.453990234317737,-0.891006659427485,0.));
#4437=DIRECTION('ref_axis',(-0.891006659427485,-0.453990234317738,0.));
#4438=DIRECTION('',(0.,0.,1.));
#4439=DIRECTION('center_axis',(0.707106989016017,-0.707106573357017,0.));
#4440=DIRECTION('ref_axis',(0.707106573357017,0.707106989016017,0.));
#4441=DIRECTION('',(0.,0.,1.));
#4442=DIRECTION('center_axis',(0.891006027577981,-0.453991474390991,0.));
#4443=DIRECTION('ref_axis',(0.453991474390991,0.891006027577981,0.));
#4444=DIRECTION('',(0.,0.,1.));
#4445=DIRECTION('center_axis',(0.987688450687949,-0.156433769939992,0.));
#4446=DIRECTION('ref_axis',(0.156433769939992,0.987688450687949,0.));
#4447=DIRECTION('',(0.,0.,1.));
#4448=DIRECTION('center_axis',(0.987688450687949,0.156433769939992,0.));
#4449=DIRECTION('ref_axis',(-0.156433769939992,0.987688450687949,0.));
#4450=DIRECTION('center_axis',(0.987688365057957,0.156434310587993,0.));
#4451=DIRECTION('ref_axis',(-0.156434310587993,0.987688365057957,0.));
#4452=DIRECTION('',(0.,0.,1.));
#4453=DIRECTION('',(0.,0.,1.));
#4454=DIRECTION('center_axis',(0.891006475944177,0.45399059442409,0.));
#4455=DIRECTION('ref_axis',(-0.45399059442409,0.891006475944177,0.));
#4456=DIRECTION('',(0.,0.,1.));
#4457=DIRECTION('center_axis',(0.707106711910044,0.707106850463044,0.));
#4458=DIRECTION('ref_axis',(0.707106850463044,-0.707106711910044,0.));
#4459=DIRECTION('',(0.,0.,1.));
#4460=DIRECTION('center_axis',(0.453990234317737,0.891006659427485,0.));
#4461=DIRECTION('ref_axis',(0.891006659427485,-0.453990234317738,0.));
#4462=DIRECTION('',(0.,0.,1.));
#4463=DIRECTION('center_axis',(0.156434655838932,0.987688310375573,0.));
#4464=DIRECTION('ref_axis',(0.987688310375573,-0.156434655838932,0.));
#4465=DIRECTION('',(0.,0.,1.));
#4466=DIRECTION('center_axis',(-0.156434655838932,0.987688310375573,0.));
#4467=DIRECTION('ref_axis',(0.987688310375573,0.156434655838932,0.));
#4468=DIRECTION('',(0.,0.,1.));
#4469=DIRECTION('center_axis',(-0.453990234317737,0.891006659427485,0.));
#4470=DIRECTION('ref_axis',(0.891006659427485,0.453990234317738,0.));
#4471=DIRECTION('',(0.,0.,1.));
#4472=DIRECTION('center_axis',(-0.707106989016017,0.707106573357017,0.));
#4473=DIRECTION('ref_axis',(-0.707106573357017,-0.707106989016017,0.));
#4474=DIRECTION('',(0.,0.,1.));
#4475=DIRECTION('center_axis',(-0.891006475944177,0.45399059442409,0.));
#4476=DIRECTION('ref_axis',(-0.45399059442409,-0.891006475944177,0.));
#4477=DIRECTION('',(0.,0.,1.));
#4478=DIRECTION('center_axis',(-0.987688279427668,0.156434851235947,0.));
#4479=DIRECTION('ref_axis',(-0.156434851235947,-0.987688279427668,0.));
#4480=DIRECTION('',(0.,0.,1.));
#4481=DIRECTION('center_axis',(-0.987688279427668,-0.156434851235947,0.));
#4482=DIRECTION('ref_axis',(0.156434851235947,-0.987688279427668,0.));
#4483=DIRECTION('',(0.,0.,1.));
#4484=DIRECTION('center_axis',(-0.891006475944177,-0.45399059442409,0.));
#4485=DIRECTION('ref_axis',(0.45399059442409,-0.891006475944177,0.));
#4486=DIRECTION('',(0.,0.,1.));
#4487=DIRECTION('center_axis',(-0.707106989016017,-0.707106573357017,0.));
#4488=DIRECTION('ref_axis',(0.707106573357017,-0.707106989016017,0.));
#4489=DIRECTION('',(0.,0.,1.));
#4490=DIRECTION('center_axis',(-0.453990234317737,-0.891006659427485,0.));
#4491=DIRECTION('ref_axis',(-0.891006659427485,0.453990234317738,0.));
#4492=DIRECTION('',(0.,0.,1.));
#4493=DIRECTION('center_axis',(-0.156434655838932,-0.987688310375573,0.));
#4494=DIRECTION('ref_axis',(-0.987688310375573,0.156434655838932,0.));
#4495=DIRECTION('',(0.,0.,1.));
#4496=DIRECTION('center_axis',(0.156434655838932,-0.987688310375573,0.));
#4497=DIRECTION('ref_axis',(-0.987688310375573,-0.156434655838932,0.));
#4498=DIRECTION('',(0.,0.,1.));
#4499=DIRECTION('center_axis',(0.453990234317737,-0.891006659427485,0.));
#4500=DIRECTION('ref_axis',(-0.891006659427485,-0.453990234317738,0.));
#4501=DIRECTION('',(0.,0.,1.));
#4502=DIRECTION('center_axis',(0.707106711910044,-0.707106850463044,0.));
#4503=DIRECTION('ref_axis',(-0.707106850463044,-0.707106711910044,0.));
#4504=DIRECTION('',(0.,0.,1.));
#4505=DIRECTION('center_axis',(0.891006475944177,-0.45399059442409,0.));
#4506=DIRECTION('ref_axis',(0.45399059442409,0.891006475944177,0.));
#4507=DIRECTION('',(0.,0.,1.));
#4508=DIRECTION('center_axis',(0.987688365057957,-0.156434310587993,0.));
#4509=DIRECTION('ref_axis',(0.156434310587993,0.987688365057957,0.));
#4510=DIRECTION('center_axis',(0.,-1.,0.));
#4511=DIRECTION('ref_axis',(0.,0.,-1.));
#4512=DIRECTION('',(-1.,0.,0.));
#4513=DIRECTION('',(0.,0.,-1.));
#4514=DIRECTION('center_axis',(0.,0.,-1.));
#4515=DIRECTION('ref_axis',(-1.,0.,0.));
#4516=DIRECTION('',(0.,1.,0.));
#4517=DIRECTION('center_axis',(-1.,0.,0.));
#4518=DIRECTION('ref_axis',(0.,0.,-1.));
#4519=DIRECTION('',(0.,0.,1.));
#4520=DIRECTION('center_axis',(0.,-1.,0.));
#4521=DIRECTION('ref_axis',(0.,0.,-1.));
#4522=DIRECTION('',(-0.707106747724047,0.,0.707106814649047));
#4523=DIRECTION('center_axis',(0.0739128452838788,-0.994521886957849,0.0739128382883588));
#4524=DIRECTION('ref_axis',(-0.997249658714375,-0.0741155732222521,-3.38444550163201E-15));
#4525=DIRECTION('center_axis',(-0.707106685849532,1.58744612186995E-7,0.707106876523532));
#4526=DIRECTION('ref_axis',(0.707106876523541,0.,0.707106685849541));
#4527=DIRECTION('center_axis',(-0.707106781186548,0.,0.707106781186548));
#4528=DIRECTION('ref_axis',(0.707106781186548,0.,0.707106781186548));
#4529=DIRECTION('center_axis',(-0.707106781186548,0.,0.707106781186548));
#4530=DIRECTION('ref_axis',(0.707106781186548,0.,0.707106781186548));
#4531=DIRECTION('center_axis',(-0.707106636076033,0.,0.707106926297033));
#4532=DIRECTION('ref_axis',(0.707106926297033,0.,0.707106636076033));
#4533=DIRECTION('center_axis',(-0.707106685849532,-1.58744612371595E-7,
0.707106876523532));
#4534=DIRECTION('ref_axis',(0.707106876523541,0.,0.707106685849541));
#4535=CARTESIAN_POINT('',(0.,0.,0.));
#4536=CARTESIAN_POINT('Origin',(23.7695541748628,8.88986448380524E-15,39.8700570693398));
#4537=CARTESIAN_POINT('',(23.7695541748628,11.5,39.8700570693398));
#4538=CARTESIAN_POINT('Origin',(23.7695541748628,8.88986448380524E-15,39.8700570693398));
#4539=CARTESIAN_POINT('',(18.8197987050722,11.5,44.8198070452235));
#4540=CARTESIAN_POINT('',(23.7695541748628,11.5,39.8700570693398));
#4541=CARTESIAN_POINT('',(18.1793489299674,11.464276579366,44.1793489299674));
#4542=CARTESIAN_POINT('Origin',(18.8198028751502,8.88986448380524E-15,44.8198028751502));
#4543=CARTESIAN_POINT('',(17.5734770462925,11.364125257695,43.573476651507));
#4544=CARTESIAN_POINT('Origin',(18.8198009780382,8.88986448380524E-15,44.81980477226));
#4545=CARTESIAN_POINT('',(14.1891020642276,9.45321173316802,40.1891012082724));
#4546=CARTESIAN_POINT('Origin',(18.8198044438015,8.88986448380524E-15,44.8198013065006));
#4547=CARTESIAN_POINT('',(13.0884299531829,8.15798620098662,39.0884308252935));
#4548=CARTESIAN_POINT('Origin',(18.8197990537748,8.88986448380524E-15,44.8198066965213));
#4549=CARTESIAN_POINT('',(12.0791301714377,6.432468511181,38.0791292920346));
#4550=CARTESIAN_POINT('Origin',(18.8198046706165,8.88986448380524E-15,44.8198010796859));
#4551=CARTESIAN_POINT('',(11.3057212677517,4.39626605140604,37.3057212677517));
#4552=CARTESIAN_POINT('Origin',(18.8198030966161,8.88986448380524E-15,44.8198026536846));
#4553=CARTESIAN_POINT('',(10.8400649198365,2.2130378161315,36.8400631683099));
#4554=CARTESIAN_POINT('Origin',(18.8198024189029,8.88986448380524E-15,44.819803331397));
#4555=CARTESIAN_POINT('',(10.8400649198365,-2.2130378161315,36.8400631683099));
#4556=CARTESIAN_POINT('Origin',(18.8198043955855,8.88986448380524E-15,44.8198013547166));
#4557=CARTESIAN_POINT('',(11.3057212677517,-4.39626605140604,37.3057212677517));
#4558=CARTESIAN_POINT('Origin',(18.8198024189029,8.88986448380524E-15,44.819803331397));
#4559=CARTESIAN_POINT('',(12.0791301714377,-6.432468511181,38.0791292920346));
#4560=CARTESIAN_POINT('Origin',(18.819803096616,8.88986448380524E-15,44.8198026536846));
#4561=CARTESIAN_POINT('',(13.0884299531829,-8.15798620098661,39.0884308252935));
#4562=CARTESIAN_POINT('Origin',(18.8198046706166,8.88986448380524E-15,44.8198010796858));
#4563=CARTESIAN_POINT('',(14.1891020642276,-9.45321173316801,40.1891012082724));
#4564=CARTESIAN_POINT('Origin',(18.8197990537749,8.88986448380524E-15,44.8198066965213));
#4565=CARTESIAN_POINT('',(17.5734770462925,-11.364125257695,43.573476651507));
#4566=CARTESIAN_POINT('Origin',(18.8198044438015,8.88986448380524E-15,44.8198013065006));
#4567=CARTESIAN_POINT('',(18.1793489299674,-11.464276579366,44.1793489299674));
#4568=CARTESIAN_POINT('Origin',(18.8198009780382,8.88986448380524E-15,44.81980477226));
#4569=CARTESIAN_POINT('',(20.0122075152156,-11.3756908514913,46.0122075152156));
#4570=CARTESIAN_POINT('Origin',(18.8198028751502,8.88986448380524E-15,44.8198028751502));
#4571=CARTESIAN_POINT('',(20.8665353991448,-11.1297694534465,46.8665363429842));
#4572=CARTESIAN_POINT('Origin',(18.8198005262732,8.88986448380524E-15,44.8198052240246));
#4573=CARTESIAN_POINT('',(21.7897967487889,-10.7055250770199,47.7897976926286));
#4574=CARTESIAN_POINT('Origin',(18.8197986652612,8.88986448380524E-15,44.8198070850345));
#4575=CARTESIAN_POINT('',(23.4188135558319,-9.4841030320467,49.4188125986142));
#4576=CARTESIAN_POINT('Origin',(18.8198005541376,8.88986448380524E-15,44.8198051961602));
#4577=CARTESIAN_POINT('',(24.1028076423696,-8.74240994639299,50.1028066569745));
#4578=CARTESIAN_POINT('Origin',(18.8197997762565,8.88986448380524E-15,44.8198059740404));
#4579=CARTESIAN_POINT('',(24.8130814572006,-7.77246573976968,50.8130814572006));
#4580=CARTESIAN_POINT('Origin',(18.8198025528166,8.88986448380524E-15,44.8198031974834));
#4581=CARTESIAN_POINT('',(25.4469676750603,-6.66418587898715,51.4469676750603));
#4582=CARTESIAN_POINT('Origin',(18.8198028751502,8.88986448380524E-15,44.8198028751502));
#4583=CARTESIAN_POINT('',(25.8988013054801,-5.65911441334896,51.8988003521982));
#4584=CARTESIAN_POINT('Origin',(18.8198066302738,8.88986448380524E-15,44.8197991200307));
#4585=CARTESIAN_POINT('',(26.3315998259648,-4.40406936714108,52.3315989040094));
#4586=CARTESIAN_POINT('Origin',(18.8198070352204,8.88986448380524E-15,44.8197987150845));
#4587=CARTESIAN_POINT('',(26.6190207548265,-3.25490185875499,52.6190217049587));
#4588=CARTESIAN_POINT('Origin',(18.8198008568849,8.88986448380524E-15,44.8198048934133));
#4589=CARTESIAN_POINT('',(26.8384098113558,-1.91150595518973,52.8384117187048));
#4590=CARTESIAN_POINT('Origin',(18.8197996529161,8.88986448380524E-15,44.8198060973807));
#4591=CARTESIAN_POINT('',(26.9370309681153,-0.686440479262501,52.9370319316225));
#4592=CARTESIAN_POINT('Origin',(18.8198042703566,8.88986448380524E-15,44.8198014799453));
#4593=CARTESIAN_POINT('',(26.9370309681154,0.686440479262502,52.9370319316226));
#4594=CARTESIAN_POINT('Origin',(18.8198061313688,8.88986448380524E-15,44.8197996189352));
#4595=CARTESIAN_POINT('',(26.8384098113558,1.91150595518973,52.8384117187048));
#4596=CARTESIAN_POINT('Origin',(18.8198042703566,8.88986448380524E-15,44.8198014799453));
#4597=CARTESIAN_POINT('',(26.6190207548265,3.25490185875499,52.6190217049587));
#4598=CARTESIAN_POINT('Origin',(18.8197996529161,8.88986448380524E-15,44.8198060973807));
#4599=CARTESIAN_POINT('',(26.3315998259648,4.40406936714108,52.3315989040094));
#4600=CARTESIAN_POINT('Origin',(18.8198008568849,8.88986448380524E-15,44.8198048934133));
#4601=CARTESIAN_POINT('',(25.3493664856467,6.85416734189683,51.3493655791747));
#4602=CARTESIAN_POINT('Origin',(18.8198072025361,8.88986448380524E-15,44.819798547769));
#4603=CARTESIAN_POINT('',(24.8130814572006,7.77246573976969,50.8130814572006));
#4604=CARTESIAN_POINT('Origin',(18.8198032195394,8.88986448380524E-15,44.8198025307613));
#4605=CARTESIAN_POINT('',(24.1028076423696,8.742409946393,50.1028066569745));
#4606=CARTESIAN_POINT('Origin',(18.8198025528166,8.88986448380524E-15,44.8198031974834));
#4607=CARTESIAN_POINT('',(23.4188135558315,9.48410303204714,49.4188125986138));
#4608=CARTESIAN_POINT('Origin',(18.8197997762565,8.88986448380524E-15,44.8198059740404));
#4609=CARTESIAN_POINT('',(21.7897967487851,10.7055250770221,47.7897976926248));
#4610=CARTESIAN_POINT('Origin',(18.8198005541376,8.88986448380524E-15,44.8198051961602));
#4611=CARTESIAN_POINT('',(20.8665353991452,11.1297694534464,46.8665363429847));
#4612=CARTESIAN_POINT('Origin',(18.8197986652612,8.88986448380524E-15,44.8198070850345));
#4613=CARTESIAN_POINT('',(20.0122075152156,11.3756908514913,46.0122075152156));
#4614=CARTESIAN_POINT('Origin',(18.8198005262732,8.88986448380524E-15,44.8198052240246));
#4615=CARTESIAN_POINT('Origin',(18.8198028751502,8.88986448380524E-15,44.8198028751502));
#4616=CARTESIAN_POINT('Origin',(23.7695541748628,9.53346269308229E-15,39.8700570693398));
#4617=CARTESIAN_POINT('',(23.769552230835,10.,39.870056152344));
#4618=CARTESIAN_POINT('',(24.213548660278,9.980267524719,40.314052581787));
#4619=CARTESIAN_POINT('',(23.769552230835,10.,39.870056152344));
#4620=CARTESIAN_POINT('',(25.95463180542,9.510564804077,42.055137634277));
#4621=CARTESIAN_POINT('',(24.213548660278,9.980267524719,40.314052581787));
#4622=CARTESIAN_POINT('',(27.5584201807864,8.44327926635674,43.6589241032704));
#4623=CARTESIAN_POINT('',(25.95463180542,9.510564804077,42.055137634277));
#4624=CARTESIAN_POINT('',(28.924139023295,6.84547090530341,45.024642943867));
#4625=CARTESIAN_POINT('',(27.558420181274,8.443279266357,43.658924102783));
#4626=CARTESIAN_POINT('',(29.965976715088,4.817536830902,46.066482543945));
#4627=CARTESIAN_POINT('',(28.924139022827,6.845470905304,45.024642944336));
#4628=CARTESIAN_POINT('',(30.618469238281,2.486898899078,46.718975067139));
#4629=CARTESIAN_POINT('',(29.965976715088,4.817536830902,46.066482543945));
#4630=CARTESIAN_POINT('',(30.840620040894,0.,46.941123962402));
#4631=CARTESIAN_POINT('',(30.618469238281,2.486898899078,46.718975067139));
#4632=CARTESIAN_POINT('',(30.618469238281,-2.486898899078,46.718975067139));
#4633=CARTESIAN_POINT('',(30.840620040894,0.,46.941123962402));
#4634=CARTESIAN_POINT('',(29.965976715088,-4.817536830902,46.066482543945));
#4635=CARTESIAN_POINT('',(30.618469238281,-2.486898899078,46.718975067139));
#4636=CARTESIAN_POINT('',(28.9241390234126,-6.84547090530379,45.0246429437503));
#4637=CARTESIAN_POINT('',(29.965976715088,-4.817536830902,46.066482543945));
#4638=CARTESIAN_POINT('',(27.5584201807864,-8.44327926635674,43.6589241032704));
#4639=CARTESIAN_POINT('',(28.924139022827,-6.845470905304,45.024642944336));
#4640=CARTESIAN_POINT('',(25.95463180542,-9.510564804077,42.055137634277));
#4641=CARTESIAN_POINT('',(27.558420181274,-8.443279266357,43.658924102783));
#4642=CARTESIAN_POINT('',(24.213548660278,-9.980267524719,40.314052581787));
#4643=CARTESIAN_POINT('',(25.95463180542,-9.510564804077,42.055137634277));
#4644=CARTESIAN_POINT('',(22.444566726685,-9.822872161865,38.545070648193));
#4645=CARTESIAN_POINT('',(24.213548660278,-9.980267524719,40.314052581787));
#4646=CARTESIAN_POINT('',(20.758838653564,-9.048270225525,36.859344482422));
#4647=CARTESIAN_POINT('',(22.444566726685,-9.822872161865,38.545070648193));
#4648=CARTESIAN_POINT('',(19.262285232544,-7.705132484436,35.362789154053));
#4649=CARTESIAN_POINT('',(20.758838653564,-9.048270225525,36.859344482422));
#4650=CARTESIAN_POINT('',(18.048938751221,-5.87785243988,34.149444580078));
#4651=CARTESIAN_POINT('',(19.262285232544,-7.705132484436,35.362789154053));
#4652=CARTESIAN_POINT('',(17.195039749146,-3.681245565414,33.295543670654));
#4653=CARTESIAN_POINT('',(18.048938751221,-5.87785243988,34.149444580078));
#4654=CARTESIAN_POINT('',(16.754241943359,-1.25333237648,32.854747772217));
#4655=CARTESIAN_POINT('',(17.195039749146,-3.681245565414,33.295543670654));
#4656=CARTESIAN_POINT('',(16.754241943359,1.25333237648,32.854747772217));
#4657=CARTESIAN_POINT('',(16.754241943359,-1.25333237648,32.854747772217));
#4658=CARTESIAN_POINT('',(17.195039749146,3.681245565414,33.295543670654));
#4659=CARTESIAN_POINT('',(16.754241943359,1.25333237648,32.854747772217));
#4660=CARTESIAN_POINT('',(18.048938751221,5.87785243988,34.149444580078));
#4661=CARTESIAN_POINT('',(17.195039749146,3.681245565414,33.295543670654));
#4662=CARTESIAN_POINT('',(19.262285232544,7.705132484436,35.362789154053));
#4663=CARTESIAN_POINT('',(18.048938751221,5.87785243988,34.149444580078));
#4664=CARTESIAN_POINT('',(20.758838653564,9.048270225525,36.859344482422));
#4665=CARTESIAN_POINT('',(19.262285232544,7.705132484436,35.362789154053));
#4666=CARTESIAN_POINT('',(22.444566726685,9.822872161865,38.545070648193));
#4667=CARTESIAN_POINT('',(20.758838653564,9.048270225525,36.859344482422));
#4668=CARTESIAN_POINT('',(22.444566726685,9.822872161865,38.545070648193));
#4669=CARTESIAN_POINT('Origin',(24.947421380026,6.834836247684,50.947420728471));
#4670=CARTESIAN_POINT('',(25.6510810855085,8.69869804388643,51.6510810848355));
#4671=CARTESIAN_POINT('',(25.016229629517,4.817536830902,51.016227722168));
#4672=CARTESIAN_POINT('',(25.651081085205,8.698698043823,51.651081085205));
#4673=CARTESIAN_POINT('Origin',(26.166532937491,5.962939805909,52.166532379286));
#4674=CARTESIAN_POINT('',(27.5622863773566,4.01722097396891,53.5622863765489));
#4675=CARTESIAN_POINT('',(25.016229629517,4.817536830902,51.016227722168));
#4676=CARTESIAN_POINT('',(26.7806472774073,6.4999999998064,52.7806472784178));
#4677=CARTESIAN_POINT('',(26.780647277832,6.5,52.780647277832));
#4678=CARTESIAN_POINT('',(25.651081085205,8.698698043823,51.651081085205));
#4679=CARTESIAN_POINT('Origin',(26.141942646788,3.823359162268,52.141942584691));
#4680=CARTESIAN_POINT('',(27.562286376953,4.017220973969,53.562286376953));
#4681=CARTESIAN_POINT('Origin',(27.027169659756,2.591938343523,53.02717096798));
#4682=CARTESIAN_POINT('',(27.961835861206,1.358870029449,53.961837768555));
#4683=CARTESIAN_POINT('',(25.66872215271,2.486898899078,51.668724060059));
#4684=CARTESIAN_POINT('',(27.562286376953,4.017220973969,53.562286376953));
#4685=CARTESIAN_POINT('Origin',(26.571303690746,1.299274202252,52.57130500155));
#4686=CARTESIAN_POINT('',(27.961835861206,1.358870029449,53.961837768555));
#4687=CARTESIAN_POINT('Origin',(27.233073190938,1.267431780368E-17,53.233074427099));
#4688=CARTESIAN_POINT('',(27.961835861206,-1.358870029449,53.961837768555));
#4689=CARTESIAN_POINT('',(27.961835861206,-1.358870029449,53.961837768555));
#4690=CARTESIAN_POINT('',(27.961835861206,1.358870029449,53.961837768555));
#4691=CARTESIAN_POINT('Origin',(26.571303690746,-1.299274202252,52.57130500155));
#4692=CARTESIAN_POINT('',(25.66872215271,-2.486898899078,51.668724060059));
#4693=CARTESIAN_POINT('Origin',(27.027169659756,-2.591938343523,53.02717096798));
#4694=CARTESIAN_POINT('',(27.562286376953,-4.017220973969,53.562286376953));
#4695=CARTESIAN_POINT('',(27.562286376953,-4.017220973969,53.562286376953));
#4696=CARTESIAN_POINT('',(27.961835861206,-1.358870029449,53.961837768555));
#4697=CARTESIAN_POINT('Origin',(26.141942646788,-3.823359162268,52.141942584691));
#4698=CARTESIAN_POINT('',(25.016229629517,-4.817536830902,51.016227722168));
#4699=CARTESIAN_POINT('Origin',(26.418981533133,-5.056965264904,52.418980854725));
#4700=CARTESIAN_POINT('',(26.780647277832,-6.5,52.780647277832));
#4701=CARTESIAN_POINT('',(26.780647277832,-6.5,52.780647277832));
#4702=CARTESIAN_POINT('',(27.562286376953,-4.017220973969,53.562286376953));
#4703=CARTESIAN_POINT('Origin',(25.309760209719,-6.129544560111,51.309759655959));
#4704=CARTESIAN_POINT('',(23.974391937256,-6.845470905304,49.974391937256));
#4705=CARTESIAN_POINT('Origin',(25.437111969048,-7.272760648682,51.437111969048));
#4706=CARTESIAN_POINT('',(25.651081085205,-8.698698043823,51.651081085205));
#4707=CARTESIAN_POINT('',(25.651081085205,-8.698698043823,51.651081085205));
#4708=CARTESIAN_POINT('',(26.780647277832,-6.5,52.780647277832));
#4709=CARTESIAN_POINT('Origin',(24.568881570643,-8.658180687946,50.568880921784));
#4710=CARTESIAN_POINT('',(24.2229557044269,-10.5172204971,50.2229537957443));
#4711=CARTESIAN_POINT('',(23.974391937256,-6.845470905304,49.974391937256));
#4712=CARTESIAN_POINT('',(25.651081085205,-8.698698043823,51.651081085205));
#4713=CARTESIAN_POINT('Origin',(23.653673553194,-8.66676955235,49.653672857134));
#4714=CARTESIAN_POINT('',(24.222955703735,-10.51722049713,50.222953796387));
#4715=CARTESIAN_POINT('Origin',(22.603067878892,-10.11468239253,48.603067873377));
#4716=CARTESIAN_POINT('',(22.5586853022444,-11.8760910034376,48.5586853031503));
#4717=CARTESIAN_POINT('',(22.558685302734,-11.87609100341,48.558685302734));
#4718=CARTESIAN_POINT('',(24.222955703735,-10.51722049713,50.222953796387));
#4719=CARTESIAN_POINT('Origin',(21.419647592939,-11.31582070423,47.419648264127));
#4720=CARTESIAN_POINT('',(20.731010437012,-12.71591854095,46.731010437012));
#4721=CARTESIAN_POINT('',(20.731010437012,-12.71591854095,46.731010437012));
#4722=CARTESIAN_POINT('',(22.558685302734,-11.87609100341,48.558685302734));
#4723=CARTESIAN_POINT('Origin',(20.34139010547,-10.82724048303,46.341390702015));
#4724=CARTESIAN_POINT('',(19.263801574707,-9.980267524719,45.263801574707));
#4725=CARTESIAN_POINT('Origin',(19.0702907907,-11.40568995975,45.0702907907));
#4726=CARTESIAN_POINT('',(18.819805145264,-13.,44.819805145264));
#4727=CARTESIAN_POINT('',(18.819805145264,-13.,44.819805145264));
#4728=CARTESIAN_POINT('',(20.731010437012,-12.71591854095,46.731010437012));
#4729=CARTESIAN_POINT('Origin',(25.827396636408,6.601621837832,41.927901105933));
#4730=CARTESIAN_POINT('',(24.534330368042,3.328697919846,40.634834289551));
#4731=CARTESIAN_POINT('',(24.534330368042,3.328697919846,40.634834289551));
#4732=CARTESIAN_POINT('',(25.95463180542,9.510564804077,42.055137634277));
#4733=CARTESIAN_POINT('Origin',(26.114188815362,5.557327407531,42.214693245066));
#4734=CARTESIAN_POINT('',(25.2242469789408,2.83155941963157,41.3247528074368));
#4735=CARTESIAN_POINT('',(25.22424697876,2.831559419632,41.324752807617));
#4736=CARTESIAN_POINT('',(27.558420181274,8.443279266357,43.658924102783));
#4737=CARTESIAN_POINT('Origin',(24.848533021142,7.051415525093,40.949037490667));
#4738=CARTESIAN_POINT('',(24.534330368042,3.328697919846,40.634834289551));
#4739=CARTESIAN_POINT('Origin',(32.480686685172,3.080128654902,33.378395577994));
#4740=CARTESIAN_POINT('',(39.737125396729,3.328697919846,25.432039260864));
#4741=CARTESIAN_POINT('',(24.534330368042,3.328697919846,40.634834289551));
#4742=CARTESIAN_POINT('',(40.427043914795,2.831559419632,26.121955871582));
#4743=CARTESIAN_POINT('',(40.427043914795,2.831559419632,26.121955871582));
#4744=CARTESIAN_POINT('',(25.22424697876,2.831559419632,41.324752807617));
#4745=CARTESIAN_POINT('Origin',(26.114188815362,-5.557327407531,42.214693245066));
#4746=CARTESIAN_POINT('',(24.534330368042,-3.328697919846,40.634834289551));
#4747=CARTESIAN_POINT('',(24.534330368042,-3.328697919846,40.634834289551));
#4748=CARTESIAN_POINT('',(25.2242469791907,-2.83155941961097,41.3247528072207));
#4749=CARTESIAN_POINT('',(27.558420181274,-8.443279266357,43.658924102783));
#4750=CARTESIAN_POINT('',(24.534330368042,-3.328697919846,40.634834289551));
#4751=CARTESIAN_POINT('Origin',(25.827396636408,-6.601621837832,41.927901105933));
#4752=CARTESIAN_POINT('',(25.95463180542,-9.510564804077,42.055137634277));
#4753=CARTESIAN_POINT('Origin',(24.848533021142,-7.051415525093,40.949037490667));
#4754=CARTESIAN_POINT('',(24.534330368042,-3.328697919846,40.634834289551));
#4755=CARTESIAN_POINT('Origin',(32.480686685172,-3.080128654902,33.378395577994));
#4756=CARTESIAN_POINT('',(40.427043914795,-2.831559419632,26.121955871582));
#4757=CARTESIAN_POINT('',(25.22424697876,-2.831559419632,41.324752807617));
#4758=CARTESIAN_POINT('',(39.737125396729,-3.328697919846,25.432039260864));
#4759=CARTESIAN_POINT('',(39.737125396729,-3.328697919846,25.432039260864));
#4760=CARTESIAN_POINT('',(24.534330368042,-3.328697919846,40.634834289551));
#4761=CARTESIAN_POINT('Origin',(28.845042379254,-0.727781332117,44.945547660096));
#4762=CARTESIAN_POINT('',(26.244426727295,0.,42.344932556152));
#4763=CARTESIAN_POINT('',(26.244426727295,0.,42.344932556152));
#4764=CARTESIAN_POINT('',(30.840620040894,0.,46.941123962402));
#4765=CARTESIAN_POINT('Origin',(28.231379300058,-1.436220382361,44.33188462072));
#4766=CARTESIAN_POINT('',(26.123296737671,-1.081559538841,42.22380065918));
#4767=CARTESIAN_POINT('',(26.123296737671,-1.081559538841,42.22380065918));
#4768=CARTESIAN_POINT('',(30.618469238281,-2.486898899078,46.718975067139));
#4769=CARTESIAN_POINT('Origin',(38.200775117287,-3.321017611154,43.133076020364));
#4770=CARTESIAN_POINT('',(48.114379882812,-1.358870029449,33.8092918396));
#4771=CARTESIAN_POINT('',(48.114379882812,-1.358870029449,33.8092918396));
#4772=CARTESIAN_POINT('',(47.714828491211,-4.017220973969,33.409744262695));
#4773=CARTESIAN_POINT('',(27.562286376953,-4.017220973969,53.562286376953));
#4774=CARTESIAN_POINT('',(47.714828491211,-4.017220973969,33.409744262695));
#4775=CARTESIAN_POINT('Origin',(37.475890637514,-2.055073348161,44.238503211871));
#4776=CARTESIAN_POINT('',(27.961835861206,-1.358870029449,53.961837768555));
#4777=CARTESIAN_POINT('Origin',(45.031098478453,-1.981670129302,30.726013172941));
#4778=CARTESIAN_POINT('',(41.326091766357,-1.081559538841,27.021007537842));
#4779=CARTESIAN_POINT('',(41.326091766357,-1.081559538841,27.021007537842));
#4780=CARTESIAN_POINT('',(47.714828491211,-4.017220973969,33.409744262695));
#4781=CARTESIAN_POINT('Origin',(43.88554904095,-3.900286343673,29.580464311617));
#4782=CARTESIAN_POINT('',(46.93318939209,-6.5,32.628105163574));
#4783=CARTESIAN_POINT('',(41.326091766357,-1.081559538841,27.021007537842));
#4784=CARTESIAN_POINT('',(40.974563598633,-2.057248353958,26.669477462769));
#4785=CARTESIAN_POINT('',(46.93318939209,-6.5,32.628105163574));
#4786=CARTESIAN_POINT('',(40.974563598633,-2.057248353958,26.669477462769));
#4787=CARTESIAN_POINT('Origin',(44.697615271459,-3.433155395986,30.392531042943));
#4788=CARTESIAN_POINT('',(46.93318939209,-6.5,32.628105163574));
#4789=CARTESIAN_POINT('Origin',(44.008163244002,-5.174231058573,29.703077644502));
#4790=CARTESIAN_POINT('',(45.803623199463,-8.698698043823,31.498537063599));
#4791=CARTESIAN_POINT('',(45.803623199463,-8.698698043823,31.498537063599));
#4792=CARTESIAN_POINT('',(40.974563598633,-2.057248353958,26.669477462769));
#4793=CARTESIAN_POINT('Origin',(31.743516013392,-12.49597362904,36.675815689315));
#4794=CARTESIAN_POINT('',(42.711231231689,-11.87609100341,28.406143188477));
#4795=CARTESIAN_POINT('',(42.711231231689,-11.87609100341,28.406143188477));
#4796=CARTESIAN_POINT('',(40.88355255127,-12.71591854095,26.578466415405));
#4797=CARTESIAN_POINT('',(20.731010437012,-12.71591854095,46.731010437012));
#4798=CARTESIAN_POINT('',(40.88355255127,-12.71591854095,26.578466415405));
#4799=CARTESIAN_POINT('Origin',(31.698725327935,-12.09603589751,38.461336848703));
#4800=CARTESIAN_POINT('',(22.558685302734,-11.87609100341,48.558685302734));
#4801=CARTESIAN_POINT('Origin',(33.528396453595,-11.520212418,38.460696467272));
#4802=CARTESIAN_POINT('',(44.375499725342,-10.51722049713,30.070411682129));
#4803=CARTESIAN_POINT('',(44.375499725342,-10.51722049713,30.070411682129));
#4804=CARTESIAN_POINT('',(42.711231231689,-11.87609100341,28.406143188477));
#4805=CARTESIAN_POINT('Origin',(41.32614836625,-7.239515097019,27.021060823855));
#4806=CARTESIAN_POINT('',(40.427043914795,-2.831559419632,26.121955871582));
#4807=CARTESIAN_POINT('',(42.711231231689,-11.87609100341,28.406143188477));
#4808=CARTESIAN_POINT('Origin',(42.177276846719,-7.536631959459,27.872188803506));
#4809=CARTESIAN_POINT('',(44.375499725342,-10.51722049713,30.070411682129));
#4810=CARTESIAN_POINT('Origin',(33.40578885635,-10.87309909687,40.168400698071));
#4811=CARTESIAN_POINT('',(24.222955703735,-10.51722049713,50.222953796387));
#4812=CARTESIAN_POINT('Origin',(35.130820997877,-10.04096233195,40.063120867651));
#4813=CARTESIAN_POINT('',(45.803623199463,-8.698698043823,31.498537063599));
#4814=CARTESIAN_POINT('',(44.375499725342,-10.51722049713,30.070411682129));
#4815=CARTESIAN_POINT('Origin',(34.895758069218,-9.174956223505,41.658370800581));
#4816=CARTESIAN_POINT('',(25.651081085205,-8.698698043823,51.651081085205));
#4817=CARTESIAN_POINT('Origin',(36.480755776569,-8.122874557397,41.413056709928));
#4818=CARTESIAN_POINT('',(46.93318939209,-6.5,32.628105163574));
#4819=CARTESIAN_POINT('Origin',(36.103514814721,-7.075823492468,42.866128921187));
#4820=CARTESIAN_POINT('',(26.780647277832,-6.5,52.780647277832));
#4821=CARTESIAN_POINT('Origin',(43.050345830721,-6.639564628044,28.745258326006));
#4822=CARTESIAN_POINT('',(40.427043914795,-2.831559419632,26.121955871582));
#4823=CARTESIAN_POINT('Origin',(43.113547742339,-5.402986248528,28.808461101984));
#4824=CARTESIAN_POINT('',(40.427043914795,-2.831559419632,26.121955871582));
#4825=CARTESIAN_POINT('Origin',(33.044150525376,-2.255752589385,34.319162649203));
#4826=CARTESIAN_POINT('',(40.974563598633,-2.057248353958,26.669477462769));
#4827=CARTESIAN_POINT('',(25.7717666622346,-2.05724835395839,41.8722724918176));
#4828=CARTESIAN_POINT('',(25.22424697876,-2.831559419632,41.324752807617));
#4829=CARTESIAN_POINT('',(25.771766662598,-2.057248353958,41.872272491455));
#4830=CARTESIAN_POINT('Origin',(33.154660205062,-2.633055186196,33.675066976952));
#4831=CARTESIAN_POINT('Origin',(40.895858481784,-8.372081806154,26.590771809555));
#4832=CARTESIAN_POINT('',(40.88355255127,-12.71591854095,26.578466415405));
#4833=CARTESIAN_POINT('Origin',(44.568275733541,-0.928719667456,30.263188699309));
#4834=CARTESIAN_POINT('',(41.44722366333,0.,27.142135620117));
#4835=CARTESIAN_POINT('',(41.326091766357,-1.081559538841,27.021007537842));
#4836=CARTESIAN_POINT('',(48.114379882812,-1.358870029449,33.8092918396));
#4837=CARTESIAN_POINT('Origin',(45.196958921369,0.,30.891870878156));
#4838=CARTESIAN_POINT('',(48.114379882812,1.358870029449,33.8092918396));
#4839=CARTESIAN_POINT('',(41.44722366333,0.,27.142135620117));
#4840=CARTESIAN_POINT('',(48.114379882812,-1.358870029449,33.8092918396));
#4841=CARTESIAN_POINT('Origin',(44.568275733541,0.928719667456,30.263188699309));
#4842=CARTESIAN_POINT('',(41.326091766357,1.081559538841,27.021007537842));
#4843=CARTESIAN_POINT('',(41.326091766357,1.081559538841,27.021007537842));
#4844=CARTESIAN_POINT('',(41.44722366333,0.,27.142135620117));
#4845=CARTESIAN_POINT('Origin',(33.567096037188,0.804288332742,34.842109129908));
#4846=CARTESIAN_POINT('',(41.326091766357,1.081559538841,27.021007537842));
#4847=CARTESIAN_POINT('',(26.123296737671,1.081559538841,42.22380065918));
#4848=CARTESIAN_POINT('',(26.244426727295,0.,42.344932556152));
#4849=CARTESIAN_POINT('',(26.123296737671,1.081559538841,42.22380065918));
#4850=CARTESIAN_POINT('Origin',(34.003422895078,0.277271179414,34.523830043079));
#4851=CARTESIAN_POINT('',(26.244426727295,0.,42.344932556152));
#4852=CARTESIAN_POINT('Origin',(45.031098478453,1.981670129302,30.726013172941));
#4853=CARTESIAN_POINT('',(47.714828491211,4.017220973969,33.409744262695));
#4854=CARTESIAN_POINT('',(47.714828491211,4.017220973969,33.409744262695));
#4855=CARTESIAN_POINT('',(48.114379882812,1.358870029449,33.8092918396));
#4856=CARTESIAN_POINT('Origin',(44.697615271459,3.433155395986,30.392531042943));
#4857=CARTESIAN_POINT('',(46.93318939209,6.5,32.628105163574));
#4858=CARTESIAN_POINT('',(41.326091766357,1.081559538841,27.021007537842));
#4859=CARTESIAN_POINT('',(47.714828491211,4.017220973969,33.409744262695));
#4860=CARTESIAN_POINT('Origin',(38.391046204027,2.055073331277,43.323348063339));
#4861=CARTESIAN_POINT('',(47.714828491211,4.017220973969,33.409744262695));
#4862=CARTESIAN_POINT('',(27.961835861206,1.358870029449,53.961837768555));
#4863=CARTESIAN_POINT('Origin',(37.285618577367,3.321017622107,44.048233056512));
#4864=CARTESIAN_POINT('',(27.562286376953,4.017220973969,53.562286376953));
#4865=CARTESIAN_POINT('Origin',(43.88554904095,3.900286343673,29.580464311617));
#4866=CARTESIAN_POINT('',(40.974563598633,2.057248353958,26.669477462769));
#4867=CARTESIAN_POINT('',(41.326091766357,1.081559538841,27.021007537842));
#4868=CARTESIAN_POINT('',(46.93318939209,6.5,32.628105163574));
#4869=CARTESIAN_POINT('Origin',(37.01867114208,7.075823511806,41.950972074437));
#4870=CARTESIAN_POINT('',(45.803623199463,8.698698043823,31.498537063599));
#4871=CARTESIAN_POINT('',(45.803623199463,8.698698043823,31.498537063599));
#4872=CARTESIAN_POINT('',(26.780647277832,6.5,52.780647277832));
#4873=CARTESIAN_POINT('',(46.93318939209,6.5,32.628105163574));
#4874=CARTESIAN_POINT('Origin',(35.565599462708,8.122874551929,42.328212616502));
#4875=CARTESIAN_POINT('',(25.651081085205,8.698698043823,51.651081085205));
#4876=CARTESIAN_POINT('Origin',(35.810914477675,9.174956228429,40.743215296816));
#4877=CARTESIAN_POINT('',(44.375499725342,10.517220497131,30.070411682129));
#4878=CARTESIAN_POINT('',(44.375499725342,10.517220497131,30.070411682129));
#4879=CARTESIAN_POINT('',(45.803623199463,8.698698043823,31.498537063599));
#4880=CARTESIAN_POINT('Origin',(32.777357761971,2.633055184721,34.052368933156));
#4881=CARTESIAN_POINT('',(25.7717666620684,2.05724835394463,41.8722724920044));
#4882=CARTESIAN_POINT('',(40.427043914795,2.831559419632,26.121955871582));
#4883=CARTESIAN_POINT('',(25.771766662598,2.057248353958,41.872272491455));
#4884=CARTESIAN_POINT('Origin',(33.421452974234,2.255752599014,33.941859745092));
#4885=CARTESIAN_POINT('',(40.974563598633,2.057248353958,26.669477462769));
#4886=CARTESIAN_POINT('',(25.771766662598,2.057248353958,41.872272491455));
#4887=CARTESIAN_POINT('Origin',(43.113547742339,5.402986248528,28.808461101984));
#4888=CARTESIAN_POINT('',(40.427043914795,2.831559419632,26.121955871582));
#4889=CARTESIAN_POINT('',(45.803623199463,8.698698043823,31.498537063599));
#4890=CARTESIAN_POINT('Origin',(43.050345830721,6.639564628044,28.745258326006));
#4891=CARTESIAN_POINT('',(44.375499725342,10.517220497131,30.070411682129));
#4892=CARTESIAN_POINT('Origin',(34.215665524626,10.040962298022,40.978277306622));
#4893=CARTESIAN_POINT('',(24.2229557043756,10.5172204971543,50.2229537956928));
#4894=CARTESIAN_POINT('',(24.222955703735,10.517220497131,50.222953796387));
#4895=CARTESIAN_POINT('',(24.222955703735,10.517220497131,50.222953796387));
#4896=CARTESIAN_POINT('Origin',(23.653673553194,8.66676955235,49.653672857134));
#4897=CARTESIAN_POINT('',(23.974391937256,6.845470905304,49.974391937256));
#4898=CARTESIAN_POINT('',(24.222955703735,10.517220497131,50.222953796387));
#4899=CARTESIAN_POINT('Origin',(24.568881570643,8.658180687946,50.568880921784));
#4900=CARTESIAN_POINT('Origin',(34.32094556057,10.873099081504,39.25324461764));
#4901=CARTESIAN_POINT('',(42.711231231689,11.876091003418,28.406143188477));
#4902=CARTESIAN_POINT('',(42.711231231689,11.876091003418,28.406143188477));
#4903=CARTESIAN_POINT('',(44.375499725342,10.517220497131,30.070411682129));
#4904=CARTESIAN_POINT('Origin',(32.613240697893,11.52021242075,39.375852542547));
#4905=CARTESIAN_POINT('',(22.5586853023223,11.8760910034019,48.5586853032282));
#4906=CARTESIAN_POINT('',(22.558685302734,11.876091003418,48.558685302734));
#4907=CARTESIAN_POINT('',(22.558685302734,11.876091003418,48.558685302734));
#4908=CARTESIAN_POINT('Origin',(32.613880570212,12.096035905474,37.546180246426));
#4909=CARTESIAN_POINT('',(40.88355255127,12.715918540955,26.578466415405));
#4910=CARTESIAN_POINT('',(40.88355255127,12.715918540955,26.578466415405));
#4911=CARTESIAN_POINT('',(42.711231231689,11.876091003418,28.406143188477));
#4912=CARTESIAN_POINT('Origin',(30.828358869674,12.495973646799,37.590971343825));
#4913=CARTESIAN_POINT('',(20.731010437012,12.715918540955,46.731010437012));
#4914=CARTESIAN_POINT('',(20.731010437012,12.715918540955,46.731010437012));
#4915=CARTESIAN_POINT('',(20.731010437012,12.715918540955,46.731010437012));
#4916=CARTESIAN_POINT('Origin',(42.177276846719,7.536631959459,27.872188803506));
#4917=CARTESIAN_POINT('',(40.427043914795,2.831559419632,26.121955871582));
#4918=CARTESIAN_POINT('Origin',(40.895858481784,8.372081806154,26.590771809555));
#4919=CARTESIAN_POINT('',(42.711231231689,11.876091003418,28.406143188477));
#4920=CARTESIAN_POINT('',(40.88355255127,12.715918540955,26.578466415405));
#4921=CARTESIAN_POINT('Origin',(44.008163244002,5.174231058573,29.703077644502));
#4922=CARTESIAN_POINT('Origin',(41.32614836625,7.239515097019,27.021060823855));
#4923=CARTESIAN_POINT('Origin',(21.419647592939,11.315820704234,47.419648264127));
#4924=CARTESIAN_POINT('',(22.558685302734,11.876091003418,48.558685302734));
#4925=CARTESIAN_POINT('',(20.731010437012,12.715918540955,46.731010437012));
#4926=CARTESIAN_POINT('Origin',(20.34139010547,10.827240483036,46.341390702015));
#4927=CARTESIAN_POINT('',(19.263801574707,9.980267524719,45.263801574707));
#4928=CARTESIAN_POINT('Origin',(33.626120630595,-0.277271188782,34.901131816492));
#4929=CARTESIAN_POINT('',(41.44722366333,0.,27.142135620117));
#4930=CARTESIAN_POINT('Origin',(33.944399266596,-0.804288325893,34.464805460398));
#4931=CARTESIAN_POINT('',(26.123296737671,-1.081559538841,42.22380065918));
#4932=CARTESIAN_POINT('Origin',(27.903695780615,4.247775722279,44.004201055973));
#4933=CARTESIAN_POINT('',(28.924139022827,6.845470905304,45.024642944336));
#4934=CARTESIAN_POINT('',(25.771766662598,2.057248353958,41.872272491455));
#4935=CARTESIAN_POINT('Origin',(28.231379300058,1.436220382361,44.33188462072));
#4936=CARTESIAN_POINT('',(26.244426727295,0.,42.344932556152));
#4937=CARTESIAN_POINT('',(30.618469238281,2.486898899078,46.718975067139));
#4938=CARTESIAN_POINT('Origin',(27.802484232728,3.067614187294,43.902989546305));
#4939=CARTESIAN_POINT('',(26.123296737671,1.081559538841,42.22380065918));
#4940=CARTESIAN_POINT('',(26.123296737671,1.081559538841,42.22380065918));
#4941=CARTESIAN_POINT('Origin',(28.541563670734,2.57639929769,44.642068699039));
#4942=CARTESIAN_POINT('Origin',(28.541563670734,-2.57639929769,44.642068699039));
#4943=CARTESIAN_POINT('',(26.123296737671,-1.081559538841,42.22380065918));
#4944=CARTESIAN_POINT('Origin',(27.903695780615,-4.247775722279,44.004201055973));
#4945=CARTESIAN_POINT('',(29.965976715088,-4.817536830902,46.066482543945));
#4946=CARTESIAN_POINT('',(28.924139022827,-6.845470905304,45.024642944336));
#4947=CARTESIAN_POINT('Origin',(27.802484232728,-3.067614187294,43.902989546305));
#4948=CARTESIAN_POINT('',(25.771766662598,-2.057248353958,41.872272491455));
#4949=CARTESIAN_POINT('Origin',(28.845042379254,0.727781332117,44.945547660096));
#4950=CARTESIAN_POINT('Origin',(33.548929680823,-1.569403975519,34.44663952732));
#4951=CARTESIAN_POINT('Origin',(31.753338813782,-3.414348959923,32.651047706604));
#4952=CARTESIAN_POINT('',(23.769552230835,-3.5,39.870056152344));
#4953=CARTESIAN_POINT('',(23.769552230835,-3.5,39.870056152344));
#4954=CARTESIAN_POINT('',(38.972347259521,-3.5,24.667261123657));
#4955=CARTESIAN_POINT('',(38.972347259521,-3.5,24.667261123657));
#4956=CARTESIAN_POINT('',(23.769552230835,-3.5,39.870056152344));
#4957=CARTESIAN_POINT('Origin',(30.988560676575,-3.414348959923,31.886269569397));
#4958=CARTESIAN_POINT('',(23.004774093628,-3.328697919846,39.105278015137));
#4959=CARTESIAN_POINT('',(23.004774093628,-3.328697919846,39.105278015137));
#4960=CARTESIAN_POINT('',(38.207569122314,-3.328697919846,23.90248298645));
#4961=CARTESIAN_POINT('',(38.207569122314,-3.328697919846,23.90248298645));
#4962=CARTESIAN_POINT('',(23.004774093628,-3.328697919846,39.105278015137));
#4963=CARTESIAN_POINT('Origin',(19.562926745442,2.546984437757,35.663431185598));
#4964=CARTESIAN_POINT('',(21.767337799072,2.057248353958,37.86784362793));
#4965=CARTESIAN_POINT('',(21.767337799072,2.057248353958,37.86784362793));
#4966=CARTESIAN_POINT('',(21.4158077246047,1.08155953884097,37.5163116449024));
#4967=CARTESIAN_POINT('',(17.195039749146,3.681245565414,33.295543670654));
#4968=CARTESIAN_POINT('',(21.767337799072,2.057248353958,37.86784362793));
#4969=CARTESIAN_POINT('Origin',(18.838093007398,1.8824024075,34.938597484872));
#4970=CARTESIAN_POINT('',(21.415807723999,1.081559538841,37.516311645508));
#4971=CARTESIAN_POINT('Origin',(6.364423133692,7.413003103811,32.364422620421));
#4972=CARTESIAN_POINT('',(0.,13.,26.));
#4973=CARTESIAN_POINT('',(12.245292663574,3.681245565414,38.245292663574));
#4974=CARTESIAN_POINT('',(0.,13.,26.));
#4975=CARTESIAN_POINT('Origin',(6.715025319336,8.646949276299,32.715025065665));
#4976=CARTESIAN_POINT('',(0.,13.,26.));
#4977=CARTESIAN_POINT('Origin',(7.257411225115,9.727286758838,33.257411236961));
#4978=CARTESIAN_POINT('',(14.312537193298,7.705132484436,40.312538146973));
#4979=CARTESIAN_POINT('Origin',(7.954029753884,10.575715060577,33.954029735466));
#4980=CARTESIAN_POINT('',(0.,13.,26.));
#4981=CARTESIAN_POINT('Origin',(9.622864831754,11.978057770343,35.622864585128));
#4982=CARTESIAN_POINT('',(18.819805145264,13.,44.819805145264));
#4983=CARTESIAN_POINT('',(15.809090614319,9.048270225525,41.809089660645));
#4984=CARTESIAN_POINT('',(0.,13.,26.));
#4985=CARTESIAN_POINT('Origin',(17.435095987581,10.811424963469,43.435095657262));
#4986=CARTESIAN_POINT('',(18.819805145264,13.,44.819805145264));
#4987=CARTESIAN_POINT('Origin',(20.979735034871,6.051103904765,37.080240312897));
#4988=CARTESIAN_POINT('',(22.31485748291,2.831559419632,38.415363311768));
#4989=CARTESIAN_POINT('',(22.31485748291,2.831559419632,38.415363311768));
#4990=CARTESIAN_POINT('',(19.262285232544,7.705132484436,35.362789154053));
#4991=CARTESIAN_POINT('Origin',(22.190450311534,6.873045205627,38.290954786542));
#4992=CARTESIAN_POINT('',(23.004774093628,3.328697919846,39.105278015137));
#4993=CARTESIAN_POINT('',(20.758838653564,9.048270225525,36.859344482422));
#4994=CARTESIAN_POINT('',(22.444566726685,9.822872161865,38.545070648193));
#4995=CARTESIAN_POINT('Origin',(19.965880950626,4.807807959554,36.066386221305));
#4996=CARTESIAN_POINT('',(21.767337799072,2.057248353958,37.86784362793));
#4997=CARTESIAN_POINT('',(18.048938751221,5.87785243988,34.149444580078));
#4998=CARTESIAN_POINT('Origin',(20.756790628179,4.870837882793,36.857295576531));
#4999=CARTESIAN_POINT('',(22.31485748291,2.831559419632,38.415363311768));
#5000=CARTESIAN_POINT('Origin',(35.509333114025,3.526854256426,21.204246091802));
#5001=CARTESIAN_POINT('',(36.49747467041,0.,22.192388534546));
#5002=CARTESIAN_POINT('',(34.305088043213,7.,20.));
#5003=CARTESIAN_POINT('',(36.49747467041,0.,22.192388534546));
#5004=CARTESIAN_POINT('',(36.618602752686,1.081559538841,22.313516616821));
#5005=CARTESIAN_POINT('',(34.305088043213,7.,20.));
#5006=CARTESIAN_POINT('',(36.618602752686,1.081559538841,22.313516616821));
#5007=CARTESIAN_POINT('Origin',(35.643158318298,4.063948753337,21.338070807553));
#5008=CARTESIAN_POINT('',(36.970134735107,2.057248353958,22.665046691895));
#5009=CARTESIAN_POINT('',(34.305088043213,7.,20.));
#5010=CARTESIAN_POINT('',(36.970134735107,2.057248353958,22.665046691895));
#5011=CARTESIAN_POINT('Origin',(37.28958500288,8.025444976183,22.984498280459));
#5012=CARTESIAN_POINT('',(38.207569122314,3.328697919846,23.90248298645));
#5013=CARTESIAN_POINT('',(38.207569122314,3.328697919846,23.90248298645));
#5014=CARTESIAN_POINT('',(38.972347259521,13.,24.667261123657));
#5015=CARTESIAN_POINT('',(34.305088043213,7.,20.));
#5016=CARTESIAN_POINT('',(38.972347259521,13.,24.667261123657));
#5017=CARTESIAN_POINT('Origin',(36.229833880169,4.889683057227,21.924746865818));
#5018=CARTESIAN_POINT('',(37.517654418945,2.831559419632,23.212568283081));
#5019=CARTESIAN_POINT('',(38.207569122314,3.328697919846,23.90248298645));
#5020=CARTESIAN_POINT('',(37.517654418945,2.831559419632,23.212568283081));
#5021=CARTESIAN_POINT('Origin',(29.320448582283,2.255752588869,30.595459753468));
#5022=CARTESIAN_POINT('',(36.970134735107,2.057248353958,22.665046691895));
#5023=CARTESIAN_POINT('',(21.767337799072,2.057248353958,37.86784362793));
#5024=CARTESIAN_POINT('Origin',(29.964543794547,2.633055174576,30.484950565404));
#5025=CARTESIAN_POINT('',(37.517654418945,2.831559419632,23.212568283081));
#5026=CARTESIAN_POINT('',(22.31485748291,2.831559419632,38.415363311768));
#5027=CARTESIAN_POINT('Origin',(29.904473408953,2.959007030624,31.179485160648));
#5028=CARTESIAN_POINT('',(37.517654418945,2.831559419632,23.212568283081));
#5029=CARTESIAN_POINT('',(23.004774093628,3.328697919846,39.105278015137));
#5030=CARTESIAN_POINT('Origin',(30.6179544183,3.201250308257,31.138361332864));
#5031=CARTESIAN_POINT('',(23.004774093628,3.328697919846,39.105278015137));
#5032=CARTESIAN_POINT('Origin',(35.893380129651,4.536401798246,21.588292600253));
#5033=CARTESIAN_POINT('Origin',(35.909082157876,10.960323858737,21.603995373616));
#5034=CARTESIAN_POINT('',(34.,13.,19.694913864136));
#5035=CARTESIAN_POINT('',(34.305088043213,7.,20.));
#5036=CARTESIAN_POINT('',(38.972347259521,13.,24.667261123657));
#5037=CARTESIAN_POINT('Origin',(34.877714589046,0.,20.572627044011));
#5038=CARTESIAN_POINT('',(34.305088043213,-7.,20.));
#5039=CARTESIAN_POINT('',(34.305088043213,-7.,20.));
#5040=CARTESIAN_POINT('',(34.305088043213,7.,20.));
#5041=CARTESIAN_POINT('Origin',(34.079010824104,-9.896008679874,19.77392419428));
#5042=CARTESIAN_POINT('',(34.,-13.,19.694913864136));
#5043=CARTESIAN_POINT('',(34.305088043213,-7.,20.));
#5044=CARTESIAN_POINT('',(34.,-7.,19.694913864136));
#5045=CARTESIAN_POINT('',(34.,-7.,19.694913864136));
#5046=CARTESIAN_POINT('',(34.305088043213,-7.,20.));
#5047=CARTESIAN_POINT('Origin',(35.909082157876,-10.96032385873,21.603995373616));
#5048=CARTESIAN_POINT('',(38.972347259521,-13.,24.667261123657));
#5049=CARTESIAN_POINT('',(38.972347259521,-13.,24.667261123657));
#5050=CARTESIAN_POINT('',(34.,-13.,19.694913864136));
#5051=CARTESIAN_POINT('Origin',(35.643158318298,-4.063948753337,21.338070807553));
#5052=CARTESIAN_POINT('',(36.970134735107,-2.057248353958,22.665046691895));
#5053=CARTESIAN_POINT('',(36.970134735107,-2.057248353958,22.665046691895));
#5054=CARTESIAN_POINT('',(36.618602752686,-1.081559538841,22.313516616821));
#5055=CARTESIAN_POINT('',(34.305088043213,-7.,20.));
#5056=CARTESIAN_POINT('',(36.618602752686,-1.081559538841,22.313516616821));
#5057=CARTESIAN_POINT('Origin',(35.509333114025,-3.526854256426,21.204246091802));
#5058=CARTESIAN_POINT('',(36.49747467041,0.,22.192388534546));
#5059=CARTESIAN_POINT('Origin',(35.893380129651,-4.536401798246,21.588292600253));
#5060=CARTESIAN_POINT('',(37.517654418945,-2.831559419632,23.212568283081));
#5061=CARTESIAN_POINT('',(36.970134735107,-2.057248353958,22.665046691895));
#5062=CARTESIAN_POINT('',(34.305088043213,-7.,20.));
#5063=CARTESIAN_POINT('Origin',(30.240651745259,-3.201250301093,31.515663497048));
#5064=CARTESIAN_POINT('',(22.31485748291,-2.831559419632,38.415363311768));
#5065=CARTESIAN_POINT('',(38.207569122314,-3.328697919846,23.90248298645));
#5066=CARTESIAN_POINT('',(22.31485748291,-2.831559419632,38.415363311768));
#5067=CARTESIAN_POINT('Origin',(30.281775130697,-2.95900703119,30.80218299884));
#5068=CARTESIAN_POINT('',(37.517654418945,-2.831559419632,23.212568283081));
#5069=CARTESIAN_POINT('',(22.31485748291,-2.831559419632,38.415363311768));
#5070=CARTESIAN_POINT('Origin',(29.587241345688,-2.633055184205,30.862253469516));
#5071=CARTESIAN_POINT('',(21.767337799072,-2.057248353958,37.86784362793));
#5072=CARTESIAN_POINT('',(37.517654418945,-2.831559419632,23.212568283081));
#5073=CARTESIAN_POINT('',(21.767337799072,-2.057248353958,37.86784362793));
#5074=CARTESIAN_POINT('Origin',(29.697751025375,-2.255752587395,30.218157797265));
#5075=CARTESIAN_POINT('',(21.767337799072,-2.057248353958,37.86784362793));
#5076=CARTESIAN_POINT('Origin',(36.229833880169,-4.889683057227,21.924746865818));
#5077=CARTESIAN_POINT('',(38.207569122314,-3.328697919846,23.90248298645));
#5078=CARTESIAN_POINT('Origin',(37.28958500288,-8.025444976183,22.984498280459));
#5079=CARTESIAN_POINT('',(38.207569122314,-3.328697919846,23.90248298645));
#5080=CARTESIAN_POINT('Origin',(34.079010824104,9.896008679874,19.77392419428));
#5081=CARTESIAN_POINT('',(34.,7.,19.694913864136));
#5082=CARTESIAN_POINT('',(34.,7.,19.694913864136));
#5083=CARTESIAN_POINT('',(34.,13.,19.694913864136));
#5084=CARTESIAN_POINT('Origin',(21.781824984174,-5.834142095418,37.88233030126));
#5085=CARTESIAN_POINT('',(22.31485748291,-2.831559419632,38.415363311768));
#5086=CARTESIAN_POINT('',(20.758838653564,-9.048270225525,36.859344482422));
#5087=CARTESIAN_POINT('Origin',(20.756790628179,-4.870837882793,36.857295576531));
#5088=CARTESIAN_POINT('',(21.767337799072,-2.057248353958,37.86784362793));
#5089=CARTESIAN_POINT('',(19.262285232544,-7.705132484436,35.362789154053));
#5090=CARTESIAN_POINT('Origin',(20.979735034871,-6.051103904765,37.080240312897));
#5091=CARTESIAN_POINT('Origin',(17.435095987581,-10.81142496346,43.435095657262));
#5092=CARTESIAN_POINT('',(15.809090614319,-9.048270225525,41.809089660645));
#5093=CARTESIAN_POINT('Origin',(9.622864831754,-11.97805777034,35.622864585128));
#5094=CARTESIAN_POINT('',(0.,-13.,26.));
#5095=CARTESIAN_POINT('',(0.,-13.,26.));
#5096=CARTESIAN_POINT('',(18.819805145264,-13.,44.819805145264));
#5097=CARTESIAN_POINT('Origin',(7.954029753884,-10.57571506057,33.954029735466));
#5098=CARTESIAN_POINT('',(14.312537193298,-7.705132484436,40.312538146973));
#5099=CARTESIAN_POINT('Origin',(7.257411225115,-9.727286758838,33.257411236961));
#5100=CARTESIAN_POINT('',(0.,-13.,26.));
#5101=CARTESIAN_POINT('Origin',(6.715025319336,-8.646949276299,32.715025065665));
#5102=CARTESIAN_POINT('',(12.245292663574,-3.681245565414,38.245292663574));
#5103=CARTESIAN_POINT('Origin',(6.364423133692,-7.413003103811,32.364422620421));
#5104=CARTESIAN_POINT('',(0.,-13.,26.));
#5105=CARTESIAN_POINT('Origin',(18.838093007398,-1.8824024075,34.938597484872));
#5106=CARTESIAN_POINT('',(21.4158077246047,-1.08155953884097,37.5163116449024));
#5107=CARTESIAN_POINT('',(21.415807723999,-1.081559538841,37.516311645508));
#5108=CARTESIAN_POINT('',(17.195039749146,-3.681245565414,33.295543670654));
#5109=CARTESIAN_POINT('Origin',(19.360909519148,-3.630233125656,35.461414789827));
#5110=CARTESIAN_POINT('',(21.767337799072,-2.057248353958,37.86784362793));
#5111=CARTESIAN_POINT('',(18.048938751221,-5.87785243988,34.149444580078));
#5112=CARTESIAN_POINT('Origin',(21.781824984174,5.834142095418,37.88233030126));
#5113=CARTESIAN_POINT('Origin',(19.965880950626,-4.807807959554,36.066386221305));
#5114=CARTESIAN_POINT('Origin',(19.360909519148,3.630233125656,35.461414789827));
#5115=CARTESIAN_POINT('Origin',(22.190450311534,-6.873045205627,38.290954786542));
#5116=CARTESIAN_POINT('',(23.004774093628,-3.328697919846,39.105278015137));
#5117=CARTESIAN_POINT('Origin',(19.562926745442,-2.546984437757,35.663431185598));
#5118=CARTESIAN_POINT('',(21.415807723999,-1.081559538841,37.516311645508));
#5119=CARTESIAN_POINT('Origin',(29.192970763208,-1.569403975519,30.09067965603));
#5120=CARTESIAN_POINT('',(21.415807723999,-1.081559538841,37.516311645508));
#5121=CARTESIAN_POINT('Origin',(28.956641197205,-0.540779769421,29.854350090027));
#5122=CARTESIAN_POINT('',(21.29467964147,1.77797289676105E-14,37.395183563486));
#5123=CARTESIAN_POINT('',(21.294679641724,0.,37.395183563232));
#5124=CARTESIAN_POINT('',(21.294679641724,0.,37.395183563232));
#5125=CARTESIAN_POINT('Origin',(28.956641197205,0.540779769421,29.854350090027));
#5126=CARTESIAN_POINT('',(21.415807723999,1.081559538841,37.516311645508));
#5127=CARTESIAN_POINT('',(21.415807723999,1.081559538841,37.516311645508));
#5128=CARTESIAN_POINT('Origin',(29.192970763208,1.569403975519,30.09067965603));
#5129=CARTESIAN_POINT('Origin',(30.988560676575,3.414348959923,31.886269569397));
#5130=CARTESIAN_POINT('',(23.769552230835,3.5,39.870056152344));
#5131=CARTESIAN_POINT('',(23.769552230835,3.5,39.870056152344));
#5132=CARTESIAN_POINT('',(38.972347259521,3.5,24.667261123657));
#5133=CARTESIAN_POINT('',(38.972347259521,3.5,24.667261123657));
#5134=CARTESIAN_POINT('',(23.769552230835,3.5,39.870056152344));
#5135=CARTESIAN_POINT('Origin',(31.753338813782,3.414348959923,32.651047706604));
#5136=CARTESIAN_POINT('',(24.534330368042,3.328697919846,40.634834289551));
#5137=CARTESIAN_POINT('',(39.737125396729,3.328697919846,25.432039260864));
#5138=CARTESIAN_POINT('Origin',(33.548929680823,1.569403975519,34.44663952732));
#5139=CARTESIAN_POINT('Origin',(19.069949319298,11.411245876444,45.069949319298));
#5140=CARTESIAN_POINT('',(18.819805145264,13.,44.819805145264));
#5141=CARTESIAN_POINT('Origin',(3.902254050522,0.,29.902253420003));
#5142=CARTESIAN_POINT('',(0.,-13.,26.));
#5143=CARTESIAN_POINT('Origin',(22.603067878892,10.114682392532,48.603067873377));
#5144=CARTESIAN_POINT('Origin',(39.453270426081,-8.205730629158,25.148184290217));
#5145=CARTESIAN_POINT('',(38.972347259521,-13.,24.667261123657));
#5146=CARTESIAN_POINT('Origin',(39.453270426081,8.205730629158,25.148184290217));
#5147=CARTESIAN_POINT('',(40.88355255127,12.715918540955,26.578466415405));
#5148=CARTESIAN_POINT('Origin',(37.247737884521,-5.258610486984,43.095195770264));
#5149=CARTESIAN_POINT('Origin',(38.038107872009,0.,43.885564804077));
#5150=CARTESIAN_POINT('Origin',(37.247737884521,5.258610486984,43.095195770264));
#5151=CARTESIAN_POINT('Origin',(29.851678848267,12.857959270477,35.699135780334));
#5152=CARTESIAN_POINT('',(18.819805145264,13.,44.819805145264));
#5153=CARTESIAN_POINT('Origin',(18.176417841985,13.,18.475153372224));
#5154=CARTESIAN_POINT('',(34.,13.,0.));
#5155=CARTESIAN_POINT('',(34.,13.,0.));
#5156=CARTESIAN_POINT('',(0.,13.,0.));
#5157=CARTESIAN_POINT('',(0.,13.,0.));
#5158=CARTESIAN_POINT('',(0.,13.,26.));
#5159=CARTESIAN_POINT('Origin',(17.077227693593,-7.,13.031119971071));
#5160=CARTESIAN_POINT('',(0.,-7.,6.));
#5161=CARTESIAN_POINT('',(0.,-7.,20.));
#5162=CARTESIAN_POINT('',(0.,-7.,6.));
#5163=CARTESIAN_POINT('',(0.,-7.,20.));
#5164=CARTESIAN_POINT('',(34.,-7.,6.));
#5165=CARTESIAN_POINT('',(34.,-7.,6.));
#5166=CARTESIAN_POINT('',(0.,-7.,6.));
#5167=CARTESIAN_POINT('Origin',(34.,0.,8.925082553291));
#5168=CARTESIAN_POINT('',(34.,7.,6.));
#5169=CARTESIAN_POINT('',(34.,7.,19.694913864136));
#5170=CARTESIAN_POINT('',(34.,-7.,6.));
#5171=CARTESIAN_POINT('',(34.,-13.,0.));
#5172=CARTESIAN_POINT('',(34.,-13.,19.694913864136));
#5173=CARTESIAN_POINT('',(34.,13.,0.));
#5174=CARTESIAN_POINT('Origin',(17.,0.,6.));
#5175=CARTESIAN_POINT('',(0.,7.,6.));
#5176=CARTESIAN_POINT('',(34.,7.,6.));
#5177=CARTESIAN_POINT('',(0.,7.,6.));
#5178=CARTESIAN_POINT('',(24.150203704834,-2.615405321121,6.));
#5179=CARTESIAN_POINT('',(25.,-2.75,6.));
#5180=CARTESIAN_POINT('',(24.150203704834,-2.615405321121,6.));
#5181=CARTESIAN_POINT('',(23.383590698242,-2.224796772003,6.));
#5182=CARTESIAN_POINT('',(23.383590698242,-2.224796772003,6.));
#5183=CARTESIAN_POINT('',(22.775203704834,-1.616409420967,6.));
#5184=CARTESIAN_POINT('',(22.775203704834,-1.616409420967,6.));
#5185=CARTESIAN_POINT('',(22.384593963623,-0.849796712399,6.));
#5186=CARTESIAN_POINT('',(22.384593963623,-0.849796712399,6.));
#5187=CARTESIAN_POINT('',(22.25,0.,6.));
#5188=CARTESIAN_POINT('',(22.25,0.,6.));
#5189=CARTESIAN_POINT('',(22.384593963623,0.849796712399,6.));
#5190=CARTESIAN_POINT('',(22.384593963623,0.849796712399,6.));
#5191=CARTESIAN_POINT('',(22.775203704834,1.616409420967,6.));
#5192=CARTESIAN_POINT('',(22.775203704834,1.616409420967,6.));
#5193=CARTESIAN_POINT('',(23.383590698242,2.224796772003,6.));
#5194=CARTESIAN_POINT('',(23.383590698242,2.224796772003,6.));
#5195=CARTESIAN_POINT('',(24.150203704834,2.615405321121,6.));
#5196=CARTESIAN_POINT('',(24.150203704834,2.615405321121,6.));
#5197=CARTESIAN_POINT('',(25.,2.75,6.));
#5198=CARTESIAN_POINT('',(25.,2.75,6.));
#5199=CARTESIAN_POINT('',(25.849796295166,2.615405321121,6.));
#5200=CARTESIAN_POINT('',(25.849796295166,2.615405321121,6.));
#5201=CARTESIAN_POINT('',(26.616409301758,2.224796772003,6.));
#5202=CARTESIAN_POINT('',(26.616409301758,2.224796772003,6.));
#5203=CARTESIAN_POINT('',(27.224796295166,1.616409420967,6.));
#5204=CARTESIAN_POINT('',(27.224796295166,1.616409420967,6.));
#5205=CARTESIAN_POINT('',(27.615406036377,0.849796712399,6.));
#5206=CARTESIAN_POINT('',(27.615406036377,0.849796712399,6.));
#5207=CARTESIAN_POINT('',(27.75,0.,6.));
#5208=CARTESIAN_POINT('',(27.75,0.,6.));
#5209=CARTESIAN_POINT('',(27.615406036377,-0.849796712399,6.));
#5210=CARTESIAN_POINT('',(27.615406036377,-0.849796712399,6.));
#5211=CARTESIAN_POINT('',(27.224796295166,-1.616409420967,6.));
#5212=CARTESIAN_POINT('',(27.224796295166,-1.616409420967,6.));
#5213=CARTESIAN_POINT('',(26.616409301758,-2.224796772003,6.));
#5214=CARTESIAN_POINT('',(26.616409301758,-2.224796772003,6.));
#5215=CARTESIAN_POINT('',(25.849796295166,-2.615405321121,6.));
#5216=CARTESIAN_POINT('',(25.849796295166,-2.615405321121,6.));
#5217=CARTESIAN_POINT('',(25.,-2.75,6.));
#5218=CARTESIAN_POINT('',(10.,-2.75,6.));
#5219=CARTESIAN_POINT('',(10.849796295166,-2.615405321121,6.));
#5220=CARTESIAN_POINT('',(10.,-2.75,6.));
#5221=CARTESIAN_POINT('',(9.150203704834,-2.615405321121,6.));
#5222=CARTESIAN_POINT('',(9.150203704834,-2.615405321121,6.));
#5223=CARTESIAN_POINT('',(8.383590698242,-2.224796772003,6.));
#5224=CARTESIAN_POINT('',(8.383590698242,-2.224796772003,6.));
#5225=CARTESIAN_POINT('',(7.775203227997,-1.616409420967,6.));
#5226=CARTESIAN_POINT('',(7.775203227997,-1.616409420967,6.));
#5227=CARTESIAN_POINT('',(7.38459444046,-0.849796712399,6.));
#5228=CARTESIAN_POINT('',(7.38459444046,-0.849796712399,6.));
#5229=CARTESIAN_POINT('',(7.25,0.,6.));
#5230=CARTESIAN_POINT('',(7.25,0.,6.));
#5231=CARTESIAN_POINT('',(7.38459444046,0.849796712399,6.));
#5232=CARTESIAN_POINT('',(7.38459444046,0.849796712399,6.));
#5233=CARTESIAN_POINT('',(7.775203227997,1.616409420967,6.));
#5234=CARTESIAN_POINT('',(7.775203227997,1.616409420967,6.));
#5235=CARTESIAN_POINT('',(8.383590698242,2.224796772003,6.));
#5236=CARTESIAN_POINT('',(8.383590698242,2.224796772003,6.));
#5237=CARTESIAN_POINT('',(9.150203704834,2.615405321121,6.));
#5238=CARTESIAN_POINT('',(9.150203704834,2.615405321121,6.));
#5239=CARTESIAN_POINT('',(10.,2.75,6.));
#5240=CARTESIAN_POINT('',(10.,2.75,6.));
#5241=CARTESIAN_POINT('',(10.849796295166,2.615405321121,6.));
#5242=CARTESIAN_POINT('',(10.849796295166,2.615405321121,6.));
#5243=CARTESIAN_POINT('',(11.616409301758,2.224796772003,6.));
#5244=CARTESIAN_POINT('',(11.616409301758,2.224796772003,6.));
#5245=CARTESIAN_POINT('',(12.224796295166,1.616409420967,6.));
#5246=CARTESIAN_POINT('',(12.224796295166,1.616409420967,6.));
#5247=CARTESIAN_POINT('',(12.615405082703,0.849796712399,6.));
#5248=CARTESIAN_POINT('',(12.615405082703,0.849796712399,6.));
#5249=CARTESIAN_POINT('',(12.75,0.,6.));
#5250=CARTESIAN_POINT('',(12.75,0.,6.));
#5251=CARTESIAN_POINT('',(12.615405082703,-0.849796712399,6.));
#5252=CARTESIAN_POINT('',(12.615405082703,-0.849796712399,6.));
#5253=CARTESIAN_POINT('',(12.224796295166,-1.616409420967,6.));
#5254=CARTESIAN_POINT('',(12.224796295166,-1.616409420967,6.));
#5255=CARTESIAN_POINT('',(11.616409301758,-2.224796772003,6.));
#5256=CARTESIAN_POINT('',(11.616409301758,-2.224796772003,6.));
#5257=CARTESIAN_POINT('',(10.849796295166,-2.615405321121,6.));
#5258=CARTESIAN_POINT('Origin',(17.,0.,0.));
#5259=CARTESIAN_POINT('',(0.,-13.,0.));
#5260=CARTESIAN_POINT('',(0.,-13.,0.));
#5261=CARTESIAN_POINT('',(34.,-13.,0.));
#5262=CARTESIAN_POINT('',(12.615405082703,-0.849796712399,0.));
#5263=CARTESIAN_POINT('',(12.75,0.,0.));
#5264=CARTESIAN_POINT('',(12.615405082703,-0.849796712399,0.));
#5265=CARTESIAN_POINT('',(12.615405082703,0.849796712399,0.));
#5266=CARTESIAN_POINT('',(12.75,0.,0.));
#5267=CARTESIAN_POINT('',(12.224796295166,1.616409420967,0.));
#5268=CARTESIAN_POINT('',(12.615405082703,0.849796712399,0.));
#5269=CARTESIAN_POINT('',(11.616409301758,2.224796772003,0.));
#5270=CARTESIAN_POINT('',(12.224796295166,1.616409420967,0.));
#5271=CARTESIAN_POINT('',(10.849796295166,2.615405321121,0.));
#5272=CARTESIAN_POINT('',(11.616409301758,2.224796772003,0.));
#5273=CARTESIAN_POINT('',(10.,2.75,0.));
#5274=CARTESIAN_POINT('',(10.849796295166,2.615405321121,0.));
#5275=CARTESIAN_POINT('',(9.150203704834,2.615405321121,0.));
#5276=CARTESIAN_POINT('',(10.,2.75,0.));
#5277=CARTESIAN_POINT('',(8.383590698242,2.224796772003,0.));
#5278=CARTESIAN_POINT('',(9.150203704834,2.615405321121,0.));
#5279=CARTESIAN_POINT('',(7.775203227997,1.616409420967,0.));
#5280=CARTESIAN_POINT('',(8.383590698242,2.224796772003,0.));
#5281=CARTESIAN_POINT('',(7.38459444046,0.849796712399,0.));
#5282=CARTESIAN_POINT('',(7.775203227997,1.616409420967,0.));
#5283=CARTESIAN_POINT('',(7.25,0.,0.));
#5284=CARTESIAN_POINT('',(7.38459444046,0.849796712399,0.));
#5285=CARTESIAN_POINT('',(7.38459444046,-0.849796712399,0.));
#5286=CARTESIAN_POINT('',(7.25,0.,0.));
#5287=CARTESIAN_POINT('',(7.775203227997,-1.616409420967,0.));
#5288=CARTESIAN_POINT('',(7.38459444046,-0.849796712399,0.));
#5289=CARTESIAN_POINT('',(8.383590698242,-2.224796772003,0.));
#5290=CARTESIAN_POINT('',(7.775203227997,-1.616409420967,0.));
#5291=CARTESIAN_POINT('',(9.150203704834,-2.615405321121,0.));
#5292=CARTESIAN_POINT('',(8.383590698242,-2.224796772003,0.));
#5293=CARTESIAN_POINT('',(10.,-2.75,0.));
#5294=CARTESIAN_POINT('',(9.150203704834,-2.615405321121,0.));
#5295=CARTESIAN_POINT('',(10.849796295166,-2.615405321121,0.));
#5296=CARTESIAN_POINT('',(10.,-2.75,0.));
#5297=CARTESIAN_POINT('',(11.616409301758,-2.224796772003,0.));
#5298=CARTESIAN_POINT('',(10.849796295166,-2.615405321121,0.));
#5299=CARTESIAN_POINT('',(12.224796295166,-1.616409420967,0.));
#5300=CARTESIAN_POINT('',(11.616409301758,-2.224796772003,0.));
#5301=CARTESIAN_POINT('',(12.224796295166,-1.616409420967,0.));
#5302=CARTESIAN_POINT('',(22.384593963623,-0.849796712399,0.));
#5303=CARTESIAN_POINT('',(22.25,0.,0.));
#5304=CARTESIAN_POINT('',(22.384593963623,-0.849796712399,0.));
#5305=CARTESIAN_POINT('',(22.775203704834,-1.616409420967,0.));
#5306=CARTESIAN_POINT('',(22.775203704834,-1.616409420967,0.));
#5307=CARTESIAN_POINT('',(23.383590698242,-2.224796772003,0.));
#5308=CARTESIAN_POINT('',(23.383590698242,-2.224796772003,0.));
#5309=CARTESIAN_POINT('',(24.150203704834,-2.615405321121,0.));
#5310=CARTESIAN_POINT('',(24.150203704834,-2.615405321121,0.));
#5311=CARTESIAN_POINT('',(25.,-2.75,0.));
#5312=CARTESIAN_POINT('',(25.,-2.75,0.));
#5313=CARTESIAN_POINT('',(25.849796295166,-2.615405321121,0.));
#5314=CARTESIAN_POINT('',(25.849796295166,-2.615405321121,0.));
#5315=CARTESIAN_POINT('',(26.616409301758,-2.224796772003,0.));
#5316=CARTESIAN_POINT('',(26.616409301758,-2.224796772003,0.));
#5317=CARTESIAN_POINT('',(27.224796295166,-1.616409420967,0.));
#5318=CARTESIAN_POINT('',(27.224796295166,-1.616409420967,0.));
#5319=CARTESIAN_POINT('',(27.615406036377,-0.849796712399,0.));
#5320=CARTESIAN_POINT('',(27.615406036377,-0.849796712399,0.));
#5321=CARTESIAN_POINT('',(27.75,0.,0.));
#5322=CARTESIAN_POINT('',(27.75,0.,0.));
#5323=CARTESIAN_POINT('',(27.615406036377,0.849796712399,0.));
#5324=CARTESIAN_POINT('',(27.615406036377,0.849796712399,0.));
#5325=CARTESIAN_POINT('',(27.224796295166,1.616409420967,0.));
#5326=CARTESIAN_POINT('',(27.224796295166,1.616409420967,0.));
#5327=CARTESIAN_POINT('',(26.616409301758,2.224796772003,0.));
#5328=CARTESIAN_POINT('',(26.616409301758,2.224796772003,0.));
#5329=CARTESIAN_POINT('',(25.849796295166,2.615405321121,0.));
#5330=CARTESIAN_POINT('',(25.849796295166,2.615405321121,0.));
#5331=CARTESIAN_POINT('',(25.,2.75,0.));
#5332=CARTESIAN_POINT('',(25.,2.75,0.));
#5333=CARTESIAN_POINT('',(24.150203704834,2.615405321121,0.));
#5334=CARTESIAN_POINT('',(24.150203704834,2.615405321121,0.));
#5335=CARTESIAN_POINT('',(23.383590698242,2.224796772003,0.));
#5336=CARTESIAN_POINT('',(23.383590698242,2.224796772003,0.));
#5337=CARTESIAN_POINT('',(22.775203704834,1.616409420967,0.));
#5338=CARTESIAN_POINT('',(22.775203704834,1.616409420967,0.));
#5339=CARTESIAN_POINT('',(22.384593963623,0.849796712399,0.));
#5340=CARTESIAN_POINT('',(22.384593963623,0.849796712399,0.));
#5341=CARTESIAN_POINT('',(22.25,0.,0.));
#5342=CARTESIAN_POINT('Origin',(22.579898834229,-1.233103066683,3.));
#5343=CARTESIAN_POINT('',(22.384593963623,-0.849796712399,0.));
#5344=CARTESIAN_POINT('',(22.775203704834,-1.616409420967,0.));
#5345=CARTESIAN_POINT('Origin',(23.079397201538,-1.920603096485,3.));
#5346=CARTESIAN_POINT('',(23.383590698242,-2.224796772003,0.));
#5347=CARTESIAN_POINT('Origin',(23.766897201538,-2.420101046562,3.));
#5348=CARTESIAN_POINT('',(24.150203704834,-2.615405321121,0.));
#5349=CARTESIAN_POINT('Origin',(24.575101852417,-2.682702660561,3.));
#5350=CARTESIAN_POINT('',(25.,-2.75,0.));
#5351=CARTESIAN_POINT('Origin',(25.424898147583,-2.682702660561,3.));
#5352=CARTESIAN_POINT('',(25.849796295166,-2.615405321121,0.));
#5353=CARTESIAN_POINT('Origin',(26.233102798462,-2.420101046562,3.));
#5354=CARTESIAN_POINT('',(26.616409301758,-2.224796772003,0.));
#5355=CARTESIAN_POINT('Origin',(26.920602798462,-1.920603096485,3.));
#5356=CARTESIAN_POINT('',(27.224796295166,-1.616409420967,0.));
#5357=CARTESIAN_POINT('Origin',(27.420101165771,-1.233103066683,3.));
#5358=CARTESIAN_POINT('',(27.615406036377,-0.849796712399,0.));
#5359=CARTESIAN_POINT('Origin',(27.682703018188,-0.424898356199,3.));
#5360=CARTESIAN_POINT('',(27.75,0.,0.));
#5361=CARTESIAN_POINT('Origin',(27.682703018188,0.424898356199,3.));
#5362=CARTESIAN_POINT('',(27.615406036377,0.849796712399,0.));
#5363=CARTESIAN_POINT('Origin',(27.420101165771,1.233103066683,3.));
#5364=CARTESIAN_POINT('',(27.224796295166,1.616409420967,0.));
#5365=CARTESIAN_POINT('Origin',(26.920602798462,1.920603096485,3.));
#5366=CARTESIAN_POINT('',(26.616409301758,2.224796772003,0.));
#5367=CARTESIAN_POINT('Origin',(26.233102798462,2.420101046562,3.));
#5368=CARTESIAN_POINT('',(25.849796295166,2.615405321121,0.));
#5369=CARTESIAN_POINT('Origin',(25.424898147583,2.682702660561,3.));
#5370=CARTESIAN_POINT('',(25.,2.75,0.));
#5371=CARTESIAN_POINT('Origin',(24.575101852417,2.682702660561,3.));
#5372=CARTESIAN_POINT('',(24.150203704834,2.615405321121,0.));
#5373=CARTESIAN_POINT('Origin',(23.766897201538,2.420101046562,3.));
#5374=CARTESIAN_POINT('',(23.383590698242,2.224796772003,0.));
#5375=CARTESIAN_POINT('Origin',(23.079397201538,1.920603096485,3.));
#5376=CARTESIAN_POINT('',(22.775203704834,1.616409420967,0.));
#5377=CARTESIAN_POINT('Origin',(22.579898834229,1.233103066683,3.));
#5378=CARTESIAN_POINT('',(22.384593963623,0.849796712399,0.));
#5379=CARTESIAN_POINT('Origin',(22.317296981812,0.424898356199,3.));
#5380=CARTESIAN_POINT('',(22.25,0.,0.));
#5381=CARTESIAN_POINT('Origin',(22.317296981812,-0.424898356199,3.));
#5382=CARTESIAN_POINT('Origin',(7.31729722023,-0.424898356199,3.));
#5383=CARTESIAN_POINT('',(7.25,0.,0.));
#5384=CARTESIAN_POINT('',(7.38459444046,-0.849796712399,0.));
#5385=CARTESIAN_POINT('Origin',(7.579898834229,-1.233103066683,3.));
#5386=CARTESIAN_POINT('',(7.775203227997,-1.616409420967,0.));
#5387=CARTESIAN_POINT('Origin',(8.07939696312,-1.920603096485,3.));
#5388=CARTESIAN_POINT('',(8.383590698242,-2.224796772003,0.));
#5389=CARTESIAN_POINT('Origin',(8.766897201538,-2.420101046562,3.));
#5390=CARTESIAN_POINT('',(9.150203704834,-2.615405321121,0.));
#5391=CARTESIAN_POINT('Origin',(9.575101852417,-2.682702660561,3.));
#5392=CARTESIAN_POINT('',(10.,-2.75,0.));
#5393=CARTESIAN_POINT('Origin',(10.424898147583,-2.682702660561,3.));
#5394=CARTESIAN_POINT('',(10.849796295166,-2.615405321121,0.));
#5395=CARTESIAN_POINT('Origin',(11.233102798462,-2.420101046562,3.));
#5396=CARTESIAN_POINT('',(11.616409301758,-2.224796772003,0.));
#5397=CARTESIAN_POINT('Origin',(11.920602798462,-1.920603096485,3.));
#5398=CARTESIAN_POINT('',(12.224796295166,-1.616409420967,0.));
#5399=CARTESIAN_POINT('Origin',(12.420100688934,-1.233103066683,3.));
#5400=CARTESIAN_POINT('',(12.615405082703,-0.849796712399,0.));
#5401=CARTESIAN_POINT('Origin',(12.682702541351,-0.424898356199,3.));
#5402=CARTESIAN_POINT('',(12.75,0.,0.));
#5403=CARTESIAN_POINT('Origin',(12.682702541351,0.424898356199,3.));
#5404=CARTESIAN_POINT('',(12.615405082703,0.849796712399,0.));
#5405=CARTESIAN_POINT('Origin',(12.420100688934,1.233103066683,3.));
#5406=CARTESIAN_POINT('',(12.224796295166,1.616409420967,0.));
#5407=CARTESIAN_POINT('Origin',(11.920602798462,1.920603096485,3.));
#5408=CARTESIAN_POINT('',(11.616409301758,2.224796772003,0.));
#5409=CARTESIAN_POINT('Origin',(11.233102798462,2.420101046562,3.));
#5410=CARTESIAN_POINT('',(10.849796295166,2.615405321121,0.));
#5411=CARTESIAN_POINT('Origin',(10.424898147583,2.682702660561,3.));
#5412=CARTESIAN_POINT('',(10.,2.75,0.));
#5413=CARTESIAN_POINT('Origin',(9.575101852417,2.682702660561,3.));
#5414=CARTESIAN_POINT('',(9.150203704834,2.615405321121,0.));
#5415=CARTESIAN_POINT('Origin',(8.766897201538,2.420101046562,3.));
#5416=CARTESIAN_POINT('',(8.383590698242,2.224796772003,0.));
#5417=CARTESIAN_POINT('Origin',(8.07939696312,1.920603096485,3.));
#5418=CARTESIAN_POINT('',(7.775203227997,1.616409420967,0.));
#5419=CARTESIAN_POINT('Origin',(7.579898834229,1.233103066683,3.));
#5420=CARTESIAN_POINT('',(7.38459444046,0.849796712399,0.));
#5421=CARTESIAN_POINT('Origin',(7.31729722023,0.424898356199,3.));
#5422=CARTESIAN_POINT('Origin',(17.077227693593,7.,13.031119971071));
#5423=CARTESIAN_POINT('',(0.,7.,20.));
#5424=CARTESIAN_POINT('',(34.305088043213,7.,20.));
#5425=CARTESIAN_POINT('',(0.,7.,20.));
#5426=CARTESIAN_POINT('Origin',(17.152544021606,0.,20.));
#5427=CARTESIAN_POINT('',(0.,-7.,20.));
#5428=CARTESIAN_POINT('Origin',(0.,0.,13.));
#5429=CARTESIAN_POINT('',(0.,-13.,0.));
#5430=CARTESIAN_POINT('Origin',(18.176417841985,-13.,18.475153372224));
#5431=CARTESIAN_POINT('',(38.972347259521,-13.,24.667261123657));
#5432=CARTESIAN_POINT('Origin',(29.851678848267,-12.85795927047,35.699135780334));
#5433=CARTESIAN_POINT('Origin',(26.986811758475,5.263631710831,43.087316552826));
#5434=CARTESIAN_POINT('Origin',(23.551015684483,6.688799544638,39.651519605992));
#5435=CARTESIAN_POINT('Origin',(23.551153849401,-6.683988429467,39.65165777091));
#5436=CARTESIAN_POINT('Origin',(19.036354389627,5.087566880811E-17,35.13685928169));
#5437=CARTESIAN_POINT('Origin',(26.986811758475,-5.263631710831,43.087316552826));
#5438=UNCERTAINTY_MEASURE_WITH_UNIT(LENGTH_MEASURE(0.01),#5442,
'DISTANCE_ACCURACY_VALUE',
'Maximum model space distance between geometric entities at asserted c
onnectivities');
#5439=UNCERTAINTY_MEASURE_WITH_UNIT(LENGTH_MEASURE(0.01),#5442,
'DISTANCE_ACCURACY_VALUE',
'Maximum model space distance between geometric entities at asserted c
onnectivities');
#5440=(
GEOMETRIC_REPRESENTATION_CONTEXT(3)
GLOBAL_UNCERTAINTY_ASSIGNED_CONTEXT((#5438))
GLOBAL_UNIT_ASSIGNED_CONTEXT((#5442,#5444,#5445))
REPRESENTATION_CONTEXT('','3D')
);
#5441=(
GEOMETRIC_REPRESENTATION_CONTEXT(3)
GLOBAL_UNCERTAINTY_ASSIGNED_CONTEXT((#5439))
GLOBAL_UNIT_ASSIGNED_CONTEXT((#5442,#5444,#5445))
REPRESENTATION_CONTEXT('','3D')
);
#5442=(
LENGTH_UNIT()
NAMED_UNIT(*)
SI_UNIT(.MILLI.,.METRE.)
);
#5443=(
LENGTH_UNIT()
NAMED_UNIT(*)
SI_UNIT($,.METRE.)
);
#5444=(
NAMED_UNIT(*)
PLANE_ANGLE_UNIT()
SI_UNIT($,.RADIAN.)
);
#5445=(
NAMED_UNIT(*)
SI_UNIT($,.STERADIAN.)
SOLID_ANGLE_UNIT()
);
#5446=SHAPE_DEFINITION_REPRESENTATION(#5447,#5448);
#5447=PRODUCT_DEFINITION_SHAPE('',$,#5450);
#5448=SHAPE_REPRESENTATION('',(#3355),#5440);
#5449=PRODUCT_DEFINITION_CONTEXT('part definition',#5454,'design');
#5450=PRODUCT_DEFINITION('_2025_11_30_slider_joint001 (Solid)001',
'Joint Slider v1',#5451,#5449);
#5451=PRODUCT_DEFINITION_FORMATION('',$,#5456);
#5452=PRODUCT_RELATED_PRODUCT_CATEGORY('Joint Slider v1',
'Joint Slider v1',(#5456));
#5453=APPLICATION_PROTOCOL_DEFINITION('international standard',
'automotive_design',2009,#5454);
#5454=APPLICATION_CONTEXT(
'Core Data for Automotive Mechanical Design Process');
#5455=PRODUCT_CONTEXT('part definition',#5454,'mechanical');
#5456=PRODUCT('_2025_11_30_slider_joint001 (Solid)001',
'Joint Slider v1','FreeCAD Model',(#5455));
#5457=PRESENTATION_STYLE_ASSIGNMENT((#5459));
#5458=PRESENTATION_STYLE_ASSIGNMENT((#5460));
#5459=SURFACE_STYLE_USAGE(.BOTH.,#5461);
#5460=SURFACE_STYLE_USAGE(.BOTH.,#5462);
#5461=SURFACE_SIDE_STYLE('',(#5463));
#5462=SURFACE_SIDE_STYLE('',(#5464));
#5463=SURFACE_STYLE_FILL_AREA(#5465);
#5464=SURFACE_STYLE_FILL_AREA(#5466);
#5465=FILL_AREA_STYLE('Steel - Satin',(#5467));
#5466=FILL_AREA_STYLE('Opaque(114,121,128)',(#5468));
#5467=FILL_AREA_STYLE_COLOUR('Steel - Satin',#5469);
#5468=FILL_AREA_STYLE_COLOUR('Opaque(114,121,128)',#5470);
#5469=COLOUR_RGB('Steel - Satin',0.627450980392157,0.627450980392157,0.627450980392157);
#5470=COLOUR_RGB('Opaque(114,121,128)',0.447058823529412,0.474509803921569,
0.501960784313725);
ENDSEC;
END-ISO-10303-21;
