ISO-10303-21;
HEADER;
FILE_DESCRIPTION(('FreeCAD Model'),'2;1');
FILE_NAME('Open CASCADE Shape Model','2026-09-13T17:38:19',(''),(''),
  'Open CASCADE STEP processor 7.8','FreeCAD','Unknown');
FILE_SCHEMA(('AUTOMOTIVE_DESIGN { 1 0 10303 214 1 1 1 1 }'));
ENDSEC;
DATA;
#1 = APPLICATION_PROTOCOL_DEFINITION('international standard',
  'automotive_design',2000,#2);
#2 = APPLICATION_CONTEXT(
  'core data for automotive mechanical design processes');
#3 = SHAPE_DEFINITION_REPRESENTATION(#4,#10);
#4 = PRODUCT_DEFINITION_SHAPE('','',#5);
#5 = PRODUCT_DEFINITION('design','',#6,#9);
#6 = PRODUCT_DEFINITION_FORMATION('','',#7);
#7 = PRODUCT('_2025_11_30_slider_joint001 (Solid)001',
  '_2025_11_30_slider_joint001 (Solid)001','',(#8));
#8 = PRODUCT_CONTEXT('',#2,'mechanical');
#9 = PRODUCT_DEFINITION_CONTEXT('part definition',#2,'design');
#10 = ADVANCED_BREP_SHAPE_REPRESENTATION('',(#11,#15),#5842);
#11 = AXIS2_PLACEMENT_3D('',#12,#13,#14);
#12 = CARTESIAN_POINT('',(0.,0.,0.));
#13 = DIRECTION('',(0.,0.,1.));
#14 = DIRECTION('',(1.,0.,-0.));
#15 = MANIFOLD_SOLID_BREP('',#16);
#16 = CLOSED_SHELL('',(#17,#49,#72,#95,#126,#158,#181,#204,#235,#267,
    #290,#322,#345,#375,#391,#414,#437,#467,#483,#506,#538,#561,#591,
    #607,#630,#651,#667,#690,#711,#734,#750,#773,#801,#817,#833,#849,
    #877,#888,#904,#927,#950,#973,#1001,#1017,#1040,#1063,#1086,#1109,
    #1132,#1162,#1185,#1208,#1231,#1252,#1273,#1289,#1312,#1342,#1358,
    #1381,#1404,#1427,#1450,#1473,#1489,#1510,#1521,#1532,#1555,#1578,
    #1594,#1617,#1640,#1661,#1682,#1698,#1714,#1730,#1746,#1767,#1790,
    #1813,#1836,#1859,#1875,#1898,#1914,#1935,#1956,#1977,#1988,#2004,
    #2025,#2041,#2057,#2069,#2100,#2131,#2163,#2186,#2218,#2241,#2264,
    #2287,#2310,#2333,#2354,#2375,#2398,#2421,#2444,#2467,#2483,#2499,
    #2515,#2526,#2549,#2572,#2593,#2609,#2641,#2664,#2694,#2717,#2738,
    #2759,#2780,#2796,#2807,#2830,#2853,#2883,#2906,#2936,#2952,#2975,
    #2998,#3019,#3042,#3058,#3074,#3090,#3113,#3136,#3159,#3175,#3207,
    #3230,#3253,#3276,#3299,#3322,#3345,#3366,#3387,#3410,#3433,#3456,
    #3472,#3488,#3499,#3515,#3538,#3559,#3570,#3581,#3592,#3608,#3624,
    #3641,#3665,#3687,#3699,#3730,#3752,#3764,#3786,#3816,#3838,#3855,
    #3873,#3891,#3903,#3915,#3932,#3949,#3982,#4021,#4061,#4409,#4757,
    #4779,#4796,#4813,#4830,#4847,#4864,#4881,#4898,#4915,#4932,#4949,
    #4966,#4983,#5000,#5017,#5034,#5051,#5068,#5085,#5097,#5119,#5136,
    #5153,#5170,#5187,#5204,#5221,#5238,#5255,#5272,#5289,#5306,#5323,
    #5340,#5357,#5374,#5391,#5408,#5425,#5437,#5462,#5479,#5502,#5521,
    #5533,#5550,#5562,#5579,#5601,#5618,#5635,#5652,#5669,#5698,#5715,
    #5732,#5749,#5766,#5778,#5790,#5804,#5817,#5830));
#17 = ADVANCED_FACE('',(#18),#44,.T.);
#18 = FACE_BOUND('',#19,.T.);
#19 = EDGE_LOOP('',(#20,#30,#38));
#20 = ORIENTED_EDGE('',*,*,#21,.T.);
#21 = EDGE_CURVE('',#22,#24,#26,.T.);
#22 = VERTEX_POINT('',#23);
#23 = CARTESIAN_POINT('',(24.534330368042,3.328697919846,40.634834289551
    ));
#24 = VERTEX_POINT('',#25);
#25 = CARTESIAN_POINT('',(27.558420181274,8.443279266357,43.658924102783
    ));
#26 = LINE('',#27,#28);
#27 = CARTESIAN_POINT('',(24.534330368042,3.328697919846,40.634834289551
    ));
#28 = VECTOR('',#29,1.);
#29 = DIRECTION('',(0.453589303846,0.767146326898,0.453589303846));
#30 = ORIENTED_EDGE('',*,*,#31,.F.);
#31 = EDGE_CURVE('',#32,#24,#34,.T.);
#32 = VERTEX_POINT('',#33);
#33 = CARTESIAN_POINT('',(25.95463180542,9.510564804077,42.055137634277)
  );
#34 = LINE('',#35,#36);
#35 = CARTESIAN_POINT('',(25.95463180542,9.510564804077,42.055137634277)
  );
#36 = VECTOR('',#37,1.);
#37 = DIRECTION('',(0.639809761073,-0.425779183318,0.639809000162));
#38 = ORIENTED_EDGE('',*,*,#39,.T.);
#39 = EDGE_CURVE('',#32,#22,#40,.T.);
#40 = LINE('',#41,#42);
#41 = CARTESIAN_POINT('',(25.95463180542,9.510564804077,42.055137634277)
  );
#42 = VECTOR('',#43,1.);
#43 = DIRECTION('',(-0.218507923946,-0.951056489441,-0.218508217384));
#44 = PLANE('',#45);
#45 = AXIS2_PLACEMENT_3D('',#46,#47,#48);
#46 = CARTESIAN_POINT('',(25.827396636408,6.601621837832,41.927901105933
    ));
#47 = DIRECTION('',(-0.707106479442,-3.568234069667E-07,0.707107082931)
  );
#48 = DIRECTION('',(0.707107082931,-4.666817820262E-24,0.707106479442));
#49 = ADVANCED_FACE('',(#50),#67,.T.);
#50 = FACE_BOUND('',#51,.T.);
#51 = EDGE_LOOP('',(#52,#53,#61));
#52 = ORIENTED_EDGE('',*,*,#21,.F.);
#53 = ORIENTED_EDGE('',*,*,#54,.F.);
#54 = EDGE_CURVE('',#55,#22,#57,.T.);
#55 = VERTEX_POINT('',#56);
#56 = CARTESIAN_POINT('',(25.22424697876,2.831559419632,41.324752807617)
  );
#57 = LINE('',#58,#59);
#58 = CARTESIAN_POINT('',(25.22424697876,2.831559419632,41.324752807617)
  );
#59 = VECTOR('',#60,1.);
#60 = DIRECTION('',(-0.630036088497,0.453989933349,-0.6300378303));
#61 = ORIENTED_EDGE('',*,*,#62,.F.);
#62 = EDGE_CURVE('',#24,#55,#63,.T.);
#63 = LINE('',#64,#65);
#64 = CARTESIAN_POINT('',(27.558420181274,8.443279266357,43.658924102783
    ));
#65 = VECTOR('',#66,1.);
#66 = DIRECTION('',(-0.358518030695,-0.86193378713,-0.358517737735));
#67 = PLANE('',#68);
#68 = AXIS2_PLACEMENT_3D('',#69,#70,#71);
#69 = CARTESIAN_POINT('',(26.114188815362,5.557327407531,42.214693245066
    ));
#70 = DIRECTION('',(-0.707107466598,8.105250890464E-07,0.707106095774));
#71 = DIRECTION('',(-0.707106095774,8.129696556012E-25,-0.707107466598)
  );
#72 = ADVANCED_FACE('',(#73),#90,.T.);
#73 = FACE_BOUND('',#74,.T.);
#74 = EDGE_LOOP('',(#75,#83,#84));
#75 = ORIENTED_EDGE('',*,*,#76,.F.);
#76 = EDGE_CURVE('',#22,#77,#79,.T.);
#77 = VERTEX_POINT('',#78);
#78 = CARTESIAN_POINT('',(24.213548660278,9.980267524719,40.314052581787
    ));
#79 = LINE('',#80,#81);
#80 = CARTESIAN_POINT('',(24.534330368042,3.328697919846,40.634834289551
    ));
#81 = VECTOR('',#82,1.);
#82 = DIRECTION('',(-4.81146929136E-02,0.997682290437,-4.81146929136E-02
    ));
#83 = ORIENTED_EDGE('',*,*,#39,.F.);
#84 = ORIENTED_EDGE('',*,*,#85,.F.);
#85 = EDGE_CURVE('',#77,#32,#86,.T.);
#86 = LINE('',#87,#88);
#87 = CARTESIAN_POINT('',(24.213548660278,9.980267524719,40.314052581787
    ));
#88 = VECTOR('',#89,1.);
#89 = DIRECTION('',(0.694581564464,-0.187381545475,0.694582325375));
#90 = PLANE('',#91);
#91 = AXIS2_PLACEMENT_3D('',#92,#93,#94);
#92 = CARTESIAN_POINT('',(24.848533021142,7.051415525093,40.949037490667
    ));
#93 = DIRECTION('',(-0.707107173608,-3.785020091343E-08,0.707106388765)
  );
#94 = DIRECTION('',(-0.707106388765,7.194883987625E-25,-0.707107173608)
  );
#95 = ADVANCED_FACE('',(#96),#121,.T.);
#96 = FACE_BOUND('',#97,.T.);
#97 = EDGE_LOOP('',(#98,#99,#107,#115));
#98 = ORIENTED_EDGE('',*,*,#54,.T.);
#99 = ORIENTED_EDGE('',*,*,#100,.T.);
#100 = EDGE_CURVE('',#22,#101,#103,.T.);
#101 = VERTEX_POINT('',#102);
#102 = CARTESIAN_POINT('',(39.737125396729,3.328697919846,
    25.432039260864));
#103 = LINE('',#104,#105);
#104 = CARTESIAN_POINT('',(24.534330368042,3.328697919846,
    40.634834289551));
#105 = VECTOR('',#106,1.);
#106 = DIRECTION('',(0.707106781187,0.,-0.707106781187));
#107 = ORIENTED_EDGE('',*,*,#108,.F.);
#108 = EDGE_CURVE('',#109,#101,#111,.T.);
#109 = VERTEX_POINT('',#110);
#110 = CARTESIAN_POINT('',(40.427043914795,2.831559419632,
    26.121955871582));
#111 = LINE('',#112,#113);
#112 = CARTESIAN_POINT('',(40.427043914795,2.831559419632,
    26.121955871582));
#113 = VECTOR('',#114,1.);
#114 = DIRECTION('',(-0.6300378303,0.453989933349,-0.630036088497));
#115 = ORIENTED_EDGE('',*,*,#116,.F.);
#116 = EDGE_CURVE('',#55,#109,#117,.T.);
#117 = LINE('',#118,#119);
#118 = CARTESIAN_POINT('',(25.22424697876,2.831559419632,41.324752807617
    ));
#119 = VECTOR('',#120,1.);
#120 = DIRECTION('',(0.707106781187,0.,-0.707106781187));
#121 = PLANE('',#122);
#122 = AXIS2_PLACEMENT_3D('',#123,#124,#125);
#123 = CARTESIAN_POINT('',(32.480686685172,3.080128654902,
    33.378395577994));
#124 = DIRECTION('',(-0.321019360462,-0.891006812778,-0.321019360462));
#125 = DIRECTION('',(-6.554975899202E-18,0.338959599959,-0.940800929844)
  );
#126 = ADVANCED_FACE('',(#127),#153,.T.);
#127 = FACE_BOUND('',#128,.T.);
#128 = EDGE_LOOP('',(#129,#139,#147));
#129 = ORIENTED_EDGE('',*,*,#130,.T.);
#130 = EDGE_CURVE('',#131,#133,#135,.T.);
#131 = VERTEX_POINT('',#132);
#132 = CARTESIAN_POINT('',(24.534330368042,-3.328697919846,
    40.634834289551));
#133 = VERTEX_POINT('',#134);
#134 = CARTESIAN_POINT('',(27.558420181274,-8.443279266357,
    43.658924102783));
#135 = LINE('',#136,#137);
#136 = CARTESIAN_POINT('',(24.534330368042,-3.328697919846,
    40.634834289551));
#137 = VECTOR('',#138,1.);
#138 = DIRECTION('',(0.453589303846,-0.767146326898,0.453589303846));
#139 = ORIENTED_EDGE('',*,*,#140,.T.);
#140 = EDGE_CURVE('',#133,#141,#143,.T.);
#141 = VERTEX_POINT('',#142);
#142 = CARTESIAN_POINT('',(25.22424697876,-2.831559419632,
    41.324752807617));
#143 = LINE('',#144,#145);
#144 = CARTESIAN_POINT('',(27.558420181274,-8.443279266357,
    43.658924102783));
#145 = VECTOR('',#146,1.);
#146 = DIRECTION('',(-0.358518030695,0.86193378713,-0.358517737735));
#147 = ORIENTED_EDGE('',*,*,#148,.F.);
#148 = EDGE_CURVE('',#131,#141,#149,.T.);
#149 = LINE('',#150,#151);
#150 = CARTESIAN_POINT('',(24.534330368042,-3.328697919846,
    40.634834289551));
#151 = VECTOR('',#152,1.);
#152 = DIRECTION('',(0.630036088497,0.453989933349,0.6300378303));
#153 = PLANE('',#154);
#154 = AXIS2_PLACEMENT_3D('',#155,#156,#157);
#155 = CARTESIAN_POINT('',(26.114188815362,-5.557327407531,
    42.214693245066));
#156 = DIRECTION('',(-0.707107466598,-8.105250919683E-07,0.707106095774)
  );
#157 = DIRECTION('',(-0.707106095774,-5.422947990423E-23,-0.707107466598
    ));
#158 = ADVANCED_FACE('',(#159),#176,.T.);
#159 = FACE_BOUND('',#160,.T.);
#160 = EDGE_LOOP('',(#161,#162,#170));
#161 = ORIENTED_EDGE('',*,*,#130,.F.);
#162 = ORIENTED_EDGE('',*,*,#163,.F.);
#163 = EDGE_CURVE('',#164,#131,#166,.T.);
#164 = VERTEX_POINT('',#165);
#165 = CARTESIAN_POINT('',(25.95463180542,-9.510564804077,
    42.055137634277));
#166 = LINE('',#167,#168);
#167 = CARTESIAN_POINT('',(25.95463180542,-9.510564804077,
    42.055137634277));
#168 = VECTOR('',#169,1.);
#169 = DIRECTION('',(-0.218507923946,0.951056489441,-0.218508217384));
#170 = ORIENTED_EDGE('',*,*,#171,.F.);
#171 = EDGE_CURVE('',#133,#164,#172,.T.);
#172 = LINE('',#173,#174);
#173 = CARTESIAN_POINT('',(27.558420181274,-8.443279266357,
    43.658924102783));
#174 = VECTOR('',#175,1.);
#175 = DIRECTION('',(-0.639809761073,-0.425779183318,-0.639809000162));
#176 = PLANE('',#177);
#177 = AXIS2_PLACEMENT_3D('',#178,#179,#180);
#178 = CARTESIAN_POINT('',(25.827396636408,-6.601621837832,
    41.927901105933));
#179 = DIRECTION('',(-0.707106479442,3.568234069122E-07,0.707107082931)
  );
#180 = DIRECTION('',(0.707107082931,-1.468906461202E-23,0.707106479442)
  );
#181 = ADVANCED_FACE('',(#182),#199,.T.);
#182 = FACE_BOUND('',#183,.T.);
#183 = EDGE_LOOP('',(#184,#192,#198));
#184 = ORIENTED_EDGE('',*,*,#185,.T.);
#185 = EDGE_CURVE('',#131,#186,#188,.T.);
#186 = VERTEX_POINT('',#187);
#187 = CARTESIAN_POINT('',(24.213548660278,-9.980267524719,
    40.314052581787));
#188 = LINE('',#189,#190);
#189 = CARTESIAN_POINT('',(24.534330368042,-3.328697919846,
    40.634834289551));
#190 = VECTOR('',#191,1.);
#191 = DIRECTION('',(-4.81146929136E-02,-0.997682290437,
    -4.81146929136E-02));
#192 = ORIENTED_EDGE('',*,*,#193,.F.);
#193 = EDGE_CURVE('',#164,#186,#194,.T.);
#194 = LINE('',#195,#196);
#195 = CARTESIAN_POINT('',(25.95463180542,-9.510564804077,
    42.055137634277));
#196 = VECTOR('',#197,1.);
#197 = DIRECTION('',(-0.694581564464,-0.187381545475,-0.694582325375));
#198 = ORIENTED_EDGE('',*,*,#163,.T.);
#199 = PLANE('',#200);
#200 = AXIS2_PLACEMENT_3D('',#201,#202,#203);
#201 = CARTESIAN_POINT('',(24.848533021142,-7.051415525093,
    40.949037490667));
#202 = DIRECTION('',(-0.707107173608,3.785020091266E-08,0.707106388765)
  );
#203 = DIRECTION('',(-0.707106388765,-2.094589790846E-25,-0.707107173608
    ));
#204 = ADVANCED_FACE('',(#205),#230,.T.);
#205 = FACE_BOUND('',#206,.T.);
#206 = EDGE_LOOP('',(#207,#208,#216,#224));
#207 = ORIENTED_EDGE('',*,*,#148,.T.);
#208 = ORIENTED_EDGE('',*,*,#209,.T.);
#209 = EDGE_CURVE('',#141,#210,#212,.T.);
#210 = VERTEX_POINT('',#211);
#211 = CARTESIAN_POINT('',(40.427043914795,-2.831559419632,
    26.121955871582));
#212 = LINE('',#213,#214);
#213 = CARTESIAN_POINT('',(25.22424697876,-2.831559419632,
    41.324752807617));
#214 = VECTOR('',#215,1.);
#215 = DIRECTION('',(0.707106781187,0.,-0.707106781187));
#216 = ORIENTED_EDGE('',*,*,#217,.F.);
#217 = EDGE_CURVE('',#218,#210,#220,.T.);
#218 = VERTEX_POINT('',#219);
#219 = CARTESIAN_POINT('',(39.737125396729,-3.328697919846,
    25.432039260864));
#220 = LINE('',#221,#222);
#221 = CARTESIAN_POINT('',(39.737125396729,-3.328697919846,
    25.432039260864));
#222 = VECTOR('',#223,1.);
#223 = DIRECTION('',(0.6300378303,0.453989933349,0.630036088497));
#224 = ORIENTED_EDGE('',*,*,#225,.F.);
#225 = EDGE_CURVE('',#131,#218,#226,.T.);
#226 = LINE('',#227,#228);
#227 = CARTESIAN_POINT('',(24.534330368042,-3.328697919846,
    40.634834289551));
#228 = VECTOR('',#229,1.);
#229 = DIRECTION('',(0.707106781187,0.,-0.707106781187));
#230 = PLANE('',#231);
#231 = AXIS2_PLACEMENT_3D('',#232,#233,#234);
#232 = CARTESIAN_POINT('',(32.480686685172,-3.080128654902,
    33.378395577994));
#233 = DIRECTION('',(-0.321019360462,0.891006812778,-0.321019360462));
#234 = DIRECTION('',(6.554975899202E-18,0.338959599959,0.940800929844));
#235 = ADVANCED_FACE('',(#236),#262,.T.);
#236 = FACE_BOUND('',#237,.T.);
#237 = EDGE_LOOP('',(#238,#248,#256));
#238 = ORIENTED_EDGE('',*,*,#239,.T.);
#239 = EDGE_CURVE('',#240,#242,#244,.T.);
#240 = VERTEX_POINT('',#241);
#241 = CARTESIAN_POINT('',(26.244426727295,0.,42.344932556152));
#242 = VERTEX_POINT('',#243);
#243 = CARTESIAN_POINT('',(30.618469238281,-2.486898899078,
    46.718975067139));
#244 = LINE('',#245,#246);
#245 = CARTESIAN_POINT('',(26.244426727295,0.,42.344932556152));
#246 = VECTOR('',#247,1.);
#247 = DIRECTION('',(0.656071558878,-0.373015038924,0.656071558878));
#248 = ORIENTED_EDGE('',*,*,#249,.F.);
#249 = EDGE_CURVE('',#250,#242,#252,.T.);
#250 = VERTEX_POINT('',#251);
#251 = CARTESIAN_POINT('',(30.840620040894,0.,46.941123962402));
#252 = LINE('',#253,#254);
#253 = CARTESIAN_POINT('',(30.840620040894,0.,46.941123962402));
#254 = VECTOR('',#255,1.);
#255 = DIRECTION('',(-8.862406468376E-02,-0.992114754042,
    -8.862330377276E-02));
#256 = ORIENTED_EDGE('',*,*,#257,.T.);
#257 = EDGE_CURVE('',#250,#240,#258,.T.);
#258 = LINE('',#259,#260);
#259 = CARTESIAN_POINT('',(30.840620040894,0.,46.941123962402));
#260 = VECTOR('',#261,1.);
#261 = DIRECTION('',(-0.707106927906,0.,-0.707106634467));
#262 = PLANE('',#263);
#263 = AXIS2_PLACEMENT_3D('',#264,#265,#266);
#264 = CARTESIAN_POINT('',(28.845042379254,-0.727781332117,
    44.945547660096));
#265 = DIRECTION('',(-0.707106634467,5.161093866972E-07,0.707106927906)
  );
#266 = DIRECTION('',(0.707106927906,-2.010767948926E-23,0.707106634467)
  );
#267 = ADVANCED_FACE('',(#268),#285,.T.);
#268 = FACE_BOUND('',#269,.T.);
#269 = EDGE_LOOP('',(#270,#271,#279));
#270 = ORIENTED_EDGE('',*,*,#239,.F.);
#271 = ORIENTED_EDGE('',*,*,#272,.F.);
#272 = EDGE_CURVE('',#273,#240,#275,.T.);
#273 = VERTEX_POINT('',#274);
#274 = CARTESIAN_POINT('',(26.123296737671,-1.081559538841,
    42.22380065918));
#275 = LINE('',#276,#277);
#276 = CARTESIAN_POINT('',(26.123296737671,-1.081559538841,
    42.22380065918));
#277 = VECTOR('',#278,1.);
#278 = DIRECTION('',(0.110616776926,0.98768794261,0.11061851873));
#279 = ORIENTED_EDGE('',*,*,#280,.F.);
#280 = EDGE_CURVE('',#242,#273,#281,.T.);
#281 = LINE('',#282,#283);
#282 = CARTESIAN_POINT('',(30.618469238281,-2.486898899078,
    46.718975067139));
#283 = VECTOR('',#284,1.);
#284 = DIRECTION('',(-0.690437138406,0.215853448614,-0.690437431366));
#285 = PLANE('',#286);
#286 = AXIS2_PLACEMENT_3D('',#287,#288,#289);
#287 = CARTESIAN_POINT('',(28.231379300058,-1.436220382361,
    44.33188462072));
#288 = DIRECTION('',(-0.707107114459,-1.172343965415E-06,0.707106447913)
  );
#289 = DIRECTION('',(-0.707106447913,5.798119091482E-23,-0.70710711446)
  );
#290 = ADVANCED_FACE('',(#291),#317,.T.);
#291 = FACE_BOUND('',#292,.T.);
#292 = EDGE_LOOP('',(#293,#303,#311));
#293 = ORIENTED_EDGE('',*,*,#294,.T.);
#294 = EDGE_CURVE('',#295,#297,#299,.T.);
#295 = VERTEX_POINT('',#296);
#296 = CARTESIAN_POINT('',(48.114379882812,-1.358870029449,33.8092918396
    ));
#297 = VERTEX_POINT('',#298);
#298 = CARTESIAN_POINT('',(27.562286376953,-4.017220973969,
    53.562286376953));
#299 = LINE('',#300,#301);
#300 = CARTESIAN_POINT('',(48.114379882812,-1.358870029449,33.8092918396
    ));
#301 = VECTOR('',#302,1.);
#302 = DIRECTION('',(-0.717869512389,-9.285424357168E-02,0.689957573067)
  );
#303 = ORIENTED_EDGE('',*,*,#304,.T.);
#304 = EDGE_CURVE('',#297,#305,#307,.T.);
#305 = VERTEX_POINT('',#306);
#306 = CARTESIAN_POINT('',(47.714828491211,-4.017220973969,
    33.409744262695));
#307 = LINE('',#308,#309);
#308 = CARTESIAN_POINT('',(27.562286376953,-4.017220973969,
    53.562286376953));
#309 = VECTOR('',#310,1.);
#310 = DIRECTION('',(0.707106781187,0.,-0.707106781187));
#311 = ORIENTED_EDGE('',*,*,#312,.T.);
#312 = EDGE_CURVE('',#305,#295,#313,.T.);
#313 = LINE('',#314,#315);
#314 = CARTESIAN_POINT('',(47.714828491211,-4.017220973969,
    33.409744262695));
#315 = VECTOR('',#316,1.);
#316 = DIRECTION('',(0.14701606077,0.97814772323,0.147014657142));
#317 = PLANE('',#318);
#318 = AXIS2_PLACEMENT_3D('',#319,#320,#321);
#319 = CARTESIAN_POINT('',(38.200775117287,-3.321017611154,
    43.133076020364));
#320 = DIRECTION('',(0.691654888099,-0.207911114513,0.691654888099));
#321 = DIRECTION('',(-0.707106781187,-9.276036548253E-18,0.707106781187)
  );
#322 = ADVANCED_FACE('',(#323),#340,.T.);
#323 = FACE_BOUND('',#324,.T.);
#324 = EDGE_LOOP('',(#325,#326,#334));
#325 = ORIENTED_EDGE('',*,*,#294,.F.);
#326 = ORIENTED_EDGE('',*,*,#327,.F.);
#327 = EDGE_CURVE('',#328,#295,#330,.T.);
#328 = VERTEX_POINT('',#329);
#329 = CARTESIAN_POINT('',(27.961835861206,-1.358870029449,
    53.961837768555));
#330 = LINE('',#331,#332);
#331 = CARTESIAN_POINT('',(27.961835861206,-1.358870029449,
    53.961837768555));
#332 = VECTOR('',#333,1.);
#333 = DIRECTION('',(0.707106747724,0.,-0.707106814649));
#334 = ORIENTED_EDGE('',*,*,#335,.T.);
#335 = EDGE_CURVE('',#328,#297,#336,.T.);
#336 = LINE('',#337,#338);
#337 = CARTESIAN_POINT('',(27.961835861206,-1.358870029449,
    53.961837768555));
#338 = VECTOR('',#339,1.);
#339 = DIRECTION('',(-0.147015343788,-0.978147622308,-0.147016045602));
#340 = PLANE('',#341);
#341 = AXIS2_PLACEMENT_3D('',#342,#343,#344);
#342 = CARTESIAN_POINT('',(37.475890637514,-2.055073348161,
    44.238503211871));
#343 = DIRECTION('',(0.691654849467,-0.207911589319,0.691654784004));
#344 = DIRECTION('',(-0.707106747724,-5.275724273677E-19,0.707106814649)
  );
#345 = ADVANCED_FACE('',(#346),#370,.T.);
#346 = FACE_BOUND('',#347,.T.);
#347 = EDGE_LOOP('',(#348,#356,#364));
#348 = ORIENTED_EDGE('',*,*,#349,.T.);
#349 = EDGE_CURVE('',#350,#328,#352,.T.);
#350 = VERTEX_POINT('',#351);
#351 = CARTESIAN_POINT('',(25.66872215271,-2.486898899078,
    51.668724060059));
#352 = LINE('',#353,#354);
#353 = CARTESIAN_POINT('',(25.66872215271,-2.486898899078,
    51.668724060059));
#354 = VECTOR('',#355,1.);
#355 = DIRECTION('',(0.667857189311,0.328532417534,0.667857189311));
#356 = ORIENTED_EDGE('',*,*,#357,.T.);
#357 = EDGE_CURVE('',#328,#358,#360,.T.);
#358 = VERTEX_POINT('',#359);
#359 = CARTESIAN_POINT('',(25.890872955322,0.,51.890872955322));
#360 = LINE('',#361,#362);
#361 = CARTESIAN_POINT('',(27.961835861206,-1.358870029449,
    53.961837768555));
#362 = VECTOR('',#363,1.);
#363 = DIRECTION('',(-0.641429091802,0.420876089278,-0.641429682556));
#364 = ORIENTED_EDGE('',*,*,#365,.T.);
#365 = EDGE_CURVE('',#358,#350,#366,.T.);
#366 = LINE('',#367,#368);
#367 = CARTESIAN_POINT('',(25.890872955322,0.,51.890872955322));
#368 = VECTOR('',#369,1.);
#369 = DIRECTION('',(-8.862406468376E-02,-0.992114754042,
    -8.862330377276E-02));
#370 = PLANE('',#371);
#371 = AXIS2_PLACEMENT_3D('',#372,#373,#374);
#372 = CARTESIAN_POINT('',(26.571303690746,-1.299274202252,
    52.57130500155));
#373 = DIRECTION('',(-0.707106920707,5.672478238679E-07,0.707106641666)
  );
#374 = DIRECTION('',(-0.707106641666,2.442166668547E-23,-0.707106920707)
  );
#375 = ADVANCED_FACE('',(#376),#386,.T.);
#376 = FACE_BOUND('',#377,.T.);
#377 = EDGE_LOOP('',(#378,#379,#385));
#378 = ORIENTED_EDGE('',*,*,#349,.F.);
#379 = ORIENTED_EDGE('',*,*,#380,.F.);
#380 = EDGE_CURVE('',#297,#350,#381,.T.);
#381 = LINE('',#382,#383);
#382 = CARTESIAN_POINT('',(27.562286376953,-4.017220973969,
    53.562286376953));
#383 = VECTOR('',#384,1.);
#384 = DIRECTION('',(-0.613931849658,0.496161392353,-0.613931231257));
#385 = ORIENTED_EDGE('',*,*,#335,.F.);
#386 = PLANE('',#387);
#387 = AXIS2_PLACEMENT_3D('',#388,#389,#390);
#388 = CARTESIAN_POINT('',(27.027169659756,-2.591938343523,
    53.02717096798));
#389 = DIRECTION('',(-0.707106646437,-5.478499252018E-07,0.707106915936)
  );
#390 = DIRECTION('',(0.707106915936,5.270289789224E-23,0.707106646437));
#391 = ADVANCED_FACE('',(#392),#409,.T.);
#392 = FACE_BOUND('',#393,.T.);
#393 = EDGE_LOOP('',(#394,#402,#403));
#394 = ORIENTED_EDGE('',*,*,#395,.T.);
#395 = EDGE_CURVE('',#396,#297,#398,.T.);
#396 = VERTEX_POINT('',#397);
#397 = CARTESIAN_POINT('',(25.016229629517,-4.817536830902,
    51.016227722168));
#398 = LINE('',#399,#400);
#399 = CARTESIAN_POINT('',(25.016229629517,-4.817536830902,
    51.016227722168));
#400 = VECTOR('',#401,1.);
#401 = DIRECTION('',(0.690261446458,0.216973632495,0.690261963559));
#402 = ORIENTED_EDGE('',*,*,#380,.T.);
#403 = ORIENTED_EDGE('',*,*,#404,.T.);
#404 = EDGE_CURVE('',#350,#396,#405,.T.);
#405 = LINE('',#406,#407);
#406 = CARTESIAN_POINT('',(25.66872215271,-2.486898899078,
    51.668724060059));
#407 = VECTOR('',#408,1.);
#408 = DIRECTION('',(-0.260303005932,-0.929776262299,-0.260304527753));
#409 = PLANE('',#410);
#410 = AXIS2_PLACEMENT_3D('',#411,#412,#413);
#411 = CARTESIAN_POINT('',(26.141942646788,-3.823359162268,
    52.141942584691));
#412 = DIRECTION('',(-0.707106872151,-1.106430897189E-06,0.707106690221)
  );
#413 = DIRECTION('',(-0.707106690221,-7.005638204312E-23,-0.707106872152
    ));
#414 = ADVANCED_FACE('',(#415),#432,.T.);
#415 = FACE_BOUND('',#416,.T.);
#416 = EDGE_LOOP('',(#417,#425,#426));
#417 = ORIENTED_EDGE('',*,*,#418,.T.);
#418 = EDGE_CURVE('',#419,#295,#421,.T.);
#419 = VERTEX_POINT('',#420);
#420 = CARTESIAN_POINT('',(41.326091766357,-1.081559538841,
    27.021007537842));
#421 = LINE('',#422,#423);
#422 = CARTESIAN_POINT('',(41.326091766357,-1.081559538841,
    27.021007537842));
#423 = VECTOR('',#424,1.);
#424 = DIRECTION('',(0.706812153881,-2.887420536638E-02,0.706811756686)
  );
#425 = ORIENTED_EDGE('',*,*,#312,.F.);
#426 = ORIENTED_EDGE('',*,*,#427,.T.);
#427 = EDGE_CURVE('',#305,#419,#428,.T.);
#428 = LINE('',#429,#430);
#429 = CARTESIAN_POINT('',(47.714828491211,-4.017220973969,
    33.409744262695));
#430 = VECTOR('',#431,1.);
#431 = DIRECTION('',(-0.672498520871,0.309016955609,-0.672498520871));
#432 = PLANE('',#433);
#433 = AXIS2_PLACEMENT_3D('',#434,#435,#436);
#434 = CARTESIAN_POINT('',(45.031098478453,-1.981670129302,
    30.726013172941));
#435 = DIRECTION('',(0.707106563119,-9.491376948977E-07,-0.707106999253)
  );
#436 = DIRECTION('',(-0.707106999254,-2.651599140808E-23,-0.707106563119
    ));
#437 = ADVANCED_FACE('',(#438),#462,.T.);
#438 = FACE_BOUND('',#439,.T.);
#439 = EDGE_LOOP('',(#440,#448,#456));
#440 = ORIENTED_EDGE('',*,*,#441,.T.);
#441 = EDGE_CURVE('',#419,#442,#444,.T.);
#442 = VERTEX_POINT('',#443);
#443 = CARTESIAN_POINT('',(46.93318939209,-6.5,32.628105163574));
#444 = LINE('',#445,#446);
#445 = CARTESIAN_POINT('',(41.326091766357,-1.081559538841,
    27.021007537842));
#446 = VECTOR('',#447,1.);
#447 = DIRECTION('',(0.583823809839,-0.564180395024,0.583823809839));
#448 = ORIENTED_EDGE('',*,*,#449,.T.);
#449 = EDGE_CURVE('',#442,#450,#452,.T.);
#450 = VERTEX_POINT('',#451);
#451 = CARTESIAN_POINT('',(40.974563598633,-2.057248353958,
    26.669477462769));
#452 = LINE('',#453,#454);
#453 = CARTESIAN_POINT('',(46.93318939209,-6.5,32.628105163574));
#454 = VECTOR('',#455,1.);
#455 = DIRECTION('',(-0.625498635173,0.466371809094,-0.625498835394));
#456 = ORIENTED_EDGE('',*,*,#457,.T.);
#457 = EDGE_CURVE('',#450,#419,#458,.T.);
#458 = LINE('',#459,#460);
#459 = CARTESIAN_POINT('',(40.974563598633,-2.057248353958,
    26.669477462769));
#460 = VECTOR('',#461,1.);
#461 = DIRECTION('',(0.321018361501,0.891006905053,0.321020103307));
#462 = PLANE('',#463);
#463 = AXIS2_PLACEMENT_3D('',#464,#465,#466);
#464 = CARTESIAN_POINT('',(43.88554904095,-3.900286343673,
    29.580464311617));
#465 = DIRECTION('',(0.707107276598,1.025322369722E-06,-0.707106285774)
  );
#466 = DIRECTION('',(0.707106285774,5.380617419742E-23,0.707107276598));
#467 = ADVANCED_FACE('',(#468),#478,.T.);
#468 = FACE_BOUND('',#469,.T.);
#469 = EDGE_LOOP('',(#470,#471,#472));
#470 = ORIENTED_EDGE('',*,*,#441,.F.);
#471 = ORIENTED_EDGE('',*,*,#427,.F.);
#472 = ORIENTED_EDGE('',*,*,#473,.F.);
#473 = EDGE_CURVE('',#442,#305,#474,.T.);
#474 = LINE('',#475,#476);
#475 = CARTESIAN_POINT('',(46.93318939209,-6.5,32.628105163574));
#476 = VECTOR('',#477,1.);
#477 = DIRECTION('',(0.287606276081,0.913545433964,0.287606276081));
#478 = PLANE('',#479);
#479 = AXIS2_PLACEMENT_3D('',#480,#481,#482);
#480 = CARTESIAN_POINT('',(44.697615271459,-3.433155395986,
    30.392531042943));
#481 = DIRECTION('',(0.707106781187,1.323319154932E-16,-0.707106781187)
  );
#482 = DIRECTION('',(0.707106781187,2.547405511782E-33,0.707106781187));
#483 = ADVANCED_FACE('',(#484),#501,.T.);
#484 = FACE_BOUND('',#485,.T.);
#485 = EDGE_LOOP('',(#486,#487,#495));
#486 = ORIENTED_EDGE('',*,*,#449,.F.);
#487 = ORIENTED_EDGE('',*,*,#488,.F.);
#488 = EDGE_CURVE('',#489,#442,#491,.T.);
#489 = VERTEX_POINT('',#490);
#490 = CARTESIAN_POINT('',(45.803623199463,-8.698698043823,
    31.498537063599));
#491 = LINE('',#492,#493);
#492 = CARTESIAN_POINT('',(45.803623199463,-8.698698043823,
    31.498537063599));
#493 = VECTOR('',#494,1.);
#494 = DIRECTION('',(0.415626849601,0.809016724423,0.415627551415));
#495 = ORIENTED_EDGE('',*,*,#496,.F.);
#496 = EDGE_CURVE('',#450,#489,#497,.T.);
#497 = LINE('',#498,#499);
#498 = CARTESIAN_POINT('',(40.974563598633,-2.057248353958,
    26.669477462769));
#499 = VECTOR('',#500,1.);
#500 = DIRECTION('',(0.506924017924,-0.69717722288,0.506924017924));
#501 = PLANE('',#502);
#502 = AXIS2_PLACEMENT_3D('',#503,#504,#505);
#503 = CARTESIAN_POINT('',(44.008163244002,-5.174231058573,
    29.703077644502));
#504 = DIRECTION('',(0.707107028358,3.594420396147E-07,-0.707106534015)
  );
#505 = DIRECTION('',(0.707106534015,4.472846900163E-24,0.707107028358));
#506 = ADVANCED_FACE('',(#507),#533,.T.);
#507 = FACE_BOUND('',#508,.T.);
#508 = EDGE_LOOP('',(#509,#519,#527));
#509 = ORIENTED_EDGE('',*,*,#510,.T.);
#510 = EDGE_CURVE('',#511,#513,#515,.T.);
#511 = VERTEX_POINT('',#512);
#512 = CARTESIAN_POINT('',(42.711231231689,-11.87609100341,
    28.406143188477));
#513 = VERTEX_POINT('',#514);
#514 = CARTESIAN_POINT('',(20.731010437012,-12.71591854095,
    46.731010437012));
#515 = LINE('',#516,#517);
#516 = CARTESIAN_POINT('',(42.711231231689,-11.87609100341,
    28.406143188477));
#517 = VECTOR('',#518,1.);
#518 = DIRECTION('',(-0.76775294567,-2.933455818401E-02,0.640074134855)
  );
#519 = ORIENTED_EDGE('',*,*,#520,.T.);
#520 = EDGE_CURVE('',#513,#521,#523,.T.);
#521 = VERTEX_POINT('',#522);
#522 = CARTESIAN_POINT('',(40.88355255127,-12.71591854095,
    26.578466415405));
#523 = LINE('',#524,#525);
#524 = CARTESIAN_POINT('',(20.731010437012,-12.71591854095,
    46.731010437012));
#525 = VECTOR('',#526,1.);
#526 = DIRECTION('',(0.707106747724,0.,-0.707106814649));
#527 = ORIENTED_EDGE('',*,*,#528,.T.);
#528 = EDGE_CURVE('',#521,#511,#529,.T.);
#529 = LINE('',#530,#531);
#530 = CARTESIAN_POINT('',(40.88355255127,-12.71591854095,
    26.578466415405));
#531 = VECTOR('',#532,1.);
#532 = DIRECTION('',(0.67249894343,0.309016643739,0.672498241617));
#533 = PLANE('',#534);
#534 = AXIS2_PLACEMENT_3D('',#535,#536,#537);
#535 = CARTESIAN_POINT('',(31.743516013392,-12.49597362904,
    36.675815689315));
#536 = DIRECTION('',(0.218507774628,-0.951056630224,0.218507753947));
#537 = DIRECTION('',(-0.974607821367,-0.223918723044,-4.910913134739E-18
    ));
#538 = ADVANCED_FACE('',(#539),#556,.T.);
#539 = FACE_BOUND('',#540,.T.);
#540 = EDGE_LOOP('',(#541,#542,#550));
#541 = ORIENTED_EDGE('',*,*,#510,.F.);
#542 = ORIENTED_EDGE('',*,*,#543,.F.);
#543 = EDGE_CURVE('',#544,#511,#546,.T.);
#544 = VERTEX_POINT('',#545);
#545 = CARTESIAN_POINT('',(22.558685302734,-11.87609100341,
    48.558685302734));
#546 = LINE('',#547,#548);
#547 = CARTESIAN_POINT('',(22.558685302734,-11.87609100341,
    48.558685302734));
#548 = VECTOR('',#549,1.);
#549 = DIRECTION('',(0.707106848111,0.,-0.707106714262));
#550 = ORIENTED_EDGE('',*,*,#551,.T.);
#551 = EDGE_CURVE('',#544,#513,#552,.T.);
#552 = LINE('',#553,#554);
#553 = CARTESIAN_POINT('',(22.558685302734,-11.87609100341,
    48.558685302734));
#554 = VECTOR('',#555,1.);
#555 = DIRECTION('',(-0.672498491998,-0.309017081278,-0.672498491998));
#556 = PLANE('',#557);
#557 = AXIS2_PLACEMENT_3D('',#558,#559,#560);
#558 = CARTESIAN_POINT('',(31.698725327935,-12.09603589751,
    38.461336848703));
#559 = DIRECTION('',(0.218508052994,-0.951056488059,0.218508094355));
#560 = DIRECTION('',(-3.966707265073E-19,-0.223919066054,-0.97460774256)
  );
#561 = ADVANCED_FACE('',(#562),#586,.T.);
#562 = FACE_BOUND('',#563,.T.);
#563 = EDGE_LOOP('',(#564,#572,#580));
#564 = ORIENTED_EDGE('',*,*,#565,.T.);
#565 = EDGE_CURVE('',#566,#513,#568,.T.);
#566 = VERTEX_POINT('',#567);
#567 = CARTESIAN_POINT('',(19.263801574707,-9.980267524719,
    45.263801574707));
#568 = LINE('',#569,#570);
#569 = CARTESIAN_POINT('',(19.263801574707,-9.980267524719,
    45.263801574707));
#570 = VECTOR('',#571,1.);
#571 = DIRECTION('',(0.427316787577,-0.796743827155,0.427316787577));
#572 = ORIENTED_EDGE('',*,*,#573,.T.);
#573 = EDGE_CURVE('',#513,#574,#576,.T.);
#574 = VERTEX_POINT('',#575);
#575 = CARTESIAN_POINT('',(21.004884719849,-9.510564804077,
    47.004886627197));
#576 = LINE('',#577,#578);
#577 = CARTESIAN_POINT('',(20.731010437012,-12.71591854095,
    46.731010437012));
#578 = VECTOR('',#579,1.);
#579 = DIRECTION('',(8.482573642511E-02,0.992778469074,
    8.482632717884E-02));
#580 = ORIENTED_EDGE('',*,*,#581,.T.);
#581 = EDGE_CURVE('',#574,#566,#582,.T.);
#582 = LINE('',#583,#584);
#583 = CARTESIAN_POINT('',(21.004884719849,-9.510564804077,
    47.004886627197));
#584 = VECTOR('',#585,1.);
#585 = DIRECTION('',(-0.694581564464,-0.187381545475,-0.694582325375));
#586 = PLANE('',#587);
#587 = AXIS2_PLACEMENT_3D('',#588,#589,#590);
#588 = CARTESIAN_POINT('',(20.34139010547,-10.82724048303,
    46.341390702015));
#589 = DIRECTION('',(-0.707107119546,-3.629436414667E-07,0.707106442827)
  );
#590 = DIRECTION('',(-0.707106442827,2.026070534548E-23,-0.707107119546)
  );
#591 = ADVANCED_FACE('',(#592),#602,.T.);
#592 = FACE_BOUND('',#593,.T.);
#593 = EDGE_LOOP('',(#594,#600,#601));
#594 = ORIENTED_EDGE('',*,*,#595,.T.);
#595 = EDGE_CURVE('',#544,#574,#596,.T.);
#596 = LINE('',#597,#598);
#597 = CARTESIAN_POINT('',(22.558685302734,-11.87609100341,
    48.558685302734));
#598 = VECTOR('',#599,1.);
#599 = DIRECTION('',(-0.481251186423,0.732663060168,-0.481250595669));
#600 = ORIENTED_EDGE('',*,*,#573,.F.);
#601 = ORIENTED_EDGE('',*,*,#551,.F.);
#602 = PLANE('',#603);
#603 = AXIS2_PLACEMENT_3D('',#604,#605,#606);
#604 = CARTESIAN_POINT('',(21.419647592939,-11.31582070423,
    47.419648264127));
#605 = DIRECTION('',(-0.707106680564,-4.379595186463E-07,0.707106881809)
  );
#606 = DIRECTION('',(0.707106881809,-5.360432025001E-25,0.707106680564)
  );
#607 = ADVANCED_FACE('',(#608),#625,.T.);
#608 = FACE_BOUND('',#609,.T.);
#609 = EDGE_LOOP('',(#610,#618,#619));
#610 = ORIENTED_EDGE('',*,*,#611,.T.);
#611 = EDGE_CURVE('',#612,#544,#614,.T.);
#612 = VERTEX_POINT('',#613);
#613 = CARTESIAN_POINT('',(44.375499725342,-10.51722049713,
    30.070411682129));
#614 = LINE('',#615,#616);
#615 = CARTESIAN_POINT('',(44.375499725342,-10.51722049713,
    30.070411682129));
#616 = VECTOR('',#617,1.);
#617 = DIRECTION('',(-0.762045278528,-4.746434714932E-02,0.645781796912)
  );
#618 = ORIENTED_EDGE('',*,*,#543,.T.);
#619 = ORIENTED_EDGE('',*,*,#620,.T.);
#620 = EDGE_CURVE('',#511,#612,#621,.T.);
#621 = LINE('',#622,#623);
#622 = CARTESIAN_POINT('',(42.711231231689,-11.87609100341,
    28.406143188477));
#623 = VECTOR('',#624,1.);
#624 = DIRECTION('',(0.612372326248,0.500000268092,0.612372326248));
#625 = PLANE('',#626);
#626 = AXIS2_PLACEMENT_3D('',#627,#628,#629);
#627 = CARTESIAN_POINT('',(33.528396453595,-11.520212418,38.460696467272
    ));
#628 = DIRECTION('',(0.353553546701,-0.866025249001,0.353553613625));
#629 = DIRECTION('',(-1.201604907625E-17,-0.377964735282,-0.9258199927)
  );
#630 = ADVANCED_FACE('',(#631),#646,.T.);
#631 = FACE_BOUND('',#632,.T.);
#632 = EDGE_LOOP('',(#633,#639,#645));
#633 = ORIENTED_EDGE('',*,*,#634,.T.);
#634 = EDGE_CURVE('',#210,#511,#635,.T.);
#635 = LINE('',#636,#637);
#636 = CARTESIAN_POINT('',(40.427043914795,-2.831559419632,
    26.121955871582));
#637 = VECTOR('',#638,1.);
#638 = DIRECTION('',(0.237834812301,-0.941737332867,0.237834812301));
#639 = ORIENTED_EDGE('',*,*,#640,.T.);
#640 = EDGE_CURVE('',#511,#218,#641,.T.);
#641 = LINE('',#642,#643);
#642 = CARTESIAN_POINT('',(42.711231231689,-11.87609100341,
    28.406143188477));
#643 = VECTOR('',#644,1.);
#644 = DIRECTION('',(-0.312202677921,0.897250857239,-0.3122024777));
#645 = ORIENTED_EDGE('',*,*,#217,.T.);
#646 = PLANE('',#647);
#647 = AXIS2_PLACEMENT_3D('',#648,#649,#650);
#648 = CARTESIAN_POINT('',(41.32614836625,-7.239515097019,
    27.021060823855));
#649 = DIRECTION('',(0.707105954239,-4.176890177608E-07,-0.707107608133)
  );
#650 = DIRECTION('',(-0.707107608133,-2.059701124403E-23,-0.70710595424)
  );
#651 = ADVANCED_FACE('',(#652),#662,.T.);
#652 = FACE_BOUND('',#653,.T.);
#653 = EDGE_LOOP('',(#654,#655,#661));
#654 = ORIENTED_EDGE('',*,*,#634,.F.);
#655 = ORIENTED_EDGE('',*,*,#656,.F.);
#656 = EDGE_CURVE('',#612,#210,#657,.T.);
#657 = LINE('',#658,#659);
#658 = CARTESIAN_POINT('',(44.375499725342,-10.51722049713,
    30.070411682129));
#659 = VECTOR('',#660,1.);
#660 = DIRECTION('',(-0.415626944065,0.809016987914,-0.415626944065));
#661 = ORIENTED_EDGE('',*,*,#620,.F.);
#662 = PLANE('',#663);
#663 = AXIS2_PLACEMENT_3D('',#664,#665,#666);
#664 = CARTESIAN_POINT('',(42.177276846719,-7.536631959459,
    27.872188803506));
#665 = DIRECTION('',(0.707106781187,-1.76018960586E-16,-0.707106781187)
  );
#666 = DIRECTION('',(-0.707106781187,2.948417213364E-33,-0.707106781187)
  );
#667 = ADVANCED_FACE('',(#668),#685,.T.);
#668 = FACE_BOUND('',#669,.T.);
#669 = EDGE_LOOP('',(#670,#671,#679));
#670 = ORIENTED_EDGE('',*,*,#611,.F.);
#671 = ORIENTED_EDGE('',*,*,#672,.F.);
#672 = EDGE_CURVE('',#673,#612,#675,.T.);
#673 = VERTEX_POINT('',#674);
#674 = CARTESIAN_POINT('',(24.222955703735,-10.51722049713,
    50.222953796387));
#675 = LINE('',#676,#677);
#676 = CARTESIAN_POINT('',(24.222955703735,-10.51722049713,
    50.222953796387));
#677 = VECTOR('',#678,1.);
#678 = DIRECTION('',(0.707106814649,0.,-0.707106747724));
#679 = ORIENTED_EDGE('',*,*,#680,.T.);
#680 = EDGE_CURVE('',#673,#544,#681,.T.);
#681 = LINE('',#682,#683);
#682 = CARTESIAN_POINT('',(24.222955703735,-10.51722049713,
    50.222953796387));
#683 = VECTOR('',#684,1.);
#684 = DIRECTION('',(-0.612372764881,-0.500000053206,-0.612372063067));
#685 = PLANE('',#686);
#686 = AXIS2_PLACEMENT_3D('',#687,#688,#689);
#687 = CARTESIAN_POINT('',(33.40578885635,-10.87309909687,
    40.168400698071));
#688 = DIRECTION('',(0.353553411485,-0.866025373066,0.353553444947));
#689 = DIRECTION('',(-2.393952519687E-17,-0.377964534306,-0.925820074748
    ));
#690 = ADVANCED_FACE('',(#691),#706,.T.);
#691 = FACE_BOUND('',#692,.T.);
#692 = EDGE_LOOP('',(#693,#699,#700));
#693 = ORIENTED_EDGE('',*,*,#694,.T.);
#694 = EDGE_CURVE('',#489,#673,#695,.T.);
#695 = LINE('',#696,#697);
#696 = CARTESIAN_POINT('',(45.803623199463,-8.698698043823,
    31.498537063599));
#697 = VECTOR('',#698,1.);
#698 = DIRECTION('',(-0.753796916707,-6.351965797802E-02,0.654030168581)
  );
#699 = ORIENTED_EDGE('',*,*,#672,.T.);
#700 = ORIENTED_EDGE('',*,*,#701,.T.);
#701 = EDGE_CURVE('',#612,#489,#702,.T.);
#702 = LINE('',#703,#704);
#703 = CARTESIAN_POINT('',(44.375499725342,-10.51722049713,
    30.070411682129));
#704 = VECTOR('',#705,1.);
#705 = DIRECTION('',(0.525482294338,0.669130763821,0.525482996153));
#706 = PLANE('',#707);
#707 = AXIS2_PLACEMENT_3D('',#708,#709,#710);
#708 = CARTESIAN_POINT('',(35.130820997877,-10.04096233195,
    40.063120867651));
#709 = DIRECTION('',(0.473146878208,-0.743144683698,0.473146922989));
#710 = DIRECTION('',(-5.389147585596E-18,-0.537066688736,-0.843539786762
    ));
#711 = ADVANCED_FACE('',(#712),#729,.T.);
#712 = FACE_BOUND('',#713,.T.);
#713 = EDGE_LOOP('',(#714,#715,#723));
#714 = ORIENTED_EDGE('',*,*,#694,.F.);
#715 = ORIENTED_EDGE('',*,*,#716,.F.);
#716 = EDGE_CURVE('',#717,#489,#719,.T.);
#717 = VERTEX_POINT('',#718);
#718 = CARTESIAN_POINT('',(25.651081085205,-8.698698043823,
    51.651081085205));
#719 = LINE('',#720,#721);
#720 = CARTESIAN_POINT('',(25.651081085205,-8.698698043823,
    51.651081085205));
#721 = VECTOR('',#722,1.);
#722 = DIRECTION('',(0.707106747724,0.,-0.707106814649));
#723 = ORIENTED_EDGE('',*,*,#724,.T.);
#724 = EDGE_CURVE('',#717,#673,#725,.T.);
#725 = LINE('',#726,#727);
#726 = CARTESIAN_POINT('',(25.651081085205,-8.698698043823,
    51.651081085205));
#727 = VECTOR('',#728,1.);
#728 = DIRECTION('',(-0.525482608566,-0.669130270282,-0.52548331038));
#729 = PLANE('',#730);
#730 = AXIS2_PLACEMENT_3D('',#731,#732,#733);
#731 = CARTESIAN_POINT('',(34.895758069218,-9.174956223505,
    41.658370800581));
#732 = DIRECTION('',(0.473146574004,-0.743145128082,0.473146529223));
#733 = DIRECTION('',(-0.843540111718,-0.537066178345,-1.496161628958E-17
    ));
#734 = ADVANCED_FACE('',(#735),#745,.T.);
#735 = FACE_BOUND('',#736,.T.);
#736 = EDGE_LOOP('',(#737,#743,#744));
#737 = ORIENTED_EDGE('',*,*,#738,.T.);
#738 = EDGE_CURVE('',#442,#717,#739,.T.);
#739 = LINE('',#740,#741);
#740 = CARTESIAN_POINT('',(46.93318939209,-6.5,32.628105163574));
#741 = VECTOR('',#742,1.);
#742 = DIRECTION('',(-0.743368460757,-7.679891282094E-02,0.664458620639)
  );
#743 = ORIENTED_EDGE('',*,*,#716,.T.);
#744 = ORIENTED_EDGE('',*,*,#488,.T.);
#745 = PLANE('',#746);
#746 = AXIS2_PLACEMENT_3D('',#747,#748,#749);
#747 = CARTESIAN_POINT('',(36.480755776569,-8.122874557397,
    41.413056709928));
#748 = DIRECTION('',(0.572061239004,-0.587785623849,0.572061184861));
#749 = DIRECTION('',(-0.716627380557,-0.697456233348,1.592264866151E-17)
  );
#750 = ADVANCED_FACE('',(#751),#768,.T.);
#751 = FACE_BOUND('',#752,.T.);
#752 = EDGE_LOOP('',(#753,#754,#762));
#753 = ORIENTED_EDGE('',*,*,#738,.F.);
#754 = ORIENTED_EDGE('',*,*,#755,.F.);
#755 = EDGE_CURVE('',#756,#442,#758,.T.);
#756 = VERTEX_POINT('',#757);
#757 = CARTESIAN_POINT('',(26.780647277832,-6.5,52.780647277832));
#758 = LINE('',#759,#760);
#759 = CARTESIAN_POINT('',(26.780647277832,-6.5,52.780647277832));
#760 = VECTOR('',#761,1.);
#761 = DIRECTION('',(0.707106781187,0.,-0.707106781187));
#762 = ORIENTED_EDGE('',*,*,#763,.T.);
#763 = EDGE_CURVE('',#756,#717,#764,.T.);
#764 = LINE('',#765,#766);
#765 = CARTESIAN_POINT('',(26.780647277832,-6.5,52.780647277832));
#766 = VECTOR('',#767,1.);
#767 = DIRECTION('',(-0.415626970836,-0.809016960407,-0.415626970836));
#768 = PLANE('',#769);
#769 = AXIS2_PLACEMENT_3D('',#770,#771,#772);
#770 = CARTESIAN_POINT('',(36.103514814721,-7.075823492468,
    42.866128921187));
#771 = DIRECTION('',(0.572061378799,-0.587785299045,0.572061378799));
#772 = DIRECTION('',(-0.716627102737,-0.697456518805,-2.338066015059E-17
    ));
#773 = ADVANCED_FACE('',(#774),#796,.T.);
#774 = FACE_BOUND('',#775,.T.);
#775 = EDGE_LOOP('',(#776,#784,#790));
#776 = ORIENTED_EDGE('',*,*,#777,.T.);
#777 = EDGE_CURVE('',#778,#756,#780,.T.);
#778 = VERTEX_POINT('',#779);
#779 = CARTESIAN_POINT('',(23.974391937256,-6.845470905304,
    49.974391937256));
#780 = LINE('',#781,#782);
#781 = CARTESIAN_POINT('',(23.974391937256,-6.845470905304,
    49.974391937256));
#782 = VECTOR('',#783,1.);
#783 = DIRECTION('',(0.70444278311,8.672214623421E-02,0.70444278311));
#784 = ORIENTED_EDGE('',*,*,#785,.T.);
#785 = EDGE_CURVE('',#756,#396,#786,.T.);
#786 = LINE('',#787,#788);
#787 = CARTESIAN_POINT('',(26.780647277832,-6.5,52.780647277832));
#788 = VECTOR('',#789,1.);
#789 = DIRECTION('',(-0.586284658752,0.559052640343,-0.58628529253));
#790 = ORIENTED_EDGE('',*,*,#791,.T.);
#791 = EDGE_CURVE('',#396,#778,#792,.T.);
#792 = LINE('',#793,#794);
#793 = CARTESIAN_POINT('',(25.016229629517,-4.817536830902,
    51.016227722168));
#794 = VECTOR('',#795,1.);
#795 = DIRECTION('',(-0.415627188335,-0.809017127843,-0.415626427424));
#796 = PLANE('',#797);
#797 = AXIS2_PLACEMENT_3D('',#798,#799,#800);
#798 = CARTESIAN_POINT('',(25.309760209719,-6.129544560111,
    51.309759655959));
#799 = DIRECTION('',(-0.707106824887,7.099626432447E-07,0.707106737486)
  );
#800 = DIRECTION('',(-0.707106737486,1.136471901418E-23,-0.707106824887)
  );
#801 = ADVANCED_FACE('',(#802),#812,.T.);
#802 = FACE_BOUND('',#803,.T.);
#803 = EDGE_LOOP('',(#804,#805,#811));
#804 = ORIENTED_EDGE('',*,*,#777,.F.);
#805 = ORIENTED_EDGE('',*,*,#806,.F.);
#806 = EDGE_CURVE('',#717,#778,#807,.T.);
#807 = LINE('',#808,#809);
#808 = CARTESIAN_POINT('',(25.651081085205,-8.698698043823,
    51.651081085205));
#809 = VECTOR('',#810,1.);
#810 = DIRECTION('',(-0.557134173937,0.615794628479,-0.557134173937));
#811 = ORIENTED_EDGE('',*,*,#763,.F.);
#812 = PLANE('',#813);
#813 = AXIS2_PLACEMENT_3D('',#814,#815,#816);
#814 = CARTESIAN_POINT('',(25.437111969048,-7.272760648682,
    51.437111969048));
#815 = DIRECTION('',(-0.707106781187,0.,0.707106781187));
#816 = DIRECTION('',(0.707106781187,0.,0.707106781187));
#817 = ADVANCED_FACE('',(#818),#828,.T.);
#818 = FACE_BOUND('',#819,.T.);
#819 = EDGE_LOOP('',(#820,#826,#827));
#820 = ORIENTED_EDGE('',*,*,#821,.T.);
#821 = EDGE_CURVE('',#210,#489,#822,.T.);
#822 = LINE('',#823,#824);
#823 = CARTESIAN_POINT('',(40.427043914795,-2.831559419632,
    26.121955871582));
#824 = VECTOR('',#825,1.);
#825 = DIRECTION('',(0.559821831612,-0.610900001099,0.559822030209));
#826 = ORIENTED_EDGE('',*,*,#701,.F.);
#827 = ORIENTED_EDGE('',*,*,#656,.T.);
#828 = PLANE('',#829);
#829 = AXIS2_PLACEMENT_3D('',#830,#831,#832);
#830 = CARTESIAN_POINT('',(43.050345830721,-6.639564628044,
    28.745258326006));
#831 = DIRECTION('',(0.70710706664,2.932997998284E-07,-0.707106495733));
#832 = DIRECTION('',(0.707106495733,1.459053722382E-23,0.70710706664));
#833 = ADVANCED_FACE('',(#834),#844,.T.);
#834 = FACE_BOUND('',#835,.T.);
#835 = EDGE_LOOP('',(#836,#837,#843));
#836 = ORIENTED_EDGE('',*,*,#821,.F.);
#837 = ORIENTED_EDGE('',*,*,#838,.T.);
#838 = EDGE_CURVE('',#210,#450,#839,.T.);
#839 = LINE('',#840,#841);
#840 = CARTESIAN_POINT('',(40.427043914795,-2.831559419632,
    26.121955871582));
#841 = VECTOR('',#842,1.);
#842 = DIRECTION('',(0.499999143812,0.707106760376,0.500000885617));
#843 = ORIENTED_EDGE('',*,*,#496,.T.);
#844 = PLANE('',#845);
#845 = AXIS2_PLACEMENT_3D('',#846,#847,#848);
#846 = CARTESIAN_POINT('',(43.113547742339,-5.402986248528,
    28.808461101984));
#847 = DIRECTION('',(0.707107388419,8.830488036421E-07,-0.707106173953)
  );
#848 = DIRECTION('',(0.707106173954,5.992633340211E-23,0.707107388419));
#849 = ADVANCED_FACE('',(#850),#872,.T.);
#850 = FACE_BOUND('',#851,.T.);
#851 = EDGE_LOOP('',(#852,#858,#866));
#852 = ORIENTED_EDGE('',*,*,#853,.T.);
#853 = EDGE_CURVE('',#450,#141,#854,.T.);
#854 = LINE('',#855,#856);
#855 = CARTESIAN_POINT('',(40.974563598633,-2.057248353958,
    26.669477462769));
#856 = VECTOR('',#857,1.);
#857 = DIRECTION('',(-0.731624523944,-3.596784613801E-02,0.680758305133)
  );
#858 = ORIENTED_EDGE('',*,*,#859,.T.);
#859 = EDGE_CURVE('',#141,#860,#862,.T.);
#860 = VERTEX_POINT('',#861);
#861 = CARTESIAN_POINT('',(25.771766662598,-2.057248353958,
    41.872272491455));
#862 = LINE('',#863,#864);
#863 = CARTESIAN_POINT('',(25.22424697876,-2.831559419632,
    41.324752807617));
#864 = VECTOR('',#865,1.);
#865 = DIRECTION('',(0.499999579263,0.707107376198,0.499999579263));
#866 = ORIENTED_EDGE('',*,*,#867,.T.);
#867 = EDGE_CURVE('',#860,#450,#868,.T.);
#868 = LINE('',#869,#870);
#869 = CARTESIAN_POINT('',(25.771766662598,-2.057248353958,
    41.872272491455));
#870 = VECTOR('',#871,1.);
#871 = DIRECTION('',(0.707106825543,0.,-0.70710673683));
#872 = PLANE('',#873);
#873 = AXIS2_PLACEMENT_3D('',#874,#875,#876);
#874 = CARTESIAN_POINT('',(33.044150525376,-2.255752589385,
    34.319162649203));
#875 = DIRECTION('',(-0.500000389372,0.707106186174,-0.500000452102));
#876 = DIRECTION('',(9.846059438106E-18,0.577350941101,0.816496105814));
#877 = ADVANCED_FACE('',(#878),#883,.T.);
#878 = FACE_BOUND('',#879,.T.);
#879 = EDGE_LOOP('',(#880,#881,#882));
#880 = ORIENTED_EDGE('',*,*,#853,.F.);
#881 = ORIENTED_EDGE('',*,*,#838,.F.);
#882 = ORIENTED_EDGE('',*,*,#209,.F.);
#883 = PLANE('',#884);
#884 = AXIS2_PLACEMENT_3D('',#885,#886,#887);
#885 = CARTESIAN_POINT('',(33.154660205062,-2.633055186196,
    33.675066976952));
#886 = DIRECTION('',(-0.499999985285,0.707106801996,-0.499999985285));
#887 = DIRECTION('',(1.63519224864E-17,0.577350246535,0.816496596947));
#888 = ADVANCED_FACE('',(#889),#899,.T.);
#889 = FACE_BOUND('',#890,.T.);
#890 = EDGE_LOOP('',(#891,#897,#898));
#891 = ORIENTED_EDGE('',*,*,#892,.T.);
#892 = EDGE_CURVE('',#521,#218,#893,.T.);
#893 = LINE('',#894,#895);
#894 = CARTESIAN_POINT('',(40.88355255127,-12.71591854095,
    26.578466415405));
#895 = VECTOR('',#896,1.);
#896 = DIRECTION('',(-0.120344634781,0.985410745709,-0.120344634781));
#897 = ORIENTED_EDGE('',*,*,#640,.F.);
#898 = ORIENTED_EDGE('',*,*,#528,.F.);
#899 = PLANE('',#900);
#900 = AXIS2_PLACEMENT_3D('',#901,#902,#903);
#901 = CARTESIAN_POINT('',(40.895858481784,-8.372081806154,
    26.590771809555));
#902 = DIRECTION('',(0.707106431826,-8.533212881944E-08,-0.707107130546)
  );
#903 = DIRECTION('',(-0.707107130546,-4.557578939364E-25,-0.707106431826
    ));
#904 = ADVANCED_FACE('',(#905),#922,.T.);
#905 = FACE_BOUND('',#906,.T.);
#906 = EDGE_LOOP('',(#907,#908,#916));
#907 = ORIENTED_EDGE('',*,*,#418,.F.);
#908 = ORIENTED_EDGE('',*,*,#909,.T.);
#909 = EDGE_CURVE('',#419,#910,#912,.T.);
#910 = VERTEX_POINT('',#911);
#911 = CARTESIAN_POINT('',(41.44722366333,0.,27.142135620117));
#912 = LINE('',#913,#914);
#913 = CARTESIAN_POINT('',(41.326091766357,-1.081559538841,
    27.021007537842));
#914 = VECTOR('',#915,1.);
#915 = DIRECTION('',(0.110618540043,0.987688132909,0.110615056434));
#916 = ORIENTED_EDGE('',*,*,#917,.F.);
#917 = EDGE_CURVE('',#295,#910,#918,.T.);
#918 = LINE('',#919,#920);
#919 = CARTESIAN_POINT('',(48.114379882812,-1.358870029449,33.8092918396
    ));
#920 = VECTOR('',#921,1.);
#921 = DIRECTION('',(-0.699875790432,0.142645560513,-0.699875790432));
#922 = PLANE('',#923);
#923 = AXIS2_PLACEMENT_3D('',#924,#925,#926);
#924 = CARTESIAN_POINT('',(44.568275733541,-0.928719667456,
    30.263188699309));
#925 = DIRECTION('',(0.7071065327,-2.438331192678E-06,-0.707107029669));
#926 = DIRECTION('',(-0.707107029671,-4.441711819923E-23,-0.707106532702
    ));
#927 = ADVANCED_FACE('',(#928),#945,.T.);
#928 = FACE_BOUND('',#929,.T.);
#929 = EDGE_LOOP('',(#930,#931,#939));
#930 = ORIENTED_EDGE('',*,*,#917,.T.);
#931 = ORIENTED_EDGE('',*,*,#932,.T.);
#932 = EDGE_CURVE('',#910,#933,#935,.T.);
#933 = VERTEX_POINT('',#934);
#934 = CARTESIAN_POINT('',(48.114379882812,1.358870029449,33.8092918396)
  );
#935 = LINE('',#936,#937);
#936 = CARTESIAN_POINT('',(41.44722366333,0.,27.142135620117));
#937 = VECTOR('',#938,1.);
#938 = DIRECTION('',(0.699875790432,0.142645560513,0.699875790432));
#939 = ORIENTED_EDGE('',*,*,#940,.F.);
#940 = EDGE_CURVE('',#295,#933,#941,.T.);
#941 = LINE('',#942,#943);
#942 = CARTESIAN_POINT('',(48.114379882812,-1.358870029449,33.8092918396
    ));
#943 = VECTOR('',#944,1.);
#944 = DIRECTION('',(0.,1.,0.));
#945 = PLANE('',#946);
#946 = AXIS2_PLACEMENT_3D('',#947,#948,#949);
#947 = CARTESIAN_POINT('',(45.196958921369,0.,30.891870878156));
#948 = DIRECTION('',(0.707106781187,0.,-0.707106781187));
#949 = DIRECTION('',(0.707106781187,0.,0.707106781187));
#950 = ADVANCED_FACE('',(#951),#968,.T.);
#951 = FACE_BOUND('',#952,.T.);
#952 = EDGE_LOOP('',(#953,#961,#962));
#953 = ORIENTED_EDGE('',*,*,#954,.T.);
#954 = EDGE_CURVE('',#955,#933,#957,.T.);
#955 = VERTEX_POINT('',#956);
#956 = CARTESIAN_POINT('',(41.326091766357,1.081559538841,
    27.021007537842));
#957 = LINE('',#958,#959);
#958 = CARTESIAN_POINT('',(41.326091766357,1.081559538841,
    27.021007537842));
#959 = VECTOR('',#960,1.);
#960 = DIRECTION('',(0.706812153881,2.887420536638E-02,0.706811756686));
#961 = ORIENTED_EDGE('',*,*,#932,.F.);
#962 = ORIENTED_EDGE('',*,*,#963,.T.);
#963 = EDGE_CURVE('',#910,#955,#964,.T.);
#964 = LINE('',#965,#966);
#965 = CARTESIAN_POINT('',(41.44722366333,0.,27.142135620117));
#966 = VECTOR('',#967,1.);
#967 = DIRECTION('',(-0.110618540043,0.987688132909,-0.110615056434));
#968 = PLANE('',#969);
#969 = AXIS2_PLACEMENT_3D('',#970,#971,#972);
#970 = CARTESIAN_POINT('',(44.568275733541,0.928719667456,
    30.263188699309));
#971 = DIRECTION('',(0.7071065327,2.438331189036E-06,-0.707107029669));
#972 = DIRECTION('',(-0.707107029671,8.262676225159E-23,-0.707106532702)
  );
#973 = ADVANCED_FACE('',(#974),#996,.T.);
#974 = FACE_BOUND('',#975,.T.);
#975 = EDGE_LOOP('',(#976,#982,#990));
#976 = ORIENTED_EDGE('',*,*,#977,.T.);
#977 = EDGE_CURVE('',#955,#240,#978,.T.);
#978 = LINE('',#979,#980);
#979 = CARTESIAN_POINT('',(41.326091766357,1.081559538841,
    27.021007537842));
#980 = VECTOR('',#981,1.);
#981 = DIRECTION('',(-0.700564753922,-5.023997617095E-02,0.711818073918)
  );
#982 = ORIENTED_EDGE('',*,*,#983,.T.);
#983 = EDGE_CURVE('',#240,#984,#986,.T.);
#984 = VERTEX_POINT('',#985);
#985 = CARTESIAN_POINT('',(26.123296737671,1.081559538841,42.22380065918
    ));
#986 = LINE('',#987,#988);
#987 = CARTESIAN_POINT('',(26.244426727295,0.,42.344932556152));
#988 = VECTOR('',#989,1.);
#989 = DIRECTION('',(-0.110616776926,0.98768794261,-0.11061851873));
#990 = ORIENTED_EDGE('',*,*,#991,.T.);
#991 = EDGE_CURVE('',#984,#955,#992,.T.);
#992 = LINE('',#993,#994);
#993 = CARTESIAN_POINT('',(26.123296737671,1.081559538841,42.22380065918
    ));
#994 = VECTOR('',#995,1.);
#995 = DIRECTION('',(0.707106825543,0.,-0.70710673683));
#996 = PLANE('',#997);
#997 = AXIS2_PLACEMENT_3D('',#998,#999,#1000);
#998 = CARTESIAN_POINT('',(33.567096037188,0.804288332742,
    34.842109129908));
#999 = DIRECTION('',(-0.698400798105,-0.156436977797,-0.698400885727));
#1000 = DIRECTION('',(-0.707106825543,7.668322621276E-19,0.70710673683)
  );
#1001 = ADVANCED_FACE('',(#1002),#1012,.T.);
#1002 = FACE_BOUND('',#1003,.T.);
#1003 = EDGE_LOOP('',(#1004,#1005,#1006));
#1004 = ORIENTED_EDGE('',*,*,#977,.F.);
#1005 = ORIENTED_EDGE('',*,*,#963,.F.);
#1006 = ORIENTED_EDGE('',*,*,#1007,.F.);
#1007 = EDGE_CURVE('',#240,#910,#1008,.T.);
#1008 = LINE('',#1009,#1010);
#1009 = CARTESIAN_POINT('',(26.244426727295,0.,42.344932556152));
#1010 = VECTOR('',#1011,1.);
#1011 = DIRECTION('',(0.707106781187,0.,-0.707106781187));
#1012 = PLANE('',#1013);
#1013 = AXIS2_PLACEMENT_3D('',#1014,#1015,#1016);
#1014 = CARTESIAN_POINT('',(34.003422895078,0.277271179414,
    34.523830043079));
#1015 = DIRECTION('',(-0.698400976479,-0.156435776296,-0.698400976479));
#1016 = DIRECTION('',(0.707106781187,-8.660044472104E-19,-0.707106781187
    ));
#1017 = ADVANCED_FACE('',(#1018),#1035,.T.);
#1018 = FACE_BOUND('',#1019,.T.);
#1019 = EDGE_LOOP('',(#1020,#1021,#1029));
#1020 = ORIENTED_EDGE('',*,*,#954,.F.);
#1021 = ORIENTED_EDGE('',*,*,#1022,.F.);
#1022 = EDGE_CURVE('',#1023,#955,#1025,.T.);
#1023 = VERTEX_POINT('',#1024);
#1024 = CARTESIAN_POINT('',(47.714828491211,4.017220973969,
    33.409744262695));
#1025 = LINE('',#1026,#1027);
#1026 = CARTESIAN_POINT('',(47.714828491211,4.017220973969,
    33.409744262695));
#1027 = VECTOR('',#1028,1.);
#1028 = DIRECTION('',(-0.672498520871,-0.309016955609,-0.672498520871));
#1029 = ORIENTED_EDGE('',*,*,#1030,.F.);
#1030 = EDGE_CURVE('',#933,#1023,#1031,.T.);
#1031 = LINE('',#1032,#1033);
#1032 = CARTESIAN_POINT('',(48.114379882812,1.358870029449,33.8092918396
    ));
#1033 = VECTOR('',#1034,1.);
#1034 = DIRECTION('',(-0.14701606077,0.97814772323,-0.147014657142));
#1035 = PLANE('',#1036);
#1036 = AXIS2_PLACEMENT_3D('',#1037,#1038,#1039);
#1037 = CARTESIAN_POINT('',(45.031098478453,1.981670129302,
    30.726013172941));
#1038 = DIRECTION('',(0.707106563119,9.491376951632E-07,-0.707106999253)
  );
#1039 = DIRECTION('',(-0.707106999254,-7.146413932654E-23,
    -0.707106563119));
#1040 = ADVANCED_FACE('',(#1041),#1058,.T.);
#1041 = FACE_BOUND('',#1042,.T.);
#1042 = EDGE_LOOP('',(#1043,#1051,#1057));
#1043 = ORIENTED_EDGE('',*,*,#1044,.T.);
#1044 = EDGE_CURVE('',#955,#1045,#1047,.T.);
#1045 = VERTEX_POINT('',#1046);
#1046 = CARTESIAN_POINT('',(46.93318939209,6.5,32.628105163574));
#1047 = LINE('',#1048,#1049);
#1048 = CARTESIAN_POINT('',(41.326091766357,1.081559538841,
    27.021007537842));
#1049 = VECTOR('',#1050,1.);
#1050 = DIRECTION('',(0.583823809839,0.564180395024,0.583823809839));
#1051 = ORIENTED_EDGE('',*,*,#1052,.F.);
#1052 = EDGE_CURVE('',#1023,#1045,#1053,.T.);
#1053 = LINE('',#1054,#1055);
#1054 = CARTESIAN_POINT('',(47.714828491211,4.017220973969,
    33.409744262695));
#1055 = VECTOR('',#1056,1.);
#1056 = DIRECTION('',(-0.287606276081,0.913545433964,-0.287606276081));
#1057 = ORIENTED_EDGE('',*,*,#1022,.T.);
#1058 = PLANE('',#1059);
#1059 = AXIS2_PLACEMENT_3D('',#1060,#1061,#1062);
#1060 = CARTESIAN_POINT('',(44.697615271459,3.433155395986,
    30.392531042943));
#1061 = DIRECTION('',(0.707106781187,6.563218879933E-16,-0.707106781187)
  );
#1062 = DIRECTION('',(-0.707106781187,-2.059989204094E-32,
    -0.707106781187));
#1063 = ADVANCED_FACE('',(#1064),#1081,.T.);
#1064 = FACE_BOUND('',#1065,.T.);
#1065 = EDGE_LOOP('',(#1066,#1074,#1080));
#1066 = ORIENTED_EDGE('',*,*,#1067,.T.);
#1067 = EDGE_CURVE('',#1023,#1068,#1070,.T.);
#1068 = VERTEX_POINT('',#1069);
#1069 = CARTESIAN_POINT('',(27.961835861206,1.358870029449,
    53.961837768555));
#1070 = LINE('',#1071,#1072);
#1071 = CARTESIAN_POINT('',(47.714828491211,4.017220973969,
    33.409744262695));
#1072 = VECTOR('',#1073,1.);
#1073 = DIRECTION('',(-0.68995753816,-9.285424783987E-02,0.717869545387)
  );
#1074 = ORIENTED_EDGE('',*,*,#1075,.T.);
#1075 = EDGE_CURVE('',#1068,#933,#1076,.T.);
#1076 = LINE('',#1077,#1078);
#1077 = CARTESIAN_POINT('',(27.961835861206,1.358870029449,
    53.961837768555));
#1078 = VECTOR('',#1079,1.);
#1079 = DIRECTION('',(0.707106747724,0.,-0.707106814649));
#1080 = ORIENTED_EDGE('',*,*,#1030,.T.);
#1081 = PLANE('',#1082);
#1082 = AXIS2_PLACEMENT_3D('',#1083,#1084,#1085);
#1083 = CARTESIAN_POINT('',(38.391046204027,2.055073331277,
    43.323348063339));
#1084 = DIRECTION('',(0.69165492083,0.207911114513,0.691654855368));
#1085 = DIRECTION('',(-0.707106747724,1.29417438855E-17,0.707106814649)
  );
#1086 = ADVANCED_FACE('',(#1087),#1104,.T.);
#1087 = FACE_BOUND('',#1088,.T.);
#1088 = EDGE_LOOP('',(#1089,#1090,#1098));
#1089 = ORIENTED_EDGE('',*,*,#1067,.F.);
#1090 = ORIENTED_EDGE('',*,*,#1091,.F.);
#1091 = EDGE_CURVE('',#1092,#1023,#1094,.T.);
#1092 = VERTEX_POINT('',#1093);
#1093 = CARTESIAN_POINT('',(27.562286376953,4.017220973969,
    53.562286376953));
#1094 = LINE('',#1095,#1096);
#1095 = CARTESIAN_POINT('',(27.562286376953,4.017220973969,
    53.562286376953));
#1096 = VECTOR('',#1097,1.);
#1097 = DIRECTION('',(0.707106781187,0.,-0.707106781187));
#1098 = ORIENTED_EDGE('',*,*,#1099,.T.);
#1099 = EDGE_CURVE('',#1092,#1068,#1100,.T.);
#1100 = LINE('',#1101,#1102);
#1101 = CARTESIAN_POINT('',(27.562286376953,4.017220973969,
    53.562286376953));
#1102 = VECTOR('',#1103,1.);
#1103 = DIRECTION('',(0.147015343788,-0.978147622308,0.147016045602));
#1104 = PLANE('',#1105);
#1105 = AXIS2_PLACEMENT_3D('',#1106,#1107,#1108);
#1106 = CARTESIAN_POINT('',(37.285618577367,3.321017622107,
    44.048233056512));
#1107 = DIRECTION('',(0.691654816736,0.207911589319,0.691654816736));
#1108 = DIRECTION('',(0.707106781187,6.720835019234E-18,-0.707106781187)
  );
#1109 = ADVANCED_FACE('',(#1110),#1127,.T.);
#1110 = FACE_BOUND('',#1111,.T.);
#1111 = EDGE_LOOP('',(#1112,#1113,#1121));
#1112 = ORIENTED_EDGE('',*,*,#1044,.F.);
#1113 = ORIENTED_EDGE('',*,*,#1114,.T.);
#1114 = EDGE_CURVE('',#955,#1115,#1117,.T.);
#1115 = VERTEX_POINT('',#1116);
#1116 = CARTESIAN_POINT('',(40.974563598633,2.057248353958,
    26.669477462769));
#1117 = LINE('',#1118,#1119);
#1118 = CARTESIAN_POINT('',(41.326091766357,1.081559538841,
    27.021007537842));
#1119 = VECTOR('',#1120,1.);
#1120 = DIRECTION('',(-0.321018361501,0.891006905053,-0.321020103307));
#1121 = ORIENTED_EDGE('',*,*,#1122,.F.);
#1122 = EDGE_CURVE('',#1045,#1115,#1123,.T.);
#1123 = LINE('',#1124,#1125);
#1124 = CARTESIAN_POINT('',(46.93318939209,6.5,32.628105163574));
#1125 = VECTOR('',#1126,1.);
#1126 = DIRECTION('',(-0.625498635173,-0.466371809094,-0.625498835394));
#1127 = PLANE('',#1128);
#1128 = AXIS2_PLACEMENT_3D('',#1129,#1130,#1131);
#1129 = CARTESIAN_POINT('',(43.88554904095,3.900286343673,
    29.580464311617));
#1130 = DIRECTION('',(0.707107276598,-1.025322376908E-06,-0.707106285774
    ));
#1131 = DIRECTION('',(0.707106285774,-1.720202824619E-23,0.707107276598)
  );
#1132 = ADVANCED_FACE('',(#1133),#1157,.T.);
#1133 = FACE_BOUND('',#1134,.T.);
#1134 = EDGE_LOOP('',(#1135,#1145,#1151));
#1135 = ORIENTED_EDGE('',*,*,#1136,.T.);
#1136 = EDGE_CURVE('',#1137,#1139,#1141,.T.);
#1137 = VERTEX_POINT('',#1138);
#1138 = CARTESIAN_POINT('',(45.803623199463,8.698698043823,
    31.498537063599));
#1139 = VERTEX_POINT('',#1140);
#1140 = CARTESIAN_POINT('',(26.780647277832,6.5,52.780647277832));
#1141 = LINE('',#1142,#1143);
#1142 = CARTESIAN_POINT('',(45.803623199463,8.698698043823,
    31.498537063599));
#1143 = VECTOR('',#1144,1.);
#1144 = DIRECTION('',(-0.664458587732,-7.679890901748E-02,0.743368490564
    ));
#1145 = ORIENTED_EDGE('',*,*,#1146,.T.);
#1146 = EDGE_CURVE('',#1139,#1045,#1147,.T.);
#1147 = LINE('',#1148,#1149);
#1148 = CARTESIAN_POINT('',(26.780647277832,6.5,52.780647277832));
#1149 = VECTOR('',#1150,1.);
#1150 = DIRECTION('',(0.707106781187,0.,-0.707106781187));
#1151 = ORIENTED_EDGE('',*,*,#1152,.T.);
#1152 = EDGE_CURVE('',#1045,#1137,#1153,.T.);
#1153 = LINE('',#1154,#1155);
#1154 = CARTESIAN_POINT('',(46.93318939209,6.5,32.628105163574));
#1155 = VECTOR('',#1156,1.);
#1156 = DIRECTION('',(-0.415626849601,0.809016724423,-0.415627551415));
#1157 = PLANE('',#1158);
#1158 = AXIS2_PLACEMENT_3D('',#1159,#1160,#1161);
#1159 = CARTESIAN_POINT('',(37.01867114208,7.075823511806,
    41.950972074437));
#1160 = DIRECTION('',(0.572061211933,0.587785623849,0.572061211933));
#1161 = DIRECTION('',(0.716627397054,-0.697456216398,-8.91583052167E-18)
  );
#1162 = ADVANCED_FACE('',(#1163),#1180,.T.);
#1163 = FACE_BOUND('',#1164,.T.);
#1164 = EDGE_LOOP('',(#1165,#1166,#1174));
#1165 = ORIENTED_EDGE('',*,*,#1136,.F.);
#1166 = ORIENTED_EDGE('',*,*,#1167,.F.);
#1167 = EDGE_CURVE('',#1168,#1137,#1170,.T.);
#1168 = VERTEX_POINT('',#1169);
#1169 = CARTESIAN_POINT('',(25.651081085205,8.698698043823,
    51.651081085205));
#1170 = LINE('',#1171,#1172);
#1171 = CARTESIAN_POINT('',(25.651081085205,8.698698043823,
    51.651081085205));
#1172 = VECTOR('',#1173,1.);
#1173 = DIRECTION('',(0.707106747724,0.,-0.707106814649));
#1174 = ORIENTED_EDGE('',*,*,#1175,.T.);
#1175 = EDGE_CURVE('',#1168,#1139,#1176,.T.);
#1176 = LINE('',#1177,#1178);
#1177 = CARTESIAN_POINT('',(25.651081085205,8.698698043823,
    51.651081085205));
#1178 = VECTOR('',#1179,1.);
#1179 = DIRECTION('',(0.415626970836,-0.809016960407,0.415626970836));
#1180 = PLANE('',#1181);
#1181 = AXIS2_PLACEMENT_3D('',#1182,#1183,#1184);
#1182 = CARTESIAN_POINT('',(35.565599462708,8.122874551929,
    42.328212616502));
#1183 = DIRECTION('',(0.572061405871,0.587785299045,0.572061351727));
#1184 = DIRECTION('',(0.71662708624,-0.697456535755,-4.143281762886E-17)
  );
#1185 = ADVANCED_FACE('',(#1186),#1203,.T.);
#1186 = FACE_BOUND('',#1187,.T.);
#1187 = EDGE_LOOP('',(#1188,#1196,#1197));
#1188 = ORIENTED_EDGE('',*,*,#1189,.T.);
#1189 = EDGE_CURVE('',#1190,#1168,#1192,.T.);
#1190 = VERTEX_POINT('',#1191);
#1191 = CARTESIAN_POINT('',(44.375499725342,10.517220497131,
    30.070411682129));
#1192 = LINE('',#1193,#1194);
#1193 = CARTESIAN_POINT('',(44.375499725342,10.517220497131,
    30.070411682129));
#1194 = VECTOR('',#1195,1.);
#1195 = DIRECTION('',(-0.65403017386,-6.351965202034E-02,0.753796912629)
  );
#1196 = ORIENTED_EDGE('',*,*,#1167,.T.);
#1197 = ORIENTED_EDGE('',*,*,#1198,.T.);
#1198 = EDGE_CURVE('',#1137,#1190,#1199,.T.);
#1199 = LINE('',#1200,#1201);
#1200 = CARTESIAN_POINT('',(45.803623199463,8.698698043823,
    31.498537063599));
#1201 = VECTOR('',#1202,1.);
#1202 = DIRECTION('',(-0.525482294338,0.669130763821,-0.525482996153));
#1203 = PLANE('',#1204);
#1204 = AXIS2_PLACEMENT_3D('',#1205,#1206,#1207);
#1205 = CARTESIAN_POINT('',(35.810914477675,9.174956228429,
    40.743215296816));
#1206 = DIRECTION('',(0.473146922989,0.743144683698,0.473146878208));
#1207 = DIRECTION('',(0.843539786762,-0.537066688736,5.245059889435E-18)
  );
#1208 = ADVANCED_FACE('',(#1209),#1226,.T.);
#1209 = FACE_BOUND('',#1210,.T.);
#1210 = EDGE_LOOP('',(#1211,#1219,#1225));
#1211 = ORIENTED_EDGE('',*,*,#1212,.T.);
#1212 = EDGE_CURVE('',#109,#1213,#1215,.T.);
#1213 = VERTEX_POINT('',#1214);
#1214 = CARTESIAN_POINT('',(25.771766662598,2.057248353958,
    41.872272491455));
#1215 = LINE('',#1216,#1217);
#1216 = CARTESIAN_POINT('',(40.427043914795,2.831559419632,
    26.121955871582));
#1217 = VECTOR('',#1218,1.);
#1218 = DIRECTION('',(-0.680758352672,-3.596784396863E-02,0.731624479817
    ));
#1219 = ORIENTED_EDGE('',*,*,#1220,.T.);
#1220 = EDGE_CURVE('',#1213,#55,#1221,.T.);
#1221 = LINE('',#1222,#1223);
#1222 = CARTESIAN_POINT('',(25.771766662598,2.057248353958,
    41.872272491455));
#1223 = VECTOR('',#1224,1.);
#1224 = DIRECTION('',(-0.499999579263,0.707107376198,-0.499999579263));
#1225 = ORIENTED_EDGE('',*,*,#116,.T.);
#1226 = PLANE('',#1227);
#1227 = AXIS2_PLACEMENT_3D('',#1228,#1229,#1230);
#1228 = CARTESIAN_POINT('',(32.777357761971,2.633055184721,
    34.052368933156));
#1229 = DIRECTION('',(-0.500000420737,-0.707106186174,-0.500000420737));
#1230 = DIRECTION('',(-0.816496122887,0.577350916957,-1.802589421617E-17
    ));
#1231 = ADVANCED_FACE('',(#1232),#1247,.T.);
#1232 = FACE_BOUND('',#1233,.T.);
#1233 = EDGE_LOOP('',(#1234,#1235,#1241));
#1234 = ORIENTED_EDGE('',*,*,#1212,.F.);
#1235 = ORIENTED_EDGE('',*,*,#1236,.F.);
#1236 = EDGE_CURVE('',#1115,#109,#1237,.T.);
#1237 = LINE('',#1238,#1239);
#1238 = CARTESIAN_POINT('',(40.974563598633,2.057248353958,
    26.669477462769));
#1239 = VECTOR('',#1240,1.);
#1240 = DIRECTION('',(-0.499999143812,0.707106760376,-0.500000885617));
#1241 = ORIENTED_EDGE('',*,*,#1242,.F.);
#1242 = EDGE_CURVE('',#1213,#1115,#1243,.T.);
#1243 = LINE('',#1244,#1245);
#1244 = CARTESIAN_POINT('',(25.771766662598,2.057248353958,
    41.872272491455));
#1245 = VECTOR('',#1246,1.);
#1246 = DIRECTION('',(0.707106825543,0.,-0.70710673683));
#1247 = PLANE('',#1248);
#1248 = AXIS2_PLACEMENT_3D('',#1249,#1250,#1251);
#1249 = CARTESIAN_POINT('',(33.421452974234,2.255752599014,
    33.941859745092));
#1250 = DIRECTION('',(-0.49999995392,-0.707106801996,-0.50000001665));
#1251 = DIRECTION('',(-3.371317334837E-17,0.57735027068,-0.816496579874)
  );
#1252 = ADVANCED_FACE('',(#1253),#1268,.T.);
#1253 = FACE_BOUND('',#1254,.T.);
#1254 = EDGE_LOOP('',(#1255,#1261,#1267));
#1255 = ORIENTED_EDGE('',*,*,#1256,.T.);
#1256 = EDGE_CURVE('',#109,#1137,#1257,.T.);
#1257 = LINE('',#1258,#1259);
#1258 = CARTESIAN_POINT('',(40.427043914795,2.831559419632,
    26.121955871582));
#1259 = VECTOR('',#1260,1.);
#1260 = DIRECTION('',(0.559821831612,0.610900001099,0.559822030209));
#1261 = ORIENTED_EDGE('',*,*,#1262,.T.);
#1262 = EDGE_CURVE('',#1137,#1115,#1263,.T.);
#1263 = LINE('',#1264,#1265);
#1264 = CARTESIAN_POINT('',(45.803623199463,8.698698043823,
    31.498537063599));
#1265 = VECTOR('',#1266,1.);
#1266 = DIRECTION('',(-0.506924017924,-0.69717722288,-0.506924017924));
#1267 = ORIENTED_EDGE('',*,*,#1236,.T.);
#1268 = PLANE('',#1269);
#1269 = AXIS2_PLACEMENT_3D('',#1270,#1271,#1272);
#1270 = CARTESIAN_POINT('',(43.113547742339,5.402986248528,
    28.808461101984));
#1271 = DIRECTION('',(0.707107388419,-8.830488065921E-07,-0.707106173953
    ));
#1272 = DIRECTION('',(0.707106173954,-7.219441475386E-24,0.707107388419)
  );
#1273 = ADVANCED_FACE('',(#1274),#1284,.T.);
#1274 = FACE_BOUND('',#1275,.T.);
#1275 = EDGE_LOOP('',(#1276,#1277,#1283));
#1276 = ORIENTED_EDGE('',*,*,#1256,.F.);
#1277 = ORIENTED_EDGE('',*,*,#1278,.F.);
#1278 = EDGE_CURVE('',#1190,#109,#1279,.T.);
#1279 = LINE('',#1280,#1281);
#1280 = CARTESIAN_POINT('',(44.375499725342,10.517220497131,
    30.070411682129));
#1281 = VECTOR('',#1282,1.);
#1282 = DIRECTION('',(-0.415626944065,-0.809016987914,-0.415626944065));
#1283 = ORIENTED_EDGE('',*,*,#1198,.F.);
#1284 = PLANE('',#1285);
#1285 = AXIS2_PLACEMENT_3D('',#1286,#1287,#1288);
#1286 = CARTESIAN_POINT('',(43.050345830721,6.639564628044,
    28.745258326006));
#1287 = DIRECTION('',(0.70710706664,-2.932997992649E-07,-0.707106495733)
  );
#1288 = DIRECTION('',(0.707106495733,-2.442433626813E-23,0.70710706664)
  );
#1289 = ADVANCED_FACE('',(#1290),#1307,.T.);
#1290 = FACE_BOUND('',#1291,.T.);
#1291 = EDGE_LOOP('',(#1292,#1293,#1301));
#1292 = ORIENTED_EDGE('',*,*,#1189,.F.);
#1293 = ORIENTED_EDGE('',*,*,#1294,.F.);
#1294 = EDGE_CURVE('',#1295,#1190,#1297,.T.);
#1295 = VERTEX_POINT('',#1296);
#1296 = CARTESIAN_POINT('',(24.222955703735,10.517220497131,
    50.222953796387));
#1297 = LINE('',#1298,#1299);
#1298 = CARTESIAN_POINT('',(24.222955703735,10.517220497131,
    50.222953796387));
#1299 = VECTOR('',#1300,1.);
#1300 = DIRECTION('',(0.707106814649,0.,-0.707106747724));
#1301 = ORIENTED_EDGE('',*,*,#1302,.T.);
#1302 = EDGE_CURVE('',#1295,#1168,#1303,.T.);
#1303 = LINE('',#1304,#1305);
#1304 = CARTESIAN_POINT('',(24.222955703735,10.517220497131,
    50.222953796387));
#1305 = VECTOR('',#1306,1.);
#1306 = DIRECTION('',(0.525482608566,-0.669130270282,0.52548331038));
#1307 = PLANE('',#1308);
#1308 = AXIS2_PLACEMENT_3D('',#1309,#1310,#1311);
#1309 = CARTESIAN_POINT('',(34.215665524626,10.040962298022,
    40.978277306622));
#1310 = DIRECTION('',(0.473146529223,0.743145128082,0.473146574004));
#1311 = DIRECTION('',(1.901476778761E-17,-0.537066178345,0.843540111718)
  );
#1312 = ADVANCED_FACE('',(#1313),#1337,.T.);
#1313 = FACE_BOUND('',#1314,.T.);
#1314 = EDGE_LOOP('',(#1315,#1323,#1331));
#1315 = ORIENTED_EDGE('',*,*,#1316,.T.);
#1316 = EDGE_CURVE('',#1317,#1295,#1319,.T.);
#1317 = VERTEX_POINT('',#1318);
#1318 = CARTESIAN_POINT('',(23.974391937256,6.845470905304,
    49.974391937256));
#1319 = LINE('',#1320,#1321);
#1320 = CARTESIAN_POINT('',(23.974391937256,6.845470905304,
    49.974391937256));
#1321 = VECTOR('',#1322,1.);
#1322 = DIRECTION('',(6.738815532685E-02,0.995448513353,
    6.738763822531E-02));
#1323 = ORIENTED_EDGE('',*,*,#1324,.T.);
#1324 = EDGE_CURVE('',#1295,#1325,#1327,.T.);
#1325 = VERTEX_POINT('',#1326);
#1326 = CARTESIAN_POINT('',(22.608673095703,8.443279266357,
    48.608673095703));
#1327 = LINE('',#1328,#1329);
#1328 = CARTESIAN_POINT('',(24.222955703735,10.517220497131,
    50.222953796387));
#1329 = VECTOR('',#1330,1.);
#1330 = DIRECTION('',(-0.523383278892,-0.67241396035,-0.523382660491));
#1331 = ORIENTED_EDGE('',*,*,#1332,.T.);
#1332 = EDGE_CURVE('',#1325,#1317,#1333,.T.);
#1333 = LINE('',#1334,#1335);
#1334 = CARTESIAN_POINT('',(22.608673095703,8.443279266357,
    48.608673095703));
#1335 = VECTOR('',#1336,1.);
#1336 = DIRECTION('',(0.544835091263,-0.637424071287,0.544835091263));
#1337 = PLANE('',#1338);
#1338 = AXIS2_PLACEMENT_3D('',#1339,#1340,#1341);
#1339 = CARTESIAN_POINT('',(23.653673553194,8.66676955235,
    49.653672857134));
#1340 = DIRECTION('',(-0.707106582086,3.403611612669E-07,0.707106980287)
  );
#1341 = DIRECTION('',(0.707106980287,-1.192623342752E-23,0.707106582086)
  );
#1342 = ADVANCED_FACE('',(#1343),#1353,.T.);
#1343 = FACE_BOUND('',#1344,.T.);
#1344 = EDGE_LOOP('',(#1345,#1346,#1352));
#1345 = ORIENTED_EDGE('',*,*,#1316,.F.);
#1346 = ORIENTED_EDGE('',*,*,#1347,.F.);
#1347 = EDGE_CURVE('',#1168,#1317,#1348,.T.);
#1348 = LINE('',#1349,#1350);
#1349 = CARTESIAN_POINT('',(25.651081085205,8.698698043823,
    51.651081085205));
#1350 = VECTOR('',#1351,1.);
#1351 = DIRECTION('',(-0.557134173937,-0.615794628479,-0.557134173937));
#1352 = ORIENTED_EDGE('',*,*,#1302,.F.);
#1353 = PLANE('',#1354);
#1354 = AXIS2_PLACEMENT_3D('',#1355,#1356,#1357);
#1355 = CARTESIAN_POINT('',(24.568881570643,8.658180687946,
    50.568880921784));
#1356 = DIRECTION('',(-0.7071070006,3.970247049373E-07,0.707106561773));
#1357 = DIRECTION('',(-0.707106561773,-2.022753799943E-23,-0.7071070006)
  );
#1358 = ADVANCED_FACE('',(#1359),#1376,.T.);
#1359 = FACE_BOUND('',#1360,.T.);
#1360 = EDGE_LOOP('',(#1361,#1369,#1370));
#1361 = ORIENTED_EDGE('',*,*,#1362,.T.);
#1362 = EDGE_CURVE('',#1363,#1168,#1365,.T.);
#1363 = VERTEX_POINT('',#1364);
#1364 = CARTESIAN_POINT('',(25.016229629517,4.817536830902,
    51.016227722168));
#1365 = LINE('',#1366,#1367);
#1366 = CARTESIAN_POINT('',(25.016229629517,4.817536830902,
    51.016227722168));
#1367 = VECTOR('',#1368,1.);
#1368 = DIRECTION('',(0.159364163923,0.974272022542,0.159364642717));
#1369 = ORIENTED_EDGE('',*,*,#1347,.T.);
#1370 = ORIENTED_EDGE('',*,*,#1371,.T.);
#1371 = EDGE_CURVE('',#1317,#1363,#1372,.T.);
#1372 = LINE('',#1373,#1374);
#1373 = CARTESIAN_POINT('',(23.974391937256,6.845470905304,
    49.974391937256));
#1374 = VECTOR('',#1375,1.);
#1375 = DIRECTION('',(0.415627188335,-0.809017127843,0.415626427424));
#1376 = PLANE('',#1377);
#1377 = AXIS2_PLACEMENT_3D('',#1378,#1379,#1380);
#1378 = CARTESIAN_POINT('',(24.947421380026,6.834836247684,
    50.947420728471));
#1379 = DIRECTION('',(-0.70710654676,-4.241905391116E-07,0.707107015613)
  );
#1380 = DIRECTION('',(0.707107015613,-7.010672595581E-24,0.70710654676)
  );
#1381 = ADVANCED_FACE('',(#1382),#1399,.T.);
#1382 = FACE_BOUND('',#1383,.T.);
#1383 = EDGE_LOOP('',(#1384,#1392,#1393));
#1384 = ORIENTED_EDGE('',*,*,#1385,.T.);
#1385 = EDGE_CURVE('',#1386,#1295,#1388,.T.);
#1386 = VERTEX_POINT('',#1387);
#1387 = CARTESIAN_POINT('',(42.711231231689,11.876091003418,
    28.406143188477));
#1388 = LINE('',#1389,#1390);
#1389 = CARTESIAN_POINT('',(42.711231231689,11.876091003418,
    28.406143188477));
#1390 = VECTOR('',#1391,1.);
#1391 = DIRECTION('',(-0.645781901322,-4.74643499267E-02,0.762045189875)
  );
#1392 = ORIENTED_EDGE('',*,*,#1294,.T.);
#1393 = ORIENTED_EDGE('',*,*,#1394,.T.);
#1394 = EDGE_CURVE('',#1190,#1386,#1395,.T.);
#1395 = LINE('',#1396,#1397);
#1396 = CARTESIAN_POINT('',(44.375499725342,10.517220497131,
    30.070411682129));
#1397 = VECTOR('',#1398,1.);
#1398 = DIRECTION('',(-0.612372326248,0.500000268092,-0.612372326248));
#1399 = PLANE('',#1400);
#1400 = AXIS2_PLACEMENT_3D('',#1401,#1402,#1403);
#1401 = CARTESIAN_POINT('',(34.32094556057,10.873099081504,
    39.25324461764));
#1402 = DIRECTION('',(0.353553563432,0.866025249001,0.353553596894));
#1403 = DIRECTION('',(-1.664855663549E-17,-0.37796471995,0.925819998959)
  );
#1404 = ADVANCED_FACE('',(#1405),#1422,.T.);
#1405 = FACE_BOUND('',#1406,.T.);
#1406 = EDGE_LOOP('',(#1407,#1408,#1416));
#1407 = ORIENTED_EDGE('',*,*,#1385,.F.);
#1408 = ORIENTED_EDGE('',*,*,#1409,.F.);
#1409 = EDGE_CURVE('',#1410,#1386,#1412,.T.);
#1410 = VERTEX_POINT('',#1411);
#1411 = CARTESIAN_POINT('',(22.558685302734,11.876091003418,
    48.558685302734));
#1412 = LINE('',#1413,#1414);
#1413 = CARTESIAN_POINT('',(22.558685302734,11.876091003418,
    48.558685302734));
#1414 = VECTOR('',#1415,1.);
#1415 = DIRECTION('',(0.707106848111,0.,-0.707106714262));
#1416 = ORIENTED_EDGE('',*,*,#1417,.T.);
#1417 = EDGE_CURVE('',#1410,#1295,#1418,.T.);
#1418 = LINE('',#1419,#1420);
#1419 = CARTESIAN_POINT('',(22.558685302734,11.876091003418,
    48.558685302734));
#1420 = VECTOR('',#1421,1.);
#1421 = DIRECTION('',(0.612372764881,-0.500000053206,0.612372063067));
#1422 = PLANE('',#1423);
#1423 = AXIS2_PLACEMENT_3D('',#1424,#1425,#1426);
#1424 = CARTESIAN_POINT('',(32.613240697893,11.52021242075,
    39.375852542547));
#1425 = DIRECTION('',(0.353553394754,0.866025373066,0.353553461678));
#1426 = DIRECTION('',(-1.164033033607E-17,-0.377964549638,0.925820068489
    ));
#1427 = ADVANCED_FACE('',(#1428),#1445,.T.);
#1428 = FACE_BOUND('',#1429,.T.);
#1429 = EDGE_LOOP('',(#1430,#1438,#1439));
#1430 = ORIENTED_EDGE('',*,*,#1431,.T.);
#1431 = EDGE_CURVE('',#1432,#1410,#1434,.T.);
#1432 = VERTEX_POINT('',#1433);
#1433 = CARTESIAN_POINT('',(40.88355255127,12.715918540955,
    26.578466415405));
#1434 = LINE('',#1435,#1436);
#1435 = CARTESIAN_POINT('',(40.88355255127,12.715918540955,
    26.578466415405));
#1436 = VECTOR('',#1437,1.);
#1437 = DIRECTION('',(-0.640074167595,-2.933455968445E-02,0.767752918318
    ));
#1438 = ORIENTED_EDGE('',*,*,#1409,.T.);
#1439 = ORIENTED_EDGE('',*,*,#1440,.T.);
#1440 = EDGE_CURVE('',#1386,#1432,#1441,.T.);
#1441 = LINE('',#1442,#1443);
#1442 = CARTESIAN_POINT('',(42.711231231689,11.876091003418,
    28.406143188477));
#1443 = VECTOR('',#1444,1.);
#1444 = DIRECTION('',(-0.67249894343,0.309016643739,-0.672498241617));
#1445 = PLANE('',#1446);
#1446 = AXIS2_PLACEMENT_3D('',#1447,#1448,#1449);
#1447 = CARTESIAN_POINT('',(32.613880570212,12.096035905474,
    37.546180246426));
#1448 = DIRECTION('',(0.218507743607,0.951056630224,0.218507784968));
#1449 = DIRECTION('',(9.63345281567E-19,-0.223918733109,0.974607819055)
  );
#1450 = ADVANCED_FACE('',(#1451),#1468,.T.);
#1451 = FACE_BOUND('',#1452,.T.);
#1452 = EDGE_LOOP('',(#1453,#1454,#1462));
#1453 = ORIENTED_EDGE('',*,*,#1431,.F.);
#1454 = ORIENTED_EDGE('',*,*,#1455,.F.);
#1455 = EDGE_CURVE('',#1456,#1432,#1458,.T.);
#1456 = VERTEX_POINT('',#1457);
#1457 = CARTESIAN_POINT('',(20.731010437012,12.715918540955,
    46.731010437012));
#1458 = LINE('',#1459,#1460);
#1459 = CARTESIAN_POINT('',(20.731010437012,12.715918540955,
    46.731010437012));
#1460 = VECTOR('',#1461,1.);
#1461 = DIRECTION('',(0.707106747724,0.,-0.707106814649));
#1462 = ORIENTED_EDGE('',*,*,#1463,.T.);
#1463 = EDGE_CURVE('',#1456,#1410,#1464,.T.);
#1464 = LINE('',#1465,#1466);
#1465 = CARTESIAN_POINT('',(20.731010437012,12.715918540955,
    46.731010437012));
#1466 = VECTOR('',#1467,1.);
#1467 = DIRECTION('',(0.672498491998,-0.309017081278,0.672498491998));
#1468 = PLANE('',#1469);
#1469 = AXIS2_PLACEMENT_3D('',#1470,#1471,#1472);
#1470 = CARTESIAN_POINT('',(30.828358869674,12.495973646799,
    37.590971343825));
#1471 = DIRECTION('',(0.218508084015,0.951056488059,0.218508063334));
#1472 = DIRECTION('',(0.974607744872,-0.223919055989,-3.38239328563E-18)
  );
#1473 = ADVANCED_FACE('',(#1474),#1484,.T.);
#1474 = FACE_BOUND('',#1475,.T.);
#1475 = EDGE_LOOP('',(#1476,#1482,#1483));
#1476 = ORIENTED_EDGE('',*,*,#1477,.T.);
#1477 = EDGE_CURVE('',#109,#1386,#1478,.T.);
#1478 = LINE('',#1479,#1480);
#1479 = CARTESIAN_POINT('',(40.427043914795,2.831559419632,
    26.121955871582));
#1480 = VECTOR('',#1481,1.);
#1481 = DIRECTION('',(0.237834812301,0.941737332867,0.237834812301));
#1482 = ORIENTED_EDGE('',*,*,#1394,.F.);
#1483 = ORIENTED_EDGE('',*,*,#1278,.T.);
#1484 = PLANE('',#1485);
#1485 = AXIS2_PLACEMENT_3D('',#1486,#1487,#1488);
#1486 = CARTESIAN_POINT('',(42.177276846719,7.536631959459,
    27.872188803506));
#1487 = DIRECTION('',(0.707106781187,0.,-0.707106781187));
#1488 = DIRECTION('',(0.707106781187,0.,0.707106781187));
#1489 = ADVANCED_FACE('',(#1490),#1505,.T.);
#1490 = FACE_BOUND('',#1491,.T.);
#1491 = EDGE_LOOP('',(#1492,#1498,#1504));
#1492 = ORIENTED_EDGE('',*,*,#1493,.T.);
#1493 = EDGE_CURVE('',#1386,#101,#1494,.T.);
#1494 = LINE('',#1495,#1496);
#1495 = CARTESIAN_POINT('',(42.711231231689,11.876091003418,
    28.406143188477));
#1496 = VECTOR('',#1497,1.);
#1497 = DIRECTION('',(-0.312202677921,-0.897250857239,-0.3122024777));
#1498 = ORIENTED_EDGE('',*,*,#1499,.F.);
#1499 = EDGE_CURVE('',#1432,#101,#1500,.T.);
#1500 = LINE('',#1501,#1502);
#1501 = CARTESIAN_POINT('',(40.88355255127,12.715918540955,
    26.578466415405));
#1502 = VECTOR('',#1503,1.);
#1503 = DIRECTION('',(-0.120344634781,-0.985410745709,-0.120344634781));
#1504 = ORIENTED_EDGE('',*,*,#1440,.F.);
#1505 = PLANE('',#1506);
#1506 = AXIS2_PLACEMENT_3D('',#1507,#1508,#1509);
#1507 = CARTESIAN_POINT('',(40.895858481784,8.372081806154,
    26.590771809555));
#1508 = DIRECTION('',(0.707106431826,8.533212884E-08,-0.707107130546));
#1509 = DIRECTION('',(-0.707107130546,2.353187296118E-24,-0.707106431826
    ));
#1510 = ADVANCED_FACE('',(#1511),#1516,.T.);
#1511 = FACE_BOUND('',#1512,.T.);
#1512 = EDGE_LOOP('',(#1513,#1514,#1515));
#1513 = ORIENTED_EDGE('',*,*,#1122,.T.);
#1514 = ORIENTED_EDGE('',*,*,#1262,.F.);
#1515 = ORIENTED_EDGE('',*,*,#1152,.F.);
#1516 = PLANE('',#1517);
#1517 = AXIS2_PLACEMENT_3D('',#1518,#1519,#1520);
#1518 = CARTESIAN_POINT('',(44.008163244002,5.174231058573,
    29.703077644502));
#1519 = DIRECTION('',(0.707107028358,-3.594420401014E-07,-0.707106534015
    ));
#1520 = DIRECTION('',(0.707106534015,-1.127132955957E-23,0.707107028358)
  );
#1521 = ADVANCED_FACE('',(#1522),#1527,.T.);
#1522 = FACE_BOUND('',#1523,.T.);
#1523 = EDGE_LOOP('',(#1524,#1525,#1526));
#1524 = ORIENTED_EDGE('',*,*,#1477,.F.);
#1525 = ORIENTED_EDGE('',*,*,#108,.T.);
#1526 = ORIENTED_EDGE('',*,*,#1493,.F.);
#1527 = PLANE('',#1528);
#1528 = AXIS2_PLACEMENT_3D('',#1529,#1530,#1531);
#1529 = CARTESIAN_POINT('',(41.32614836625,7.239515097019,
    27.021060823855));
#1530 = DIRECTION('',(0.707105954239,4.176890176511E-07,-0.707107608133)
  );
#1531 = DIRECTION('',(-0.707107608133,1.624400758715E-23,-0.70710595424)
  );
#1532 = ADVANCED_FACE('',(#1533),#1550,.T.);
#1533 = FACE_BOUND('',#1534,.T.);
#1534 = EDGE_LOOP('',(#1535,#1543,#1544));
#1535 = ORIENTED_EDGE('',*,*,#1536,.F.);
#1536 = EDGE_CURVE('',#1410,#1537,#1539,.T.);
#1537 = VERTEX_POINT('',#1538);
#1538 = CARTESIAN_POINT('',(21.004884719849,9.510564804077,
    47.004886627197));
#1539 = LINE('',#1540,#1541);
#1540 = CARTESIAN_POINT('',(22.558685302734,11.876091003418,
    48.558685302734));
#1541 = VECTOR('',#1542,1.);
#1542 = DIRECTION('',(-0.481251186423,-0.732663060168,-0.481250595669));
#1543 = ORIENTED_EDGE('',*,*,#1463,.F.);
#1544 = ORIENTED_EDGE('',*,*,#1545,.T.);
#1545 = EDGE_CURVE('',#1456,#1537,#1546,.T.);
#1546 = LINE('',#1547,#1548);
#1547 = CARTESIAN_POINT('',(20.731010437012,12.715918540955,
    46.731010437012));
#1548 = VECTOR('',#1549,1.);
#1549 = DIRECTION('',(8.482573642511E-02,-0.992778469074,
    8.482632717884E-02));
#1550 = PLANE('',#1551);
#1551 = AXIS2_PLACEMENT_3D('',#1552,#1553,#1554);
#1552 = CARTESIAN_POINT('',(21.419647592939,11.315820704234,
    47.419648264127));
#1553 = DIRECTION('',(-0.707106680564,4.37959518674E-07,0.707106881809)
  );
#1554 = DIRECTION('',(0.707106881809,1.006096679039E-23,0.707106680564)
  );
#1555 = ADVANCED_FACE('',(#1556),#1573,.T.);
#1556 = FACE_BOUND('',#1557,.T.);
#1557 = EDGE_LOOP('',(#1558,#1566,#1572));
#1558 = ORIENTED_EDGE('',*,*,#1559,.F.);
#1559 = EDGE_CURVE('',#1560,#1456,#1562,.T.);
#1560 = VERTEX_POINT('',#1561);
#1561 = CARTESIAN_POINT('',(19.263801574707,9.980267524719,
    45.263801574707));
#1562 = LINE('',#1563,#1564);
#1563 = CARTESIAN_POINT('',(19.263801574707,9.980267524719,
    45.263801574707));
#1564 = VECTOR('',#1565,1.);
#1565 = DIRECTION('',(0.427316787577,0.796743827155,0.427316787577));
#1566 = ORIENTED_EDGE('',*,*,#1567,.T.);
#1567 = EDGE_CURVE('',#1560,#1537,#1568,.T.);
#1568 = LINE('',#1569,#1570);
#1569 = CARTESIAN_POINT('',(19.263801574707,9.980267524719,
    45.263801574707));
#1570 = VECTOR('',#1571,1.);
#1571 = DIRECTION('',(0.694581564464,-0.187381545475,0.694582325375));
#1572 = ORIENTED_EDGE('',*,*,#1545,.F.);
#1573 = PLANE('',#1574);
#1574 = AXIS2_PLACEMENT_3D('',#1575,#1576,#1577);
#1575 = CARTESIAN_POINT('',(20.34139010547,10.827240483036,
    46.341390702015));
#1576 = DIRECTION('',(-0.707107119546,3.629436414944E-07,0.707106442827)
  );
#1577 = DIRECTION('',(-0.707106442827,2.550252095394E-23,-0.707107119546
    ));
#1578 = ADVANCED_FACE('',(#1579),#1589,.T.);
#1579 = FACE_BOUND('',#1580,.T.);
#1580 = EDGE_LOOP('',(#1581,#1587,#1588));
#1581 = ORIENTED_EDGE('',*,*,#1582,.T.);
#1582 = EDGE_CURVE('',#778,#673,#1583,.T.);
#1583 = LINE('',#1584,#1585);
#1584 = CARTESIAN_POINT('',(23.974391937256,-6.845470905304,
    49.974391937256));
#1585 = VECTOR('',#1586,1.);
#1586 = DIRECTION('',(6.738815532685E-02,-0.995448513353,
    6.738763822531E-02));
#1587 = ORIENTED_EDGE('',*,*,#724,.F.);
#1588 = ORIENTED_EDGE('',*,*,#806,.T.);
#1589 = PLANE('',#1590);
#1590 = AXIS2_PLACEMENT_3D('',#1591,#1592,#1593);
#1591 = CARTESIAN_POINT('',(24.568881570643,-8.658180687946,
    50.568880921784));
#1592 = DIRECTION('',(-0.7071070006,-3.970247049524E-07,0.707106561773)
  );
#1593 = DIRECTION('',(-0.707106561773,-1.116958362206E-24,-0.7071070006)
  );
#1594 = ADVANCED_FACE('',(#1595),#1612,.T.);
#1595 = FACE_BOUND('',#1596,.T.);
#1596 = EDGE_LOOP('',(#1597,#1605,#1606));
#1597 = ORIENTED_EDGE('',*,*,#1598,.T.);
#1598 = EDGE_CURVE('',#1599,#1068,#1601,.T.);
#1599 = VERTEX_POINT('',#1600);
#1600 = CARTESIAN_POINT('',(25.66872215271,2.486898899078,
    51.668724060059));
#1601 = LINE('',#1602,#1603);
#1602 = CARTESIAN_POINT('',(25.66872215271,2.486898899078,
    51.668724060059));
#1603 = VECTOR('',#1604,1.);
#1604 = DIRECTION('',(0.667857189311,-0.328532417534,0.667857189311));
#1605 = ORIENTED_EDGE('',*,*,#1099,.F.);
#1606 = ORIENTED_EDGE('',*,*,#1607,.T.);
#1607 = EDGE_CURVE('',#1092,#1599,#1608,.T.);
#1608 = LINE('',#1609,#1610);
#1609 = CARTESIAN_POINT('',(27.562286376953,4.017220973969,
    53.562286376953));
#1610 = VECTOR('',#1611,1.);
#1611 = DIRECTION('',(-0.613931849658,-0.496161392353,-0.613931231257));
#1612 = PLANE('',#1613);
#1613 = AXIS2_PLACEMENT_3D('',#1614,#1615,#1616);
#1614 = CARTESIAN_POINT('',(27.027169659756,2.591938343523,
    53.02717096798));
#1615 = DIRECTION('',(-0.707106646437,5.478499251588E-07,0.707106915936)
  );
#1616 = DIRECTION('',(0.707106915936,2.517227753781E-24,0.707106646437)
  );
#1617 = ADVANCED_FACE('',(#1618),#1635,.T.);
#1618 = FACE_BOUND('',#1619,.T.);
#1619 = EDGE_LOOP('',(#1620,#1621,#1629));
#1620 = ORIENTED_EDGE('',*,*,#1582,.F.);
#1621 = ORIENTED_EDGE('',*,*,#1622,.T.);
#1622 = EDGE_CURVE('',#778,#1623,#1625,.T.);
#1623 = VERTEX_POINT('',#1624);
#1624 = CARTESIAN_POINT('',(22.608673095703,-8.443279266357,
    48.608673095703));
#1625 = LINE('',#1626,#1627);
#1626 = CARTESIAN_POINT('',(23.974391937256,-6.845470905304,
    49.974391937256));
#1627 = VECTOR('',#1628,1.);
#1628 = DIRECTION('',(-0.544835091263,-0.637424071287,-0.544835091263));
#1629 = ORIENTED_EDGE('',*,*,#1630,.F.);
#1630 = EDGE_CURVE('',#673,#1623,#1631,.T.);
#1631 = LINE('',#1632,#1633);
#1632 = CARTESIAN_POINT('',(24.222955703735,-10.51722049713,
    50.222953796387));
#1633 = VECTOR('',#1634,1.);
#1634 = DIRECTION('',(-0.523383278892,0.67241396035,-0.523382660491));
#1635 = PLANE('',#1636);
#1636 = AXIS2_PLACEMENT_3D('',#1637,#1638,#1639);
#1637 = CARTESIAN_POINT('',(23.653673553194,-8.66676955235,
    49.653672857134));
#1638 = DIRECTION('',(-0.707106582086,-3.403611613101E-07,0.707106980287
    ));
#1639 = DIRECTION('',(0.707106980287,-3.309478456779E-24,0.707106582086)
  );
#1640 = ADVANCED_FACE('',(#1641),#1656,.T.);
#1641 = FACE_BOUND('',#1642,.T.);
#1642 = EDGE_LOOP('',(#1643,#1649,#1655));
#1643 = ORIENTED_EDGE('',*,*,#1644,.F.);
#1644 = EDGE_CURVE('',#1363,#1092,#1645,.T.);
#1645 = LINE('',#1646,#1647);
#1646 = CARTESIAN_POINT('',(25.016229629517,4.817536830902,
    51.016227722168));
#1647 = VECTOR('',#1648,1.);
#1648 = DIRECTION('',(0.690261446458,-0.216973632495,0.690261963559));
#1649 = ORIENTED_EDGE('',*,*,#1650,.T.);
#1650 = EDGE_CURVE('',#1363,#1599,#1651,.T.);
#1651 = LINE('',#1652,#1653);
#1652 = CARTESIAN_POINT('',(25.016229629517,4.817536830902,
    51.016227722168));
#1653 = VECTOR('',#1654,1.);
#1654 = DIRECTION('',(0.260303005932,-0.929776262299,0.260304527753));
#1655 = ORIENTED_EDGE('',*,*,#1607,.F.);
#1656 = PLANE('',#1657);
#1657 = AXIS2_PLACEMENT_3D('',#1658,#1659,#1660);
#1658 = CARTESIAN_POINT('',(26.141942646788,3.823359162268,
    52.141942584691));
#1659 = DIRECTION('',(-0.707106872151,1.106430897119E-06,0.707106690221)
  );
#1660 = DIRECTION('',(-0.707106690221,-6.022587545578E-23,
    -0.707106872152));
#1661 = ADVANCED_FACE('',(#1662),#1677,.T.);
#1662 = FACE_BOUND('',#1663,.T.);
#1663 = EDGE_LOOP('',(#1664,#1665,#1671));
#1664 = ORIENTED_EDGE('',*,*,#357,.F.);
#1665 = ORIENTED_EDGE('',*,*,#1666,.F.);
#1666 = EDGE_CURVE('',#1068,#328,#1667,.T.);
#1667 = LINE('',#1668,#1669);
#1668 = CARTESIAN_POINT('',(27.961835861206,1.358870029449,
    53.961837768555));
#1669 = VECTOR('',#1670,1.);
#1670 = DIRECTION('',(0.,-1.,0.));
#1671 = ORIENTED_EDGE('',*,*,#1672,.T.);
#1672 = EDGE_CURVE('',#1068,#358,#1673,.T.);
#1673 = LINE('',#1674,#1675);
#1674 = CARTESIAN_POINT('',(27.961835861206,1.358870029449,
    53.961837768555));
#1675 = VECTOR('',#1676,1.);
#1676 = DIRECTION('',(-0.641429091802,-0.420876089278,-0.641429682556));
#1677 = PLANE('',#1678);
#1678 = AXIS2_PLACEMENT_3D('',#1679,#1680,#1681);
#1679 = CARTESIAN_POINT('',(27.233073190938,1.267431780368E-17,
    53.233074427099));
#1680 = DIRECTION('',(-0.707107106808,0.,0.707106455565));
#1681 = DIRECTION('',(-0.707106455565,0.,-0.707107106808));
#1682 = ADVANCED_FACE('',(#1683),#1693,.T.);
#1683 = FACE_BOUND('',#1684,.T.);
#1684 = EDGE_LOOP('',(#1685,#1686,#1687));
#1685 = ORIENTED_EDGE('',*,*,#395,.F.);
#1686 = ORIENTED_EDGE('',*,*,#785,.F.);
#1687 = ORIENTED_EDGE('',*,*,#1688,.F.);
#1688 = EDGE_CURVE('',#297,#756,#1689,.T.);
#1689 = LINE('',#1690,#1691);
#1690 = CARTESIAN_POINT('',(27.562286376953,-4.017220973969,
    53.562286376953));
#1691 = VECTOR('',#1692,1.);
#1692 = DIRECTION('',(-0.287606276081,-0.913545433964,-0.287606276081));
#1693 = PLANE('',#1694);
#1694 = AXIS2_PLACEMENT_3D('',#1695,#1696,#1697);
#1695 = CARTESIAN_POINT('',(26.418981533133,-5.056965264904,
    52.418980854725));
#1696 = DIRECTION('',(-0.707107075136,1.850849758336E-07,0.707106487237)
  );
#1697 = DIRECTION('',(-0.707106487237,-4.514422123382E-25,
    -0.707107075136));
#1698 = ADVANCED_FACE('',(#1699),#1709,.T.);
#1699 = FACE_BOUND('',#1700,.T.);
#1700 = EDGE_LOOP('',(#1701,#1702,#1708));
#1701 = ORIENTED_EDGE('',*,*,#1598,.F.);
#1702 = ORIENTED_EDGE('',*,*,#1703,.T.);
#1703 = EDGE_CURVE('',#1599,#358,#1704,.T.);
#1704 = LINE('',#1705,#1706);
#1705 = CARTESIAN_POINT('',(25.66872215271,2.486898899078,
    51.668724060059));
#1706 = VECTOR('',#1707,1.);
#1707 = DIRECTION('',(8.862406468376E-02,-0.992114754042,
    8.862330377276E-02));
#1708 = ORIENTED_EDGE('',*,*,#1672,.F.);
#1709 = PLANE('',#1710);
#1710 = AXIS2_PLACEMENT_3D('',#1711,#1712,#1713);
#1711 = CARTESIAN_POINT('',(26.571303690746,1.299274202252,
    52.57130500155));
#1712 = DIRECTION('',(-0.707106920707,-5.672478238731E-07,0.707106641666
    ));
#1713 = DIRECTION('',(-0.707106641666,4.335285230505E-23,-0.707106920707
    ));
#1714 = ADVANCED_FACE('',(#1715),#1725,.T.);
#1715 = FACE_BOUND('',#1716,.T.);
#1716 = EDGE_LOOP('',(#1717,#1723,#1724));
#1717 = ORIENTED_EDGE('',*,*,#1718,.T.);
#1718 = EDGE_CURVE('',#910,#273,#1719,.T.);
#1719 = LINE('',#1720,#1721);
#1720 = CARTESIAN_POINT('',(41.44722366333,0.,27.142135620117));
#1721 = VECTOR('',#1722,1.);
#1722 = DIRECTION('',(-0.711818117625,-5.02399730025E-02,0.70056470974)
  );
#1723 = ORIENTED_EDGE('',*,*,#272,.T.);
#1724 = ORIENTED_EDGE('',*,*,#1007,.T.);
#1725 = PLANE('',#1726);
#1726 = AXIS2_PLACEMENT_3D('',#1727,#1728,#1729);
#1727 = CARTESIAN_POINT('',(33.626120630595,-0.277271188782,
    34.901131816492));
#1728 = DIRECTION('',(-0.698400841916,0.156436977796,-0.698400841916));
#1729 = DIRECTION('',(0.707106781187,4.631851436602E-18,-0.707106781187)
  );
#1730 = ADVANCED_FACE('',(#1731),#1741,.T.);
#1731 = FACE_BOUND('',#1732,.T.);
#1732 = EDGE_LOOP('',(#1733,#1734,#1735));
#1733 = ORIENTED_EDGE('',*,*,#1718,.F.);
#1734 = ORIENTED_EDGE('',*,*,#909,.F.);
#1735 = ORIENTED_EDGE('',*,*,#1736,.F.);
#1736 = EDGE_CURVE('',#273,#419,#1737,.T.);
#1737 = LINE('',#1738,#1739);
#1738 = CARTESIAN_POINT('',(26.123296737671,-1.081559538841,
    42.22380065918));
#1739 = VECTOR('',#1740,1.);
#1740 = DIRECTION('',(0.707106825543,0.,-0.70710673683));
#1741 = PLANE('',#1742);
#1742 = AXIS2_PLACEMENT_3D('',#1743,#1744,#1745);
#1743 = CARTESIAN_POINT('',(33.944399266596,-0.804288325893,
    34.464805460398));
#1744 = DIRECTION('',(-0.698400932669,0.156435776296,-0.69840102029));
#1745 = DIRECTION('',(-0.707106825543,6.548421049852E-18,0.70710673683)
  );
#1746 = ADVANCED_FACE('',(#1747),#1762,.T.);
#1747 = FACE_BOUND('',#1748,.T.);
#1748 = EDGE_LOOP('',(#1749,#1755,#1756));
#1749 = ORIENTED_EDGE('',*,*,#1750,.T.);
#1750 = EDGE_CURVE('',#242,#396,#1751,.T.);
#1751 = LINE('',#1752,#1753);
#1752 = CARTESIAN_POINT('',(30.618469238281,-2.486898899078,
    46.718975067139));
#1753 = VECTOR('',#1754,1.);
#1754 = DIRECTION('',(-0.753467517638,-0.313456777939,0.577954624715));
#1755 = ORIENTED_EDGE('',*,*,#404,.F.);
#1756 = ORIENTED_EDGE('',*,*,#1757,.T.);
#1757 = EDGE_CURVE('',#350,#242,#1758,.T.);
#1758 = LINE('',#1759,#1760);
#1759 = CARTESIAN_POINT('',(25.66872215271,-2.486898899078,
    51.668724060059));
#1760 = VECTOR('',#1761,1.);
#1761 = DIRECTION('',(0.707106644947,0.,-0.707106917426));
#1762 = PLANE('',#1763);
#1763 = AXIS2_PLACEMENT_3D('',#1764,#1765,#1766);
#1764 = CARTESIAN_POINT('',(27.58597363279,-3.170736272728,
    49.368572243109));
#1765 = DIRECTION('',(-0.65745122673,0.368125117406,-0.657450973386));
#1766 = DIRECTION('',(0.707106644947,1.699829564096E-17,-0.707106917426)
  );
#1767 = ADVANCED_FACE('',(#1768),#1785,.T.);
#1768 = FACE_BOUND('',#1769,.T.);
#1769 = EDGE_LOOP('',(#1770,#1778,#1779));
#1770 = ORIENTED_EDGE('',*,*,#1771,.T.);
#1771 = EDGE_CURVE('',#1772,#778,#1774,.T.);
#1772 = VERTEX_POINT('',#1773);
#1773 = CARTESIAN_POINT('',(29.965976715088,-4.817536830902,
    46.066482543945));
#1774 = LINE('',#1775,#1776);
#1775 = CARTESIAN_POINT('',(29.965976715088,-4.817536830902,
    46.066482543945));
#1776 = VECTOR('',#1777,1.);
#1777 = DIRECTION('',(-0.805831965996,-0.272744885148,0.525590211291));
#1778 = ORIENTED_EDGE('',*,*,#791,.F.);
#1779 = ORIENTED_EDGE('',*,*,#1780,.T.);
#1780 = EDGE_CURVE('',#396,#1772,#1781,.T.);
#1781 = LINE('',#1782,#1783);
#1782 = CARTESIAN_POINT('',(25.016229629517,-4.817536830902,
    51.016227722168));
#1783 = VECTOR('',#1784,1.);
#1784 = DIRECTION('',(0.707106917426,0.,-0.707106644947));
#1785 = PLANE('',#1786);
#1786 = AXIS2_PLACEMENT_3D('',#1787,#1788,#1789);
#1787 = CARTESIAN_POINT('',(26.81924261932,-5.412557320672,
    48.601840437354));
#1788 = DIRECTION('',(-0.572061386974,0.587785068589,-0.572061607414));
#1789 = DIRECTION('',(-2.321722408336E-17,0.697456802381,0.716626826747)
  );
#1790 = ADVANCED_FACE('',(#1791),#1808,.T.);
#1791 = FACE_BOUND('',#1792,.T.);
#1792 = EDGE_LOOP('',(#1793,#1801,#1802));
#1793 = ORIENTED_EDGE('',*,*,#1794,.T.);
#1794 = EDGE_CURVE('',#1795,#1363,#1797,.T.);
#1795 = VERTEX_POINT('',#1796);
#1796 = CARTESIAN_POINT('',(28.924139022827,6.845470905304,
    45.024642944336));
#1797 = LINE('',#1798,#1799);
#1798 = CARTESIAN_POINT('',(28.924139022827,6.845470905304,
    45.024642944336));
#1799 = VECTOR('',#1800,1.);
#1800 = DIRECTION('',(-0.525590211291,-0.272744885148,0.805831965996));
#1801 = ORIENTED_EDGE('',*,*,#1371,.F.);
#1802 = ORIENTED_EDGE('',*,*,#1803,.T.);
#1803 = EDGE_CURVE('',#1317,#1795,#1804,.T.);
#1804 = LINE('',#1805,#1806);
#1805 = CARTESIAN_POINT('',(23.974391937256,6.845470905304,
    49.974391937256));
#1806 = VECTOR('',#1807,1.);
#1807 = DIRECTION('',(0.707106644947,0.,-0.707106917426));
#1808 = PLANE('',#1809);
#1809 = AXIS2_PLACEMENT_3D('',#1810,#1811,#1812);
#1810 = CARTESIAN_POINT('',(26.388780603911,6.25045051027,
    48.171377468271));
#1811 = DIRECTION('',(-0.572061607414,-0.587785068589,-0.572061386974));
#1812 = DIRECTION('',(-0.716626826747,0.69745680238,3.905979932507E-18)
  );
#1813 = ADVANCED_FACE('',(#1814),#1831,.T.);
#1814 = FACE_BOUND('',#1815,.T.);
#1815 = EDGE_LOOP('',(#1816,#1824,#1825));
#1816 = ORIENTED_EDGE('',*,*,#1817,.T.);
#1817 = EDGE_CURVE('',#1818,#1599,#1820,.T.);
#1818 = VERTEX_POINT('',#1819);
#1819 = CARTESIAN_POINT('',(29.965976715088,4.817536830902,
    46.066482543945));
#1820 = LINE('',#1821,#1822);
#1821 = CARTESIAN_POINT('',(29.965976715088,4.817536830902,
    46.066482543945));
#1822 = VECTOR('',#1823,1.);
#1823 = DIRECTION('',(-0.577954683844,-0.313456670879,0.753467516821));
#1824 = ORIENTED_EDGE('',*,*,#1650,.F.);
#1825 = ORIENTED_EDGE('',*,*,#1826,.T.);
#1826 = EDGE_CURVE('',#1363,#1818,#1827,.T.);
#1827 = LINE('',#1828,#1829);
#1828 = CARTESIAN_POINT('',(25.016229629517,4.817536830902,
    51.016227722168));
#1829 = VECTOR('',#1830,1.);
#1830 = DIRECTION('',(0.707106917426,0.,-0.707106644947));
#1831 = PLANE('',#1832);
#1832 = AXIS2_PLACEMENT_3D('',#1833,#1834,#1835);
#1833 = CARTESIAN_POINT('',(27.316379561889,4.133699276205,
    49.098978228039));
#1834 = DIRECTION('',(-0.657450973386,-0.368125117406,-0.65745122673));
#1835 = DIRECTION('',(-0.707106917426,-2.009865838752E-17,0.707106644947
    ));
#1836 = ADVANCED_FACE('',(#1837),#1854,.T.);
#1837 = FACE_BOUND('',#1838,.T.);
#1838 = EDGE_LOOP('',(#1839,#1840,#1848));
#1839 = ORIENTED_EDGE('',*,*,#1817,.F.);
#1840 = ORIENTED_EDGE('',*,*,#1841,.T.);
#1841 = EDGE_CURVE('',#1818,#1842,#1844,.T.);
#1842 = VERTEX_POINT('',#1843);
#1843 = CARTESIAN_POINT('',(30.618469238281,2.486898899078,
    46.718975067139));
#1844 = LINE('',#1845,#1846);
#1845 = CARTESIAN_POINT('',(29.965976715088,4.817536830902,
    46.066482543945));
#1846 = VECTOR('',#1847,1.);
#1847 = DIRECTION('',(0.260303109047,-0.929776630617,0.260303109047));
#1848 = ORIENTED_EDGE('',*,*,#1849,.F.);
#1849 = EDGE_CURVE('',#1599,#1842,#1850,.T.);
#1850 = LINE('',#1851,#1852);
#1851 = CARTESIAN_POINT('',(25.66872215271,2.486898899078,
    51.668724060059));
#1852 = VECTOR('',#1853,1.);
#1853 = DIRECTION('',(0.707106644947,0.,-0.707106917426));
#1854 = PLANE('',#1855);
#1855 = AXIS2_PLACEMENT_3D('',#1856,#1857,#1858);
#1856 = CARTESIAN_POINT('',(28.318319162398,3.170736316679,
    48.636227525966));
#1857 = DIRECTION('',(-0.65745148717,-0.368124187143,-0.657451233826));
#1858 = DIRECTION('',(0.707106644947,5.830044019143E-19,-0.707106917426)
  );
#1859 = ADVANCED_FACE('',(#1860),#1870,.T.);
#1860 = FACE_BOUND('',#1861,.T.);
#1861 = EDGE_LOOP('',(#1862,#1863,#1869));
#1862 = ORIENTED_EDGE('',*,*,#1794,.F.);
#1863 = ORIENTED_EDGE('',*,*,#1864,.T.);
#1864 = EDGE_CURVE('',#1795,#1818,#1865,.T.);
#1865 = LINE('',#1866,#1867);
#1866 = CARTESIAN_POINT('',(28.924139022827,6.845470905304,
    45.024642944336));
#1867 = VECTOR('',#1868,1.);
#1868 = DIRECTION('',(0.415626925446,-0.809016616132,0.415627686357));
#1869 = ORIENTED_EDGE('',*,*,#1826,.F.);
#1870 = PLANE('',#1871);
#1871 = AXIS2_PLACEMENT_3D('',#1872,#1873,#1874);
#1872 = CARTESIAN_POINT('',(27.551588235261,5.412557359878,
    47.869493944055));
#1873 = DIRECTION('',(-0.57206102514,-0.587785772899,-0.572061245579));
#1874 = DIRECTION('',(1.329100106348E-18,0.697456146638,-0.716627464948)
  );
#1875 = ADVANCED_FACE('',(#1876),#1893,.T.);
#1876 = FACE_BOUND('',#1877,.T.);
#1877 = EDGE_LOOP('',(#1878,#1879,#1887));
#1878 = ORIENTED_EDGE('',*,*,#1771,.F.);
#1879 = ORIENTED_EDGE('',*,*,#1880,.T.);
#1880 = EDGE_CURVE('',#1772,#1881,#1883,.T.);
#1881 = VERTEX_POINT('',#1882);
#1882 = CARTESIAN_POINT('',(28.924139022827,-6.845470905304,
    45.024642944336));
#1883 = LINE('',#1884,#1885);
#1884 = CARTESIAN_POINT('',(29.965976715088,-4.817536830902,
    46.066482543945));
#1885 = VECTOR('',#1886,1.);
#1886 = DIRECTION('',(-0.415626925446,-0.809016616132,-0.415627686357));
#1887 = ORIENTED_EDGE('',*,*,#1888,.F.);
#1888 = EDGE_CURVE('',#778,#1881,#1889,.T.);
#1889 = LINE('',#1890,#1891);
#1890 = CARTESIAN_POINT('',(23.974391937256,-6.845470905304,
    49.974391937256));
#1891 = VECTOR('',#1892,1.);
#1892 = DIRECTION('',(0.707106644947,0.,-0.707106917426));
#1893 = PLANE('',#1894);
#1894 = AXIS2_PLACEMENT_3D('',#1895,#1896,#1897);
#1895 = CARTESIAN_POINT('',(27.121126143536,-6.250450471063,
    47.439032806005));
#1896 = DIRECTION('',(-0.572061245579,0.587785772899,-0.57206102514));
#1897 = DIRECTION('',(0.716627464948,0.697456146638,1.377890269628E-18)
  );
#1898 = ADVANCED_FACE('',(#1899),#1909,.T.);
#1899 = FACE_BOUND('',#1900,.T.);
#1900 = EDGE_LOOP('',(#1901,#1902,#1908));
#1901 = ORIENTED_EDGE('',*,*,#1750,.F.);
#1902 = ORIENTED_EDGE('',*,*,#1903,.T.);
#1903 = EDGE_CURVE('',#242,#1772,#1904,.T.);
#1904 = LINE('',#1905,#1906);
#1905 = CARTESIAN_POINT('',(30.618469238281,-2.486898899078,
    46.718975067139));
#1906 = VECTOR('',#1907,1.);
#1907 = DIRECTION('',(-0.260303109047,-0.929776630617,-0.260303109047));
#1908 = ORIENTED_EDGE('',*,*,#1780,.F.);
#1909 = PLANE('',#1910);
#1910 = AXIS2_PLACEMENT_3D('',#1911,#1912,#1913);
#1911 = CARTESIAN_POINT('',(28.048725192296,-4.133699376596,
    48.366631704346));
#1912 = DIRECTION('',(-0.657451233826,0.368124187143,-0.65745148717));
#1913 = DIRECTION('',(-0.707106917426,-1.897204750404E-17,0.707106644947
    ));
#1914 = ADVANCED_FACE('',(#1915),#1930,.T.);
#1915 = FACE_BOUND('',#1916,.T.);
#1916 = EDGE_LOOP('',(#1917,#1923,#1929));
#1917 = ORIENTED_EDGE('',*,*,#1918,.T.);
#1918 = EDGE_CURVE('',#1795,#1213,#1919,.T.);
#1919 = LINE('',#1920,#1921);
#1920 = CARTESIAN_POINT('',(28.924139022827,6.845470905304,
    45.024642944336));
#1921 = VECTOR('',#1922,1.);
#1922 = DIRECTION('',(-0.481843107783,-0.731884362394,-0.481842816243));
#1923 = ORIENTED_EDGE('',*,*,#1924,.T.);
#1924 = EDGE_CURVE('',#1213,#1818,#1925,.T.);
#1925 = LINE('',#1926,#1927);
#1926 = CARTESIAN_POINT('',(25.771766662598,2.057248353958,
    41.872272491455));
#1927 = VECTOR('',#1928,1.);
#1928 = DIRECTION('',(0.641088821544,0.421912604438,0.641088821544));
#1929 = ORIENTED_EDGE('',*,*,#1864,.F.);
#1930 = PLANE('',#1931);
#1931 = AXIS2_PLACEMENT_3D('',#1932,#1933,#1934);
#1932 = CARTESIAN_POINT('',(27.903695780615,4.247775722279,
    44.004201055973));
#1933 = DIRECTION('',(-0.707106944735,4.9701698151E-07,0.707106617638));
#1934 = DIRECTION('',(-0.707106617638,1.980869467255E-23,-0.707106944735
    ));
#1935 = ADVANCED_FACE('',(#1936),#1951,.T.);
#1936 = FACE_BOUND('',#1937,.T.);
#1937 = EDGE_LOOP('',(#1938,#1944,#1950));
#1938 = ORIENTED_EDGE('',*,*,#1939,.T.);
#1939 = EDGE_CURVE('',#240,#1842,#1940,.T.);
#1940 = LINE('',#1941,#1942);
#1941 = CARTESIAN_POINT('',(26.244426727295,0.,42.344932556152));
#1942 = VECTOR('',#1943,1.);
#1943 = DIRECTION('',(0.656071558878,0.373015038924,0.656071558878));
#1944 = ORIENTED_EDGE('',*,*,#1945,.T.);
#1945 = EDGE_CURVE('',#1842,#984,#1946,.T.);
#1946 = LINE('',#1947,#1948);
#1947 = CARTESIAN_POINT('',(30.618469238281,2.486898899078,
    46.718975067139));
#1948 = VECTOR('',#1949,1.);
#1949 = DIRECTION('',(-0.690437138406,-0.215853448614,-0.690437431366));
#1950 = ORIENTED_EDGE('',*,*,#983,.F.);
#1951 = PLANE('',#1952);
#1952 = AXIS2_PLACEMENT_3D('',#1953,#1954,#1955);
#1953 = CARTESIAN_POINT('',(28.231379300058,1.436220382361,
    44.33188462072));
#1954 = DIRECTION('',(-0.707107114459,1.172343963568E-06,0.707106447913)
  );
#1955 = DIRECTION('',(-0.707106447913,6.190440942642E-24,-0.70710711446)
  );
#1956 = ADVANCED_FACE('',(#1957),#1972,.T.);
#1957 = FACE_BOUND('',#1958,.T.);
#1958 = EDGE_LOOP('',(#1959,#1965,#1966));
#1959 = ORIENTED_EDGE('',*,*,#1960,.T.);
#1960 = EDGE_CURVE('',#984,#1818,#1961,.T.);
#1961 = LINE('',#1962,#1963);
#1962 = CARTESIAN_POINT('',(26.123296737671,1.081559538841,
    42.22380065918));
#1963 = VECTOR('',#1964,1.);
#1964 = DIRECTION('',(0.58269315186,0.566513057653,0.582693441085));
#1965 = ORIENTED_EDGE('',*,*,#1924,.F.);
#1966 = ORIENTED_EDGE('',*,*,#1967,.F.);
#1967 = EDGE_CURVE('',#984,#1213,#1968,.T.);
#1968 = LINE('',#1969,#1970);
#1969 = CARTESIAN_POINT('',(26.123296737671,1.081559538841,
    42.22380065918));
#1970 = VECTOR('',#1971,1.);
#1971 = DIRECTION('',(-0.321020103307,0.891006905053,-0.321018361501));
#1972 = PLANE('',#1973);
#1973 = AXIS2_PLACEMENT_3D('',#1974,#1975,#1976);
#1974 = CARTESIAN_POINT('',(27.802484232728,3.067614187294,
    43.902989546305));
#1975 = DIRECTION('',(-0.707106413507,-1.11736379867E-06,0.707107148865)
  );
#1976 = DIRECTION('',(0.707107148866,-3.971488574199E-23,0.707106413507)
  );
#1977 = ADVANCED_FACE('',(#1978),#1983,.T.);
#1978 = FACE_BOUND('',#1979,.T.);
#1979 = EDGE_LOOP('',(#1980,#1981,#1982));
#1980 = ORIENTED_EDGE('',*,*,#1960,.F.);
#1981 = ORIENTED_EDGE('',*,*,#1945,.F.);
#1982 = ORIENTED_EDGE('',*,*,#1841,.F.);
#1983 = PLANE('',#1984);
#1984 = AXIS2_PLACEMENT_3D('',#1985,#1986,#1987);
#1985 = CARTESIAN_POINT('',(28.541563670734,2.57639929769,
    44.642068699039));
#1986 = DIRECTION('',(-0.707106919129,-7.723779016706E-08,0.707106643244
    ));
#1987 = DIRECTION('',(-0.707106643244,3.817917196543E-24,-0.707106919129
    ));
#1988 = ADVANCED_FACE('',(#1989),#1999,.T.);
#1989 = FACE_BOUND('',#1990,.T.);
#1990 = EDGE_LOOP('',(#1991,#1997,#1998));
#1991 = ORIENTED_EDGE('',*,*,#1992,.T.);
#1992 = EDGE_CURVE('',#273,#1772,#1993,.T.);
#1993 = LINE('',#1994,#1995);
#1994 = CARTESIAN_POINT('',(26.123296737671,-1.081559538841,
    42.22380065918));
#1995 = VECTOR('',#1996,1.);
#1996 = DIRECTION('',(0.58269315186,-0.566513057653,0.582693441085));
#1997 = ORIENTED_EDGE('',*,*,#1903,.F.);
#1998 = ORIENTED_EDGE('',*,*,#280,.T.);
#1999 = PLANE('',#2000);
#2000 = AXIS2_PLACEMENT_3D('',#2001,#2002,#2003);
#2001 = CARTESIAN_POINT('',(28.541563670734,-2.57639929769,
    44.642068699039));
#2002 = DIRECTION('',(-0.707106919129,7.723778986439E-08,0.707106643244)
  );
#2003 = DIRECTION('',(-0.707106643244,-2.670672077485E-25,
    -0.707106919129));
#2004 = ADVANCED_FACE('',(#2005),#2020,.T.);
#2005 = FACE_BOUND('',#2006,.T.);
#2006 = EDGE_LOOP('',(#2007,#2013,#2019));
#2007 = ORIENTED_EDGE('',*,*,#2008,.T.);
#2008 = EDGE_CURVE('',#1772,#860,#2009,.T.);
#2009 = LINE('',#2010,#2011);
#2010 = CARTESIAN_POINT('',(29.965976715088,-4.817536830902,
    46.066482543945));
#2011 = VECTOR('',#2012,1.);
#2012 = DIRECTION('',(-0.641088821544,0.421912604438,-0.641088821544));
#2013 = ORIENTED_EDGE('',*,*,#2014,.F.);
#2014 = EDGE_CURVE('',#1881,#860,#2015,.T.);
#2015 = LINE('',#2016,#2017);
#2016 = CARTESIAN_POINT('',(28.924139022827,-6.845470905304,
    45.024642944336));
#2017 = VECTOR('',#2018,1.);
#2018 = DIRECTION('',(-0.481843107783,0.731884362394,-0.481842816243));
#2019 = ORIENTED_EDGE('',*,*,#1880,.F.);
#2020 = PLANE('',#2021);
#2021 = AXIS2_PLACEMENT_3D('',#2022,#2023,#2024);
#2022 = CARTESIAN_POINT('',(27.903695780615,-4.247775722279,
    44.004201055973));
#2023 = DIRECTION('',(-0.707106944735,-4.970169813295E-07,0.707106617638
    ));
#2024 = DIRECTION('',(-0.707106617638,3.720463435436E-24,-0.707106944735
    ));
#2025 = ADVANCED_FACE('',(#2026),#2036,.T.);
#2026 = FACE_BOUND('',#2027,.T.);
#2027 = EDGE_LOOP('',(#2028,#2029,#2035));
#2028 = ORIENTED_EDGE('',*,*,#1992,.F.);
#2029 = ORIENTED_EDGE('',*,*,#2030,.F.);
#2030 = EDGE_CURVE('',#860,#273,#2031,.T.);
#2031 = LINE('',#2032,#2033);
#2032 = CARTESIAN_POINT('',(25.771766662598,-2.057248353958,
    41.872272491455));
#2033 = VECTOR('',#2034,1.);
#2034 = DIRECTION('',(0.321020103307,0.891006905053,0.321018361501));
#2035 = ORIENTED_EDGE('',*,*,#2008,.F.);
#2036 = PLANE('',#2037);
#2037 = AXIS2_PLACEMENT_3D('',#2038,#2039,#2040);
#2038 = CARTESIAN_POINT('',(27.802484232728,-3.067614187294,
    43.902989546305));
#2039 = DIRECTION('',(-0.707106413507,1.11736379867E-06,0.707107148865)
  );
#2040 = DIRECTION('',(0.707107148866,3.971488574199E-23,0.707106413507)
  );
#2041 = ADVANCED_FACE('',(#2042),#2052,.T.);
#2042 = FACE_BOUND('',#2043,.T.);
#2043 = EDGE_LOOP('',(#2044,#2045,#2046));
#2044 = ORIENTED_EDGE('',*,*,#1939,.F.);
#2045 = ORIENTED_EDGE('',*,*,#257,.F.);
#2046 = ORIENTED_EDGE('',*,*,#2047,.F.);
#2047 = EDGE_CURVE('',#1842,#250,#2048,.T.);
#2048 = LINE('',#2049,#2050);
#2049 = CARTESIAN_POINT('',(30.618469238281,2.486898899078,
    46.718975067139));
#2050 = VECTOR('',#2051,1.);
#2051 = DIRECTION('',(8.862406468376E-02,-0.992114754042,
    8.862330377276E-02));
#2052 = PLANE('',#2053);
#2053 = AXIS2_PLACEMENT_3D('',#2054,#2055,#2056);
#2054 = CARTESIAN_POINT('',(28.845042379254,0.727781332117,
    44.945547660096));
#2055 = DIRECTION('',(-0.707106634467,-5.161093859559E-07,0.707106927906
    ));
#2056 = DIRECTION('',(0.707106927906,1.034983768172E-23,0.707106634467)
  );
#2057 = ADVANCED_FACE('',(#2058),#2064,.T.);
#2058 = FACE_BOUND('',#2059,.T.);
#2059 = EDGE_LOOP('',(#2060,#2061,#2062,#2063));
#2060 = ORIENTED_EDGE('',*,*,#2030,.T.);
#2061 = ORIENTED_EDGE('',*,*,#1736,.T.);
#2062 = ORIENTED_EDGE('',*,*,#457,.F.);
#2063 = ORIENTED_EDGE('',*,*,#867,.F.);
#2064 = PLANE('',#2065);
#2065 = AXIS2_PLACEMENT_3D('',#2066,#2067,#2068);
#2066 = CARTESIAN_POINT('',(33.548929680823,-1.569403975519,
    34.44663952732));
#2067 = DIRECTION('',(-0.630036985125,0.453989752248,-0.63003706417));
#2068 = DIRECTION('',(-0.707106825543,-2.260544238859E-17,0.70710673683)
  );
#2069 = ADVANCED_FACE('',(#2070),#2095,.T.);
#2070 = FACE_BOUND('',#2071,.T.);
#2071 = EDGE_LOOP('',(#2072,#2080,#2081,#2089));
#2072 = ORIENTED_EDGE('',*,*,#2073,.T.);
#2073 = EDGE_CURVE('',#2074,#131,#2076,.T.);
#2074 = VERTEX_POINT('',#2075);
#2075 = CARTESIAN_POINT('',(23.769552230835,-3.5,39.870056152344));
#2076 = LINE('',#2077,#2078);
#2077 = CARTESIAN_POINT('',(23.769552230835,-3.5,39.870056152344));
#2078 = VECTOR('',#2079,1.);
#2079 = DIRECTION('',(0.698401136699,0.156434345699,0.698401136699));
#2080 = ORIENTED_EDGE('',*,*,#225,.T.);
#2081 = ORIENTED_EDGE('',*,*,#2082,.F.);
#2082 = EDGE_CURVE('',#2083,#218,#2085,.T.);
#2083 = VERTEX_POINT('',#2084);
#2084 = CARTESIAN_POINT('',(38.972347259521,-3.5,24.667261123657));
#2085 = LINE('',#2086,#2087);
#2086 = CARTESIAN_POINT('',(38.972347259521,-3.5,24.667261123657));
#2087 = VECTOR('',#2088,1.);
#2088 = DIRECTION('',(0.698401136699,0.156434345699,0.698401136699));
#2089 = ORIENTED_EDGE('',*,*,#2090,.F.);
#2090 = EDGE_CURVE('',#2074,#2083,#2091,.T.);
#2091 = LINE('',#2092,#2093);
#2092 = CARTESIAN_POINT('',(23.769552230835,-3.5,39.870056152344));
#2093 = VECTOR('',#2094,1.);
#2094 = DIRECTION('',(0.707106781187,0.,-0.707106781187));
#2095 = PLANE('',#2096);
#2096 = AXIS2_PLACEMENT_3D('',#2097,#2098,#2099);
#2097 = CARTESIAN_POINT('',(31.753338813782,-3.414348959923,
    32.651047706604));
#2098 = DIRECTION('',(-0.110615786654,0.987688359497,-0.110615786654));
#2099 = DIRECTION('',(-5.47719758053E-19,0.111298800236,0.993786987773)
  );
#2100 = ADVANCED_FACE('',(#2101),#2126,.T.);
#2101 = FACE_BOUND('',#2102,.T.);
#2102 = EDGE_LOOP('',(#2103,#2111,#2112,#2120));
#2103 = ORIENTED_EDGE('',*,*,#2104,.T.);
#2104 = EDGE_CURVE('',#2105,#2074,#2107,.T.);
#2105 = VERTEX_POINT('',#2106);
#2106 = CARTESIAN_POINT('',(23.004774093628,-3.328697919846,
    39.105278015137));
#2107 = LINE('',#2108,#2109);
#2108 = CARTESIAN_POINT('',(23.004774093628,-3.328697919846,
    39.105278015137));
#2109 = VECTOR('',#2110,1.);
#2110 = DIRECTION('',(0.698401136699,-0.156434345699,0.698401136699));
#2111 = ORIENTED_EDGE('',*,*,#2090,.T.);
#2112 = ORIENTED_EDGE('',*,*,#2113,.F.);
#2113 = EDGE_CURVE('',#2114,#2083,#2116,.T.);
#2114 = VERTEX_POINT('',#2115);
#2115 = CARTESIAN_POINT('',(38.207569122314,-3.328697919846,
    23.90248298645));
#2116 = LINE('',#2117,#2118);
#2117 = CARTESIAN_POINT('',(38.207569122314,-3.328697919846,
    23.90248298645));
#2118 = VECTOR('',#2119,1.);
#2119 = DIRECTION('',(0.698401136699,-0.156434345699,0.698401136699));
#2120 = ORIENTED_EDGE('',*,*,#2121,.F.);
#2121 = EDGE_CURVE('',#2105,#2114,#2122,.T.);
#2122 = LINE('',#2123,#2124);
#2123 = CARTESIAN_POINT('',(23.004774093628,-3.328697919846,
    39.105278015137));
#2124 = VECTOR('',#2125,1.);
#2125 = DIRECTION('',(0.707106781187,0.,-0.707106781187));
#2126 = PLANE('',#2127);
#2127 = AXIS2_PLACEMENT_3D('',#2128,#2129,#2130);
#2128 = CARTESIAN_POINT('',(30.988560676575,-3.414348959923,
    31.886269569397));
#2129 = DIRECTION('',(0.110615786654,0.987688359497,0.110615786654));
#2130 = DIRECTION('',(-9.278302387772E-19,-0.111298800236,0.993786987773
    ));
#2131 = ADVANCED_FACE('',(#2132),#2158,.T.);
#2132 = FACE_BOUND('',#2133,.T.);
#2133 = EDGE_LOOP('',(#2134,#2144,#2152));
#2134 = ORIENTED_EDGE('',*,*,#2135,.T.);
#2135 = EDGE_CURVE('',#2136,#2138,#2140,.T.);
#2136 = VERTEX_POINT('',#2137);
#2137 = CARTESIAN_POINT('',(21.767337799072,2.057248353958,
    37.86784362793));
#2138 = VERTEX_POINT('',#2139);
#2139 = CARTESIAN_POINT('',(17.195039749146,3.681245565414,
    33.295543670654));
#2140 = LINE('',#2141,#2142);
#2141 = CARTESIAN_POINT('',(21.767337799072,2.057248353958,
    37.86784362793));
#2142 = VECTOR('',#2143,1.);
#2143 = DIRECTION('',(-0.685807992288,0.243586541146,-0.685808278375));
#2144 = ORIENTED_EDGE('',*,*,#2145,.T.);
#2145 = EDGE_CURVE('',#2138,#2146,#2148,.T.);
#2146 = VERTEX_POINT('',#2147);
#2147 = CARTESIAN_POINT('',(21.415807723999,1.081559538841,
    37.516311645508));
#2148 = LINE('',#2149,#2150);
#2149 = CARTESIAN_POINT('',(17.195039749146,3.681245565414,
    33.295543670654));
#2150 = VECTOR('',#2151,1.);
#2151 = DIRECTION('',(0.64829002519,-0.399299494712,0.64829002519));
#2152 = ORIENTED_EDGE('',*,*,#2153,.F.);
#2153 = EDGE_CURVE('',#2136,#2146,#2154,.T.);
#2154 = LINE('',#2155,#2156);
#2155 = CARTESIAN_POINT('',(21.767337799072,2.057248353958,
    37.86784362793));
#2156 = VECTOR('',#2157,1.);
#2157 = DIRECTION('',(-0.321019744308,-0.891005908633,-0.321021486112));
#2158 = PLANE('',#2159);
#2159 = AXIS2_PLACEMENT_3D('',#2160,#2161,#2162);
#2160 = CARTESIAN_POINT('',(19.562926745442,2.546984437757,
    35.663431185598));
#2161 = DIRECTION('',(-0.707107129574,-1.131263179248E-06,0.707106432798
    ));
#2162 = DIRECTION('',(-0.707106432799,-3.453841215922E-24,
    -0.707107129574));
#2163 = ADVANCED_FACE('',(#2164),#2181,.T.);
#2164 = FACE_BOUND('',#2165,.T.);
#2165 = EDGE_LOOP('',(#2166,#2174,#2175));
#2166 = ORIENTED_EDGE('',*,*,#2167,.F.);
#2167 = EDGE_CURVE('',#2146,#2168,#2170,.T.);
#2168 = VERTEX_POINT('',#2169);
#2169 = CARTESIAN_POINT('',(16.754241943359,1.25333237648,
    32.854747772217));
#2170 = LINE('',#2171,#2172);
#2171 = CARTESIAN_POINT('',(21.415807723999,1.081559538841,
    37.516311645508));
#2172 = VECTOR('',#2173,1.);
#2173 = DIRECTION('',(-0.706867015183,2.604716070628E-02,-0.706866725958
    ));
#2174 = ORIENTED_EDGE('',*,*,#2145,.F.);
#2175 = ORIENTED_EDGE('',*,*,#2176,.F.);
#2176 = EDGE_CURVE('',#2168,#2138,#2177,.T.);
#2177 = LINE('',#2178,#2179);
#2178 = CARTESIAN_POINT('',(16.754241943359,1.25333237648,
    32.854747772217));
#2179 = VECTOR('',#2180,1.);
#2180 = DIRECTION('',(0.175850350732,0.968583282897,0.175849589821));
#2181 = PLANE('',#2182);
#2182 = AXIS2_PLACEMENT_3D('',#2183,#2184,#2185);
#2183 = CARTESIAN_POINT('',(18.838093007398,1.8824024075,34.938597484872
    ));
#2184 = DIRECTION('',(-0.707106627319,4.996270151663E-07,0.707106935053)
  );
#2185 = DIRECTION('',(0.707106935053,-4.115732782961E-23,0.70710662732)
  );
#2186 = ADVANCED_FACE('',(#2187),#2213,.T.);
#2187 = FACE_BOUND('',#2188,.T.);
#2188 = EDGE_LOOP('',(#2189,#2199,#2207));
#2189 = ORIENTED_EDGE('',*,*,#2190,.T.);
#2190 = EDGE_CURVE('',#2191,#2193,#2195,.T.);
#2191 = VERTEX_POINT('',#2192);
#2192 = CARTESIAN_POINT('',(12.245292663574,3.681245565414,
    38.245292663574));
#2193 = VERTEX_POINT('',#2194);
#2194 = CARTESIAN_POINT('',(0.,13.,26.));
#2195 = LINE('',#2196,#2197);
#2196 = CARTESIAN_POINT('',(12.245292663574,3.681245565414,
    38.245292663574));
#2197 = VECTOR('',#2198,1.);
#2198 = DIRECTION('',(-0.62267758691,0.47386205326,-0.62267758691));
#2199 = ORIENTED_EDGE('',*,*,#2200,.T.);
#2200 = EDGE_CURVE('',#2193,#2201,#2203,.T.);
#2201 = VERTEX_POINT('',#2202);
#2202 = CARTESIAN_POINT('',(11.804494857788,1.25333237648,
    37.804492950439));
#2203 = LINE('',#2204,#2205);
#2204 = CARTESIAN_POINT('',(0.,13.,26.));
#2205 = VECTOR('',#2206,1.);
#2206 = DIRECTION('',(0.578293059704,-0.575460148288,0.578292966264));
#2207 = ORIENTED_EDGE('',*,*,#2208,.T.);
#2208 = EDGE_CURVE('',#2201,#2191,#2209,.T.);
#2209 = LINE('',#2210,#2211);
#2210 = CARTESIAN_POINT('',(11.804494857788,1.25333237648,
    37.804492950439));
#2211 = VECTOR('',#2212,1.);
#2212 = DIRECTION('',(0.175850303673,0.968583023691,0.175851064583));
#2213 = PLANE('',#2214);
#2214 = AXIS2_PLACEMENT_3D('',#2215,#2216,#2217);
#2215 = CARTESIAN_POINT('',(6.364423133692,7.413003103811,
    32.364422620421));
#2216 = DIRECTION('',(-0.707106966897,-4.880642091558E-07,0.707106595476
    ));
#2217 = DIRECTION('',(-0.707106595476,-1.94090909622E-23,-0.707106966897
    ));
#2218 = ADVANCED_FACE('',(#2219),#2236,.T.);
#2219 = FACE_BOUND('',#2220,.T.);
#2220 = EDGE_LOOP('',(#2221,#2222,#2230));
#2221 = ORIENTED_EDGE('',*,*,#2190,.F.);
#2222 = ORIENTED_EDGE('',*,*,#2223,.T.);
#2223 = EDGE_CURVE('',#2191,#2224,#2226,.T.);
#2224 = VERTEX_POINT('',#2225);
#2225 = CARTESIAN_POINT('',(13.099190711975,5.87785243988,
    39.099189758301));
#2226 = LINE('',#2227,#2228);
#2227 = CARTESIAN_POINT('',(12.245292663574,3.681245565414,
    38.245292663574));
#2228 = VECTOR('',#2229,1.);
#2229 = DIRECTION('',(0.34065119374,0.876306902639,0.340650813284));
#2230 = ORIENTED_EDGE('',*,*,#2231,.F.);
#2231 = EDGE_CURVE('',#2193,#2224,#2232,.T.);
#2232 = LINE('',#2233,#2234);
#2233 = CARTESIAN_POINT('',(0.,13.,26.));
#2234 = VECTOR('',#2235,1.);
#2235 = DIRECTION('',(0.660009316445,-0.358852989176,0.660009268394));
#2236 = PLANE('',#2237);
#2237 = AXIS2_PLACEMENT_3D('',#2238,#2239,#2240);
#2238 = CARTESIAN_POINT('',(6.715025319336,8.646949276299,
    32.715025065665));
#2239 = DIRECTION('',(-0.707106691041,2.369107324112E-07,0.707106871332)
  );
#2240 = DIRECTION('',(0.707106871332,4.444210550592E-25,0.707106691041)
  );
#2241 = ADVANCED_FACE('',(#2242),#2259,.T.);
#2242 = FACE_BOUND('',#2243,.T.);
#2243 = EDGE_LOOP('',(#2244,#2252,#2253));
#2244 = ORIENTED_EDGE('',*,*,#2245,.T.);
#2245 = EDGE_CURVE('',#2246,#2193,#2248,.T.);
#2246 = VERTEX_POINT('',#2247);
#2247 = CARTESIAN_POINT('',(14.312537193298,7.705132484436,
    40.312538146973));
#2248 = LINE('',#2249,#2250);
#2249 = CARTESIAN_POINT('',(14.312537193298,7.705132484436,
    40.312538146973));
#2250 = VECTOR('',#2251,1.);
#2251 = DIRECTION('',(-0.684087947199,0.253075677673,-0.684087992781));
#2252 = ORIENTED_EDGE('',*,*,#2231,.T.);
#2253 = ORIENTED_EDGE('',*,*,#2254,.T.);
#2254 = EDGE_CURVE('',#2224,#2246,#2255,.T.);
#2255 = LINE('',#2256,#2257);
#2256 = CARTESIAN_POINT('',(13.099190711975,5.87785243988,
    39.099189758301));
#2257 = VECTOR('',#2258,1.);
#2258 = DIRECTION('',(0.484047853116,0.728968185282,0.484048614026));
#2259 = PLANE('',#2260);
#2260 = AXIS2_PLACEMENT_3D('',#2261,#2262,#2263);
#2261 = CARTESIAN_POINT('',(7.257411225115,9.727286758838,
    33.257411236961));
#2262 = DIRECTION('',(-0.707106909702,-5.674183328136E-07,0.707106652671
    ));
#2263 = DIRECTION('',(-0.707106652671,-2.644734999965E-23,
    -0.707106909702));
#2264 = ADVANCED_FACE('',(#2265),#2282,.T.);
#2265 = FACE_BOUND('',#2266,.T.);
#2266 = EDGE_LOOP('',(#2267,#2268,#2276));
#2267 = ORIENTED_EDGE('',*,*,#2245,.F.);
#2268 = ORIENTED_EDGE('',*,*,#2269,.T.);
#2269 = EDGE_CURVE('',#2246,#2270,#2272,.T.);
#2270 = VERTEX_POINT('',#2271);
#2271 = CARTESIAN_POINT('',(15.809090614319,9.048270225525,
    41.809089660645));
#2272 = LINE('',#2273,#2274);
#2273 = CARTESIAN_POINT('',(14.312537193298,7.705132484436,
    40.312538146973));
#2274 = VECTOR('',#2275,1.);
#2275 = DIRECTION('',(0.597030250509,0.535827088273,0.597029489598));
#2276 = ORIENTED_EDGE('',*,*,#2277,.F.);
#2277 = EDGE_CURVE('',#2193,#2270,#2278,.T.);
#2278 = LINE('',#2279,#2280);
#2279 = CARTESIAN_POINT('',(0.,13.,26.));
#2280 = VECTOR('',#2281,1.);
#2281 = DIRECTION('',(0.696313542321,-0.174054474396,0.696313500316));
#2282 = PLANE('',#2283);
#2283 = AXIS2_PLACEMENT_3D('',#2284,#2285,#2286);
#2284 = CARTESIAN_POINT('',(7.954029753884,10.575715060577,
    33.954029735466));
#2285 = DIRECTION('',(-0.707106666344,7.48220463896E-07,0.707106896029)
  );
#2286 = DIRECTION('',(0.707106896029,-6.810981872914E-24,0.707106666344)
  );
#2287 = ADVANCED_FACE('',(#2288),#2305,.T.);
#2288 = FACE_BOUND('',#2289,.T.);
#2289 = EDGE_LOOP('',(#2290,#2298,#2304));
#2290 = ORIENTED_EDGE('',*,*,#2291,.T.);
#2291 = EDGE_CURVE('',#2270,#2292,#2294,.T.);
#2292 = VERTEX_POINT('',#2293);
#2293 = CARTESIAN_POINT('',(18.819805145264,13.,44.819805145264));
#2294 = LINE('',#2295,#2296);
#2295 = CARTESIAN_POINT('',(15.809090614319,9.048270225525,
    41.809089660645));
#2296 = VECTOR('',#2297,1.);
#2297 = DIRECTION('',(0.518280661569,0.680272108434,0.51828082574));
#2298 = ORIENTED_EDGE('',*,*,#2299,.F.);
#2299 = EDGE_CURVE('',#2193,#2292,#2300,.T.);
#2300 = LINE('',#2301,#2302);
#2301 = CARTESIAN_POINT('',(0.,13.,26.));
#2302 = VECTOR('',#2303,1.);
#2303 = DIRECTION('',(0.707106781187,0.,0.707106781187));
#2304 = ORIENTED_EDGE('',*,*,#2277,.T.);
#2305 = PLANE('',#2306);
#2306 = AXIS2_PLACEMENT_3D('',#2307,#2308,#2309);
#2307 = CARTESIAN_POINT('',(9.622864831754,11.978057770343,
    35.622864585128));
#2308 = DIRECTION('',(-0.707106781187,-1.706466825872E-07,0.707106781187
    ));
#2309 = DIRECTION('',(0.707106781187,1.859750342112E-23,0.707106781187)
  );
#2310 = ADVANCED_FACE('',(#2311),#2328,.T.);
#2311 = FACE_BOUND('',#2312,.T.);
#2312 = EDGE_LOOP('',(#2313,#2314,#2322));
#2313 = ORIENTED_EDGE('',*,*,#2291,.F.);
#2314 = ORIENTED_EDGE('',*,*,#2315,.T.);
#2315 = EDGE_CURVE('',#2270,#2316,#2318,.T.);
#2316 = VERTEX_POINT('',#2317);
#2317 = CARTESIAN_POINT('',(17.494819641113,9.822872161865,
    43.494819641113));
#2318 = LINE('',#2319,#2320);
#2319 = CARTESIAN_POINT('',(15.809090614319,9.048270225525,
    41.809089660645));
#2320 = VECTOR('',#2321,1.);
#2321 = DIRECTION('',(0.672498372895,0.309016771706,0.67249875335));
#2322 = ORIENTED_EDGE('',*,*,#2323,.F.);
#2323 = EDGE_CURVE('',#2292,#2316,#2324,.T.);
#2324 = LINE('',#2325,#2326);
#2325 = CARTESIAN_POINT('',(18.819805145264,13.,44.819805145264));
#2326 = VECTOR('',#2327,1.);
#2327 = DIRECTION('',(-0.359216961269,-0.861351466867,-0.359216961269));
#2328 = PLANE('',#2329);
#2329 = AXIS2_PLACEMENT_3D('',#2330,#2331,#2332);
#2330 = CARTESIAN_POINT('',(17.435095987581,10.811424963469,
    43.435095657262));
#2331 = DIRECTION('',(-0.70710702862,2.063784322543E-07,0.707106533753)
  );
#2332 = DIRECTION('',(-0.707106533753,-6.76588941847E-25,-0.70710702862)
  );
#2333 = ADVANCED_FACE('',(#2334),#2349,.T.);
#2334 = FACE_BOUND('',#2335,.T.);
#2335 = EDGE_LOOP('',(#2336,#2342,#2343));
#2336 = ORIENTED_EDGE('',*,*,#2337,.T.);
#2337 = EDGE_CURVE('',#2168,#2191,#2338,.T.);
#2338 = LINE('',#2339,#2340);
#2339 = CARTESIAN_POINT('',(16.754241943359,1.25333237648,
    32.854747772217));
#2340 = VECTOR('',#2341,1.);
#2341 = DIRECTION('',(-0.606426447642,0.326539661235,0.724995733257));
#2342 = ORIENTED_EDGE('',*,*,#2208,.F.);
#2343 = ORIENTED_EDGE('',*,*,#2344,.T.);
#2344 = EDGE_CURVE('',#2201,#2168,#2345,.T.);
#2345 = LINE('',#2346,#2347);
#2346 = CARTESIAN_POINT('',(11.804494857788,1.25333237648,
    37.804492950439));
#2347 = VECTOR('',#2348,1.);
#2348 = DIRECTION('',(0.707106917426,0.,-0.707106644947));
#2349 = PLANE('',#2350);
#2350 = AXIS2_PLACEMENT_3D('',#2351,#2352,#2353);
#2351 = CARTESIAN_POINT('',(14.042530983807,1.965711627839,
    35.825129068653));
#2352 = DIRECTION('',(0.684891492235,-0.248690422447,0.684891756153));
#2353 = DIRECTION('',(0.707106917426,-2.032631873973E-17,-0.707106644947
    ));
#2354 = ADVANCED_FACE('',(#2355),#2370,.T.);
#2355 = FACE_BOUND('',#2356,.T.);
#2356 = EDGE_LOOP('',(#2357,#2363,#2364));
#2357 = ORIENTED_EDGE('',*,*,#2358,.T.);
#2358 = EDGE_CURVE('',#2138,#2224,#2359,.T.);
#2359 = LINE('',#2360,#2361);
#2360 = CARTESIAN_POINT('',(17.195039749146,3.681245565414,
    33.295543670654));
#2361 = VECTOR('',#2362,1.);
#2362 = DIRECTION('',(-0.550866916361,0.295430335546,0.780555287791));
#2363 = ORIENTED_EDGE('',*,*,#2223,.F.);
#2364 = ORIENTED_EDGE('',*,*,#2365,.T.);
#2365 = EDGE_CURVE('',#2191,#2138,#2366,.T.);
#2366 = LINE('',#2367,#2368);
#2367 = CARTESIAN_POINT('',(12.245292663574,3.681245565414,
    38.245292663574));
#2368 = VECTOR('',#2369,1.);
#2369 = DIRECTION('',(0.707106644947,0.,-0.707106917426));
#2370 = PLANE('',#2371);
#2371 = AXIS2_PLACEMENT_3D('',#2372,#2373,#2374);
#2372 = CARTESIAN_POINT('',(14.604537589727,4.325756614441,
    36.387134694361));
#2373 = DIRECTION('',(0.619642672644,-0.481753269203,0.619642433869));
#2374 = DIRECTION('',(-0.707106644947,2.692599506639E-17,0.707106917426)
  );
#2375 = ADVANCED_FACE('',(#2376),#2393,.T.);
#2376 = FACE_BOUND('',#2377,.T.);
#2377 = EDGE_LOOP('',(#2378,#2386,#2387));
#2378 = ORIENTED_EDGE('',*,*,#2379,.T.);
#2379 = EDGE_CURVE('',#2380,#2246,#2382,.T.);
#2380 = VERTEX_POINT('',#2381);
#2381 = CARTESIAN_POINT('',(18.048938751221,5.87785243988,
    34.149444580078));
#2382 = LINE('',#2383,#2384);
#2383 = CARTESIAN_POINT('',(18.048938751221,5.87785243988,
    34.149444580078));
#2384 = VECTOR('',#2385,1.);
#2385 = DIRECTION('',(-0.502523394674,0.245758106235,0.828898782135));
#2386 = ORIENTED_EDGE('',*,*,#2254,.F.);
#2387 = ORIENTED_EDGE('',*,*,#2388,.T.);
#2388 = EDGE_CURVE('',#2224,#2380,#2389,.T.);
#2389 = LINE('',#2390,#2391);
#2390 = CARTESIAN_POINT('',(13.099190711975,5.87785243988,
    39.099189758301));
#2391 = VECTOR('',#2392,1.);
#2392 = DIRECTION('',(0.707106985545,0.,-0.707106576828));
#2393 = PLANE('',#2394);
#2394 = AXIS2_PLACEMENT_3D('',#2395,#2396,#2397);
#2395 = CARTESIAN_POINT('',(15.56390229764,6.413998648802,
    37.346501206997));
#2396 = DIRECTION('',(0.515458198111,-0.684547576759,0.515458496053));
#2397 = DIRECTION('',(-1.272888311191E-17,-0.601528344639,
    -0.798851457153));
#2398 = ADVANCED_FACE('',(#2399),#2416,.T.);
#2399 = FACE_BOUND('',#2400,.T.);
#2400 = EDGE_LOOP('',(#2401,#2409,#2410));
#2401 = ORIENTED_EDGE('',*,*,#2402,.T.);
#2402 = EDGE_CURVE('',#2403,#2270,#2405,.T.);
#2403 = VERTEX_POINT('',#2404);
#2404 = CARTESIAN_POINT('',(19.262285232544,7.705132484436,
    35.362789154053));
#2405 = LINE('',#2406,#2407);
#2406 = CARTESIAN_POINT('',(19.262285232544,7.705132484436,
    35.362789154053));
#2407 = VECTOR('',#2408,1.);
#2408 = DIRECTION('',(-0.464433813194,0.180643911422,0.866988471912));
#2409 = ORIENTED_EDGE('',*,*,#2269,.F.);
#2410 = ORIENTED_EDGE('',*,*,#2411,.T.);
#2411 = EDGE_CURVE('',#2246,#2403,#2412,.T.);
#2412 = LINE('',#2413,#2414);
#2413 = CARTESIAN_POINT('',(14.312537193298,7.705132484436,
    40.312538146973));
#2414 = VECTOR('',#2415,1.);
#2415 = DIRECTION('',(0.707106713067,0.,-0.707106849306));
#2416 = PLANE('',#2417);
#2417 = AXIS2_PLACEMENT_3D('',#2418,#2419,#2420);
#2418 = CARTESIAN_POINT('',(16.860345505005,8.099225313921,
    38.642942553794));
#2419 = DIRECTION('',(0.378887004162,-0.844327739372,0.378886931161));
#2420 = DIRECTION('',(-0.912349831837,-0.409411509788,
    -2.900461486698E-18));
#2421 = ADVANCED_FACE('',(#2422),#2439,.T.);
#2422 = FACE_BOUND('',#2423,.T.);
#2423 = EDGE_LOOP('',(#2424,#2432,#2433));
#2424 = ORIENTED_EDGE('',*,*,#2425,.T.);
#2425 = EDGE_CURVE('',#2426,#2316,#2428,.T.);
#2426 = VERTEX_POINT('',#2427);
#2427 = CARTESIAN_POINT('',(20.758838653564,9.048270225525,
    36.859344482422));
#2428 = LINE('',#2429,#2430);
#2429 = CARTESIAN_POINT('',(20.758838653564,9.048270225525,
    36.859344482422));
#2430 = VECTOR('',#2431,1.);
#2431 = DIRECTION('',(-0.438990850763,0.104179283803,0.892431347372));
#2432 = ORIENTED_EDGE('',*,*,#2315,.F.);
#2433 = ORIENTED_EDGE('',*,*,#2434,.T.);
#2434 = EDGE_CURVE('',#2270,#2426,#2435,.T.);
#2435 = LINE('',#2436,#2437);
#2436 = CARTESIAN_POINT('',(15.809090614319,9.048270225525,
    41.809089660645));
#2437 = VECTOR('',#2438,1.);
#2438 = DIRECTION('',(0.707106985545,0.,-0.707106576828));
#2439 = PLANE('',#2440);
#2440 = AXIS2_PLACEMENT_3D('',#2441,#2442,#2443);
#2441 = CARTESIAN_POINT('',(18.412404959782,9.275547854617,
    40.195003611593));
#2442 = DIRECTION('',(0.218507791623,-0.951056588645,0.218507917924));
#2443 = DIRECTION('',(2.626096249168E-19,-0.223918871824,-0.974607787185
    ));
#2444 = ADVANCED_FACE('',(#2445),#2462,.T.);
#2445 = FACE_BOUND('',#2446,.T.);
#2446 = EDGE_LOOP('',(#2447,#2448,#2456));
#2447 = ORIENTED_EDGE('',*,*,#2425,.F.);
#2448 = ORIENTED_EDGE('',*,*,#2449,.T.);
#2449 = EDGE_CURVE('',#2426,#2450,#2452,.T.);
#2450 = VERTEX_POINT('',#2451);
#2451 = CARTESIAN_POINT('',(22.444566726685,9.822872161865,
    38.545070648193));
#2452 = LINE('',#2453,#2454);
#2453 = CARTESIAN_POINT('',(20.758838653564,9.048270225525,
    36.859344482422));
#2454 = VECTOR('',#2455,1.);
#2455 = DIRECTION('',(0.672498852753,0.309017167024,0.672498091841));
#2456 = ORIENTED_EDGE('',*,*,#2457,.F.);
#2457 = EDGE_CURVE('',#2316,#2450,#2458,.T.);
#2458 = LINE('',#2459,#2460);
#2459 = CARTESIAN_POINT('',(17.494819641113,9.822872161865,
    43.494819641113));
#2460 = VECTOR('',#2461,1.);
#2461 = DIRECTION('',(0.707106644947,0.,-0.707106917426));
#2462 = PLANE('',#2463);
#2463 = AXIS2_PLACEMENT_3D('',#2464,#2465,#2466);
#2464 = CARTESIAN_POINT('',(19.841252749451,9.595594590201,40.1591600095
    ));
#2465 = DIRECTION('',(0.218508176406,-0.951056460198,0.218508092206));
#2466 = DIRECTION('',(-0.974607722779,-0.223919152152,
    -5.191483157803E-18));
#2467 = ADVANCED_FACE('',(#2468),#2478,.T.);
#2468 = FACE_BOUND('',#2469,.T.);
#2469 = EDGE_LOOP('',(#2470,#2471,#2477));
#2470 = ORIENTED_EDGE('',*,*,#2402,.F.);
#2471 = ORIENTED_EDGE('',*,*,#2472,.T.);
#2472 = EDGE_CURVE('',#2403,#2426,#2473,.T.);
#2473 = LINE('',#2474,#2475);
#2474 = CARTESIAN_POINT('',(19.262285232544,7.705132484436,
    35.362789154053));
#2475 = VECTOR('',#2476,1.);
#2476 = DIRECTION('',(0.597029708064,0.535826601435,0.597030468975));
#2477 = ORIENTED_EDGE('',*,*,#2434,.F.);
#2478 = PLANE('',#2479);
#2479 = AXIS2_PLACEMENT_3D('',#2480,#2481,#2482);
#2480 = CARTESIAN_POINT('',(18.211030572155,8.654177295994,
    38.528936877934));
#2481 = DIRECTION('',(0.378886513914,-0.844328048329,0.378886732916));
#2482 = DIRECTION('',(-1.587525551418E-17,-0.409411141117,
    -0.912349997276));
#2483 = ADVANCED_FACE('',(#2484),#2494,.T.);
#2484 = FACE_BOUND('',#2485,.T.);
#2485 = EDGE_LOOP('',(#2486,#2487,#2493));
#2486 = ORIENTED_EDGE('',*,*,#2379,.F.);
#2487 = ORIENTED_EDGE('',*,*,#2488,.T.);
#2488 = EDGE_CURVE('',#2380,#2403,#2489,.T.);
#2489 = LINE('',#2490,#2491);
#2490 = CARTESIAN_POINT('',(18.048938751221,5.87785243988,
    34.149444580078));
#2491 = VECTOR('',#2492,1.);
#2492 = DIRECTION('',(0.484048209682,0.728968722265,0.484047448771));
#2493 = ORIENTED_EDGE('',*,*,#2411,.F.);
#2494 = PLANE('',#2495);
#2495 = AXIS2_PLACEMENT_3D('',#2496,#2497,#2498);
#2496 = CARTESIAN_POINT('',(16.797573442754,7.16898640202,
    37.115480821908));
#2497 = DIRECTION('',(0.515458776444,-0.68454700493,0.51545867713));
#2498 = DIRECTION('',(-0.798851058461,-0.601528874116,
    -3.450645444299E-19));
#2499 = ADVANCED_FACE('',(#2500),#2510,.T.);
#2500 = FACE_BOUND('',#2501,.T.);
#2501 = EDGE_LOOP('',(#2502,#2503,#2509));
#2502 = ORIENTED_EDGE('',*,*,#2358,.F.);
#2503 = ORIENTED_EDGE('',*,*,#2504,.T.);
#2504 = EDGE_CURVE('',#2138,#2380,#2505,.T.);
#2505 = LINE('',#2506,#2507);
#2506 = CARTESIAN_POINT('',(17.195039749146,3.681245565414,
    33.295543670654));
#2507 = VECTOR('',#2508,1.);
#2508 = DIRECTION('',(0.340651353449,0.87630633478,0.340652114359));
#2509 = ORIENTED_EDGE('',*,*,#2388,.F.);
#2510 = PLANE('',#2511);
#2511 = AXIS2_PLACEMENT_3D('',#2512,#2513,#2514);
#2512 = CARTESIAN_POINT('',(15.689693338034,5.233341270384,
    36.007599512136));
#2513 = DIRECTION('',(0.619641972639,-0.481754302133,0.619642330801));
#2514 = DIRECTION('',(0.707106985545,-3.665313598582E-17,-0.707106576828
    ));
#2515 = ADVANCED_FACE('',(#2516),#2521,.T.);
#2516 = FACE_BOUND('',#2517,.T.);
#2517 = EDGE_LOOP('',(#2518,#2519,#2520));
#2518 = ORIENTED_EDGE('',*,*,#2337,.F.);
#2519 = ORIENTED_EDGE('',*,*,#2176,.T.);
#2520 = ORIENTED_EDGE('',*,*,#2365,.F.);
#2521 = PLANE('',#2522);
#2522 = AXIS2_PLACEMENT_3D('',#2523,#2524,#2525);
#2523 = CARTESIAN_POINT('',(14.95700350553,2.968866447337,
    35.274910462856));
#2524 = DIRECTION('',(0.684891939439,-0.248689412909,0.684891675521));
#2525 = DIRECTION('',(-0.707106644947,7.484863976523E-19,0.707106917426)
  );
#2526 = ADVANCED_FACE('',(#2527),#2544,.T.);
#2527 = FACE_BOUND('',#2528,.T.);
#2528 = EDGE_LOOP('',(#2529,#2537,#2538));
#2529 = ORIENTED_EDGE('',*,*,#2530,.T.);
#2530 = EDGE_CURVE('',#2531,#2426,#2533,.T.);
#2531 = VERTEX_POINT('',#2532);
#2532 = CARTESIAN_POINT('',(22.31485748291,2.831559419632,
    38.415363311768));
#2533 = LINE('',#2534,#2535);
#2534 = CARTESIAN_POINT('',(22.31485748291,2.831559419632,
    38.415363311768));
#2535 = VECTOR('',#2536,1.);
#2536 = DIRECTION('',(-0.235950407227,0.942684894681,-0.235950407227));
#2537 = ORIENTED_EDGE('',*,*,#2472,.F.);
#2538 = ORIENTED_EDGE('',*,*,#2539,.T.);
#2539 = EDGE_CURVE('',#2403,#2531,#2540,.T.);
#2540 = LINE('',#2541,#2542);
#2541 = CARTESIAN_POINT('',(19.262285232544,7.705132484436,
    35.362789154053));
#2542 = VECTOR('',#2543,1.);
#2543 = DIRECTION('',(0.468860741986,-0.748557903261,0.468861034946));
#2544 = PLANE('',#2545);
#2545 = AXIS2_PLACEMENT_3D('',#2546,#2547,#2548);
#2546 = CARTESIAN_POINT('',(20.979735034871,6.051103904765,
    37.080240312897));
#2547 = DIRECTION('',(-0.707107149133,-1.841913441187E-07,0.70710641324)
  );
#2548 = DIRECTION('',(-0.70710641324,-5.753888342952E-24,-0.707107149133
    ));
#2549 = ADVANCED_FACE('',(#2550),#2567,.T.);
#2550 = FACE_BOUND('',#2551,.T.);
#2551 = EDGE_LOOP('',(#2552,#2560,#2566));
#2552 = ORIENTED_EDGE('',*,*,#2553,.T.);
#2553 = EDGE_CURVE('',#2426,#2554,#2556,.T.);
#2554 = VERTEX_POINT('',#2555);
#2555 = CARTESIAN_POINT('',(23.004774093628,3.328697919846,
    39.105278015137));
#2556 = LINE('',#2557,#2558);
#2557 = CARTESIAN_POINT('',(20.758838653564,9.048270225525,
    36.859344482422));
#2558 = VECTOR('',#2559,1.);
#2559 = DIRECTION('',(0.343293425727,-0.874242213504,0.343293134187));
#2560 = ORIENTED_EDGE('',*,*,#2561,.F.);
#2561 = EDGE_CURVE('',#2450,#2554,#2562,.T.);
#2562 = LINE('',#2563,#2564);
#2563 = CARTESIAN_POINT('',(22.444566726685,9.822872161865,
    38.545070648193));
#2564 = VECTOR('',#2565,1.);
#2565 = DIRECTION('',(8.562823033564E-02,-0.992640726718,
    8.562823033564E-02));
#2566 = ORIENTED_EDGE('',*,*,#2449,.F.);
#2567 = PLANE('',#2568);
#2568 = AXIS2_PLACEMENT_3D('',#2569,#2570,#2571);
#2569 = CARTESIAN_POINT('',(22.190450311534,6.873045205627,
    38.290954786542));
#2570 = DIRECTION('',(-0.707106396404,6.638506338639E-08,0.707107165969)
  );
#2571 = DIRECTION('',(0.707107165969,3.477102522804E-24,0.707106396404)
  );
#2572 = ADVANCED_FACE('',(#2573),#2588,.T.);
#2573 = FACE_BOUND('',#2574,.T.);
#2574 = EDGE_LOOP('',(#2575,#2581,#2582));
#2575 = ORIENTED_EDGE('',*,*,#2576,.T.);
#2576 = EDGE_CURVE('',#2136,#2403,#2577,.T.);
#2577 = LINE('',#2578,#2579);
#2578 = CARTESIAN_POINT('',(21.767337799072,2.057248353958,
    37.86784362793));
#2579 = VECTOR('',#2580,1.);
#2580 = DIRECTION('',(-0.375737862036,0.847137475902,-0.375738148123));
#2581 = ORIENTED_EDGE('',*,*,#2488,.F.);
#2582 = ORIENTED_EDGE('',*,*,#2583,.T.);
#2583 = EDGE_CURVE('',#2380,#2136,#2584,.T.);
#2584 = LINE('',#2585,#2586);
#2585 = CARTESIAN_POINT('',(18.048938751221,5.87785243988,
    34.149444580078));
#2586 = VECTOR('',#2587,1.);
#2587 = DIRECTION('',(0.572061401865,-0.587785254147,0.572061401865));
#2588 = PLANE('',#2589);
#2589 = AXIS2_PLACEMENT_3D('',#2590,#2591,#2592);
#2590 = CARTESIAN_POINT('',(19.965880950626,4.807807959554,
    36.066386221305));
#2591 = DIRECTION('',(-0.707106555783,4.387474635224E-07,0.70710700659)
  );
#2592 = DIRECTION('',(0.70710700659,3.0024244607E-23,0.707106555783));
#2593 = ADVANCED_FACE('',(#2594),#2604,.T.);
#2594 = FACE_BOUND('',#2595,.T.);
#2595 = EDGE_LOOP('',(#2596,#2597,#2603));
#2596 = ORIENTED_EDGE('',*,*,#2576,.F.);
#2597 = ORIENTED_EDGE('',*,*,#2598,.F.);
#2598 = EDGE_CURVE('',#2531,#2136,#2599,.T.);
#2599 = LINE('',#2600,#2601);
#2600 = CARTESIAN_POINT('',(22.31485748291,2.831559419632,
    38.415363311768));
#2601 = VECTOR('',#2602,1.);
#2602 = DIRECTION('',(-0.499999579263,-0.707107376198,-0.499999579263));
#2603 = ORIENTED_EDGE('',*,*,#2539,.F.);
#2604 = PLANE('',#2605);
#2605 = AXIS2_PLACEMENT_3D('',#2606,#2607,#2608);
#2606 = CARTESIAN_POINT('',(20.756790628179,4.870837882793,
    36.857295576531));
#2607 = DIRECTION('',(-0.707106884953,1.46748139118E-07,0.70710667742));
#2608 = DIRECTION('',(-0.70710667742,3.04945895654E-25,-0.707106884953)
  );
#2609 = ADVANCED_FACE('',(#2610),#2636,.T.);
#2610 = FACE_BOUND('',#2611,.T.);
#2611 = EDGE_LOOP('',(#2612,#2622,#2630));
#2612 = ORIENTED_EDGE('',*,*,#2613,.T.);
#2613 = EDGE_CURVE('',#2614,#2616,#2618,.T.);
#2614 = VERTEX_POINT('',#2615);
#2615 = CARTESIAN_POINT('',(36.49747467041,0.,22.192388534546));
#2616 = VERTEX_POINT('',#2617);
#2617 = CARTESIAN_POINT('',(34.305088043213,7.,20.));
#2618 = LINE('',#2619,#2620);
#2619 = CARTESIAN_POINT('',(36.49747467041,0.,22.192388534546));
#2620 = VECTOR('',#2621,1.);
#2621 = DIRECTION('',(-0.286364843955,0.914325002177,-0.286365093089));
#2622 = ORIENTED_EDGE('',*,*,#2623,.T.);
#2623 = EDGE_CURVE('',#2616,#2624,#2626,.T.);
#2624 = VERTEX_POINT('',#2625);
#2625 = CARTESIAN_POINT('',(36.618602752686,1.081559538841,
    22.313516616821));
#2626 = LINE('',#2627,#2628);
#2627 = CARTESIAN_POINT('',(34.305088043213,7.,20.));
#2628 = VECTOR('',#2629,1.);
#2629 = DIRECTION('',(0.342104743419,-0.87517340915,0.342105025463));
#2630 = ORIENTED_EDGE('',*,*,#2631,.T.);
#2631 = EDGE_CURVE('',#2624,#2614,#2632,.T.);
#2632 = LINE('',#2633,#2634);
#2633 = CARTESIAN_POINT('',(36.618602752686,1.081559538841,
    22.313516616821));
#2634 = VECTOR('',#2635,1.);
#2635 = DIRECTION('',(-0.110615099059,-0.98768851351,-0.110615099059));
#2636 = PLANE('',#2637);
#2637 = AXIS2_PLACEMENT_3D('',#2638,#2639,#2640);
#2638 = CARTESIAN_POINT('',(35.509333114025,3.526854256426,
    21.204246091802));
#2639 = DIRECTION('',(0.707107007756,-5.074885342654E-08,-0.707106554617
    ));
#2640 = DIRECTION('',(0.707106554617,-2.625727042457E-24,0.707107007756)
  );
#2641 = ADVANCED_FACE('',(#2642),#2659,.T.);
#2642 = FACE_BOUND('',#2643,.T.);
#2643 = EDGE_LOOP('',(#2644,#2645,#2653));
#2644 = ORIENTED_EDGE('',*,*,#2623,.F.);
#2645 = ORIENTED_EDGE('',*,*,#2646,.T.);
#2646 = EDGE_CURVE('',#2616,#2647,#2649,.T.);
#2647 = VERTEX_POINT('',#2648);
#2648 = CARTESIAN_POINT('',(36.970134735107,2.057248353958,
    22.665046691895));
#2649 = LINE('',#2650,#2651);
#2650 = CARTESIAN_POINT('',(34.305088043213,7.,20.));
#2651 = VECTOR('',#2652,1.);
#2652 = DIRECTION('',(0.428755985646,-0.795195956696,0.428755985646));
#2653 = ORIENTED_EDGE('',*,*,#2654,.T.);
#2654 = EDGE_CURVE('',#2647,#2624,#2655,.T.);
#2655 = LINE('',#2656,#2657);
#2656 = CARTESIAN_POINT('',(36.970134735107,2.057248353958,
    22.665046691895));
#2657 = VECTOR('',#2658,1.);
#2658 = DIRECTION('',(-0.321021486112,-0.891005908633,-0.321019744308));
#2659 = PLANE('',#2660);
#2660 = AXIS2_PLACEMENT_3D('',#2661,#2662,#2663);
#2661 = CARTESIAN_POINT('',(35.643158318298,4.063948753337,
    21.338070807553));
#2662 = DIRECTION('',(0.707106012789,-8.28612922887E-07,-0.707107549583)
  );
#2663 = DIRECTION('',(-0.707107549583,2.130137408632E-23,-0.707106012789
    ));
#2664 = ADVANCED_FACE('',(#2665),#2689,.T.);
#2665 = FACE_BOUND('',#2666,.T.);
#2666 = EDGE_LOOP('',(#2667,#2675,#2683));
#2667 = ORIENTED_EDGE('',*,*,#2668,.T.);
#2668 = EDGE_CURVE('',#2669,#2616,#2671,.T.);
#2669 = VERTEX_POINT('',#2670);
#2670 = CARTESIAN_POINT('',(38.207569122314,3.328697919846,
    23.90248298645));
#2671 = LINE('',#2672,#2673);
#2672 = CARTESIAN_POINT('',(38.207569122314,3.328697919846,
    23.90248298645));
#2673 = VECTOR('',#2674,1.);
#2674 = DIRECTION('',(-0.588741516335,0.55386506937,-0.588741804084));
#2675 = ORIENTED_EDGE('',*,*,#2676,.T.);
#2676 = EDGE_CURVE('',#2616,#2677,#2679,.T.);
#2677 = VERTEX_POINT('',#2678);
#2678 = CARTESIAN_POINT('',(38.972347259521,13.,24.667261123657));
#2679 = LINE('',#2680,#2681);
#2680 = CARTESIAN_POINT('',(34.305088043213,7.,20.));
#2681 = VECTOR('',#2682,1.);
#2682 = DIRECTION('',(0.5232345655,0.672644746628,0.523234779328));
#2683 = ORIENTED_EDGE('',*,*,#2684,.T.);
#2684 = EDGE_CURVE('',#2677,#2669,#2685,.T.);
#2685 = LINE('',#2686,#2687);
#2686 = CARTESIAN_POINT('',(38.972347259521,13.,24.667261123657));
#2687 = VECTOR('',#2688,1.);
#2688 = DIRECTION('',(-7.858716735923E-02,-0.993804867292,
    -7.858716735923E-02));
#2689 = PLANE('',#2690);
#2690 = AXIS2_PLACEMENT_3D('',#2691,#2692,#2693);
#2691 = CARTESIAN_POINT('',(37.28958500288,8.025444976183,
    22.984498280459));
#2692 = DIRECTION('',(0.707106942022,-2.543675346603E-08,-0.707106620351
    ));
#2693 = DIRECTION('',(0.707106620351,1.517057640786E-24,0.707106942022)
  );
#2694 = ADVANCED_FACE('',(#2695),#2712,.T.);
#2695 = FACE_BOUND('',#2696,.T.);
#2696 = EDGE_LOOP('',(#2697,#2698,#2706));
#2697 = ORIENTED_EDGE('',*,*,#2668,.F.);
#2698 = ORIENTED_EDGE('',*,*,#2699,.T.);
#2699 = EDGE_CURVE('',#2669,#2700,#2702,.T.);
#2700 = VERTEX_POINT('',#2701);
#2701 = CARTESIAN_POINT('',(37.517654418945,2.831559419632,
    23.212568283081));
#2702 = LINE('',#2703,#2704);
#2703 = CARTESIAN_POINT('',(38.207569122314,3.328697919846,
    23.90248298645));
#2704 = VECTOR('',#2705,1.);
#2705 = DIRECTION('',(-0.6300364209,-0.453991427979,-0.6300364209));
#2706 = ORIENTED_EDGE('',*,*,#2707,.T.);
#2707 = EDGE_CURVE('',#2700,#2616,#2708,.T.);
#2708 = LINE('',#2709,#2710);
#2709 = CARTESIAN_POINT('',(37.517654418945,2.831559419632,
    23.212568283081));
#2710 = VECTOR('',#2711,1.);
#2711 = DIRECTION('',(-0.521030038716,0.676058485011,-0.52103034806));
#2712 = PLANE('',#2713);
#2713 = AXIS2_PLACEMENT_3D('',#2714,#2715,#2716);
#2714 = CARTESIAN_POINT('',(36.229833880169,4.889683057227,
    21.924746865818));
#2715 = DIRECTION('',(0.707106856136,-2.080250020868E-07,-0.707106706237
    ));
#2716 = DIRECTION('',(0.707106706237,-1.213288138451E-23,0.707106856136)
  );
#2717 = ADVANCED_FACE('',(#2718),#2733,.T.);
#2718 = FACE_BOUND('',#2719,.T.);
#2719 = EDGE_LOOP('',(#2720,#2726,#2727));
#2720 = ORIENTED_EDGE('',*,*,#2721,.T.);
#2721 = EDGE_CURVE('',#2647,#2531,#2722,.T.);
#2722 = LINE('',#2723,#2724);
#2723 = CARTESIAN_POINT('',(36.970134735107,2.057248353958,
    22.665046691895));
#2724 = VECTOR('',#2725,1.);
#2725 = DIRECTION('',(-0.680758352672,3.596784396863E-02,0.731624479817)
  );
#2726 = ORIENTED_EDGE('',*,*,#2598,.T.);
#2727 = ORIENTED_EDGE('',*,*,#2728,.T.);
#2728 = EDGE_CURVE('',#2136,#2647,#2729,.T.);
#2729 = LINE('',#2730,#2731);
#2730 = CARTESIAN_POINT('',(21.767337799072,2.057248353958,
    37.86784362793));
#2731 = VECTOR('',#2732,1.);
#2732 = DIRECTION('',(0.707106781187,0.,-0.707106781187));
#2733 = PLANE('',#2734);
#2734 = AXIS2_PLACEMENT_3D('',#2735,#2736,#2737);
#2735 = CARTESIAN_POINT('',(29.320448582283,2.255752588869,
    30.595459753468));
#2736 = DIRECTION('',(0.500000420737,-0.707106186174,0.500000420737));
#2737 = DIRECTION('',(-4.462608749973E-18,-0.577350916957,
    -0.816496122887));
#2738 = ADVANCED_FACE('',(#2739),#2754,.T.);
#2739 = FACE_BOUND('',#2740,.T.);
#2740 = EDGE_LOOP('',(#2741,#2742,#2748));
#2741 = ORIENTED_EDGE('',*,*,#2721,.F.);
#2742 = ORIENTED_EDGE('',*,*,#2743,.F.);
#2743 = EDGE_CURVE('',#2700,#2647,#2744,.T.);
#2744 = LINE('',#2745,#2746);
#2745 = CARTESIAN_POINT('',(37.517654418945,2.831559419632,
    23.212568283081));
#2746 = VECTOR('',#2747,1.);
#2747 = DIRECTION('',(-0.499999143812,-0.707106760376,-0.500000885617));
#2748 = ORIENTED_EDGE('',*,*,#2749,.F.);
#2749 = EDGE_CURVE('',#2531,#2700,#2750,.T.);
#2750 = LINE('',#2751,#2752);
#2751 = CARTESIAN_POINT('',(22.31485748291,2.831559419632,
    38.415363311768));
#2752 = VECTOR('',#2753,1.);
#2753 = DIRECTION('',(0.707106825543,0.,-0.70710673683));
#2754 = PLANE('',#2755);
#2755 = AXIS2_PLACEMENT_3D('',#2756,#2757,#2758);
#2756 = CARTESIAN_POINT('',(29.964543794547,2.633055174576,
    30.484950565404));
#2757 = DIRECTION('',(0.49999995392,-0.707106801996,0.50000001665));
#2758 = DIRECTION('',(-3.371317334837E-17,-0.57735027068,-0.816496579874
    ));
#2759 = ADVANCED_FACE('',(#2760),#2775,.T.);
#2760 = FACE_BOUND('',#2761,.T.);
#2761 = EDGE_LOOP('',(#2762,#2768,#2774));
#2762 = ORIENTED_EDGE('',*,*,#2763,.T.);
#2763 = EDGE_CURVE('',#2700,#2554,#2764,.T.);
#2764 = LINE('',#2765,#2766);
#2765 = CARTESIAN_POINT('',(37.517654418945,2.831559419632,
    23.212568283081));
#2766 = VECTOR('',#2767,1.);
#2767 = DIRECTION('',(-0.674143899831,2.309278928631E-02,0.738238935172)
  );
#2768 = ORIENTED_EDGE('',*,*,#2769,.T.);
#2769 = EDGE_CURVE('',#2554,#2531,#2770,.T.);
#2770 = LINE('',#2771,#2772);
#2771 = CARTESIAN_POINT('',(23.004774093628,3.328697919846,
    39.105278015137));
#2772 = VECTOR('',#2773,1.);
#2773 = DIRECTION('',(-0.630037471303,-0.453990929768,-0.630035729497));
#2774 = ORIENTED_EDGE('',*,*,#2749,.T.);
#2775 = PLANE('',#2776);
#2776 = AXIS2_PLACEMENT_3D('',#2777,#2778,#2779);
#2777 = CARTESIAN_POINT('',(29.904473408953,2.959007030624,
    31.179485160648));
#2778 = DIRECTION('',(0.321020044899,-0.891006305078,0.321020085174));
#2779 = DIRECTION('',(5.488207065004E-18,-0.338960448205,-0.940800624231
    ));
#2780 = ADVANCED_FACE('',(#2781),#2791,.T.);
#2781 = FACE_BOUND('',#2782,.T.);
#2782 = EDGE_LOOP('',(#2783,#2784,#2785));
#2783 = ORIENTED_EDGE('',*,*,#2763,.F.);
#2784 = ORIENTED_EDGE('',*,*,#2699,.F.);
#2785 = ORIENTED_EDGE('',*,*,#2786,.F.);
#2786 = EDGE_CURVE('',#2554,#2669,#2787,.T.);
#2787 = LINE('',#2788,#2789);
#2788 = CARTESIAN_POINT('',(23.004774093628,3.328697919846,
    39.105278015137));
#2789 = VECTOR('',#2790,1.);
#2790 = DIRECTION('',(0.707106781187,0.,-0.707106781187));
#2791 = PLANE('',#2792);
#2792 = AXIS2_PLACEMENT_3D('',#2793,#2794,#2795);
#2793 = CARTESIAN_POINT('',(30.6179544183,3.201250308257,31.138361332864
    ));
#2794 = DIRECTION('',(0.321020417325,-0.891006051226,0.321020417325));
#2795 = DIRECTION('',(-0.940800481594,-0.338960844099,8.480182296752E-19
    ));
#2796 = ADVANCED_FACE('',(#2797),#2802,.T.);
#2797 = FACE_BOUND('',#2798,.T.);
#2798 = EDGE_LOOP('',(#2799,#2800,#2801));
#2799 = ORIENTED_EDGE('',*,*,#2707,.F.);
#2800 = ORIENTED_EDGE('',*,*,#2743,.T.);
#2801 = ORIENTED_EDGE('',*,*,#2646,.F.);
#2802 = PLANE('',#2803);
#2803 = AXIS2_PLACEMENT_3D('',#2804,#2805,#2806);
#2804 = CARTESIAN_POINT('',(35.893380129651,4.536401798246,
    21.588292600253));
#2805 = DIRECTION('',(0.707107479982,7.53557976193E-07,-0.70710608239));
#2806 = DIRECTION('',(0.70710608239,-1.223451006093E-23,0.707107479983)
  );
#2807 = ADVANCED_FACE('',(#2808),#2825,.T.);
#2808 = FACE_BOUND('',#2809,.T.);
#2809 = EDGE_LOOP('',(#2810,#2818,#2824));
#2810 = ORIENTED_EDGE('',*,*,#2811,.T.);
#2811 = EDGE_CURVE('',#2616,#2812,#2814,.T.);
#2812 = VERTEX_POINT('',#2813);
#2813 = CARTESIAN_POINT('',(34.,13.,19.694913864136));
#2814 = LINE('',#2815,#2816);
#2815 = CARTESIAN_POINT('',(34.305088043213,7.,20.));
#2816 = VECTOR('',#2817,1.);
#2817 = DIRECTION('',(-5.071704717096E-02,0.997424480557,
    -5.071673009826E-02));
#2818 = ORIENTED_EDGE('',*,*,#2819,.F.);
#2819 = EDGE_CURVE('',#2677,#2812,#2820,.T.);
#2820 = LINE('',#2821,#2822);
#2821 = CARTESIAN_POINT('',(38.972347259521,13.,24.667261123657));
#2822 = VECTOR('',#2823,1.);
#2823 = DIRECTION('',(-0.707106781187,0.,-0.707106781187));
#2824 = ORIENTED_EDGE('',*,*,#2676,.F.);
#2825 = PLANE('',#2826);
#2826 = AXIS2_PLACEMENT_3D('',#2827,#2828,#2829);
#2827 = CARTESIAN_POINT('',(35.909082157876,10.960323858737,
    21.603995373616));
#2828 = DIRECTION('',(0.707106781187,2.247831922427E-07,-0.707106781187)
  );
#2829 = DIRECTION('',(-0.707106781187,-1.506782783192E-23,
    -0.707106781187));
#2830 = ADVANCED_FACE('',(#2831),#2848,.T.);
#2831 = FACE_BOUND('',#2832,.T.);
#2832 = EDGE_LOOP('',(#2833,#2834,#2842));
#2833 = ORIENTED_EDGE('',*,*,#2613,.F.);
#2834 = ORIENTED_EDGE('',*,*,#2835,.F.);
#2835 = EDGE_CURVE('',#2836,#2614,#2838,.T.);
#2836 = VERTEX_POINT('',#2837);
#2837 = CARTESIAN_POINT('',(34.305088043213,-7.,20.));
#2838 = LINE('',#2839,#2840);
#2839 = CARTESIAN_POINT('',(34.305088043213,-7.,20.));
#2840 = VECTOR('',#2841,1.);
#2841 = DIRECTION('',(0.286364843955,0.914325002177,0.286365093089));
#2842 = ORIENTED_EDGE('',*,*,#2843,.F.);
#2843 = EDGE_CURVE('',#2616,#2836,#2844,.T.);
#2844 = LINE('',#2845,#2846);
#2845 = CARTESIAN_POINT('',(34.305088043213,7.,20.));
#2846 = VECTOR('',#2847,1.);
#2847 = DIRECTION('',(0.,-1.,0.));
#2848 = PLANE('',#2849);
#2849 = AXIS2_PLACEMENT_3D('',#2850,#2851,#2852);
#2850 = CARTESIAN_POINT('',(34.877714589046,0.,20.572627044011));
#2851 = DIRECTION('',(0.707107088773,0.,-0.7071064736));
#2852 = DIRECTION('',(0.7071064736,0.,0.707107088773));
#2853 = ADVANCED_FACE('',(#2854),#2878,.T.);
#2854 = FACE_BOUND('',#2855,.T.);
#2855 = EDGE_LOOP('',(#2856,#2864,#2872));
#2856 = ORIENTED_EDGE('',*,*,#2857,.T.);
#2857 = EDGE_CURVE('',#2836,#2858,#2860,.T.);
#2858 = VERTEX_POINT('',#2859);
#2859 = CARTESIAN_POINT('',(34.,-13.,19.694913864136));
#2860 = LINE('',#2861,#2862);
#2861 = CARTESIAN_POINT('',(34.305088043213,-7.,20.));
#2862 = VECTOR('',#2863,1.);
#2863 = DIRECTION('',(-5.071704717096E-02,-0.997424480557,
    -5.071673009826E-02));
#2864 = ORIENTED_EDGE('',*,*,#2865,.F.);
#2865 = EDGE_CURVE('',#2866,#2858,#2868,.T.);
#2866 = VERTEX_POINT('',#2867);
#2867 = CARTESIAN_POINT('',(34.,-7.,19.694913864136));
#2868 = LINE('',#2869,#2870);
#2869 = CARTESIAN_POINT('',(34.,-7.,19.694913864136));
#2870 = VECTOR('',#2871,1.);
#2871 = DIRECTION('',(0.,-1.,0.));
#2872 = ORIENTED_EDGE('',*,*,#2873,.F.);
#2873 = EDGE_CURVE('',#2836,#2866,#2874,.T.);
#2874 = LINE('',#2875,#2876);
#2875 = CARTESIAN_POINT('',(34.305088043213,-7.,20.));
#2876 = VECTOR('',#2877,1.);
#2877 = DIRECTION('',(-0.707108991534,0.,-0.707104570832));
#2878 = PLANE('',#2879);
#2879 = AXIS2_PLACEMENT_3D('',#2880,#2881,#2882);
#2880 = CARTESIAN_POINT('',(34.079010824104,-9.896008679874,
    19.77392419428));
#2881 = DIRECTION('',(0.707104570832,0.,-0.707108991534));
#2882 = DIRECTION('',(-0.707108991534,0.,-0.707104570832));
#2883 = ADVANCED_FACE('',(#2884),#2901,.T.);
#2884 = FACE_BOUND('',#2885,.T.);
#2885 = EDGE_LOOP('',(#2886,#2887,#2895));
#2886 = ORIENTED_EDGE('',*,*,#2857,.F.);
#2887 = ORIENTED_EDGE('',*,*,#2888,.F.);
#2888 = EDGE_CURVE('',#2889,#2836,#2891,.T.);
#2889 = VERTEX_POINT('',#2890);
#2890 = CARTESIAN_POINT('',(38.972347259521,-13.,24.667261123657));
#2891 = LINE('',#2892,#2893);
#2892 = CARTESIAN_POINT('',(38.972347259521,-13.,24.667261123657));
#2893 = VECTOR('',#2894,1.);
#2894 = DIRECTION('',(-0.5232345655,0.672644746628,-0.523234779328));
#2895 = ORIENTED_EDGE('',*,*,#2896,.F.);
#2896 = EDGE_CURVE('',#2858,#2889,#2897,.T.);
#2897 = LINE('',#2898,#2899);
#2898 = CARTESIAN_POINT('',(34.,-13.,19.694913864136));
#2899 = VECTOR('',#2900,1.);
#2900 = DIRECTION('',(0.707106781187,0.,0.707106781187));
#2901 = PLANE('',#2902);
#2902 = AXIS2_PLACEMENT_3D('',#2903,#2904,#2905);
#2903 = CARTESIAN_POINT('',(35.909082157876,-10.96032385873,
    21.603995373616));
#2904 = DIRECTION('',(0.707106781187,-2.247831921042E-07,-0.707106781187
    ));
#2905 = DIRECTION('',(-0.707106781187,1.959346573426E-23,-0.707106781187
    ));
#2906 = ADVANCED_FACE('',(#2907),#2931,.T.);
#2907 = FACE_BOUND('',#2908,.T.);
#2908 = EDGE_LOOP('',(#2909,#2917,#2925));
#2909 = ORIENTED_EDGE('',*,*,#2910,.T.);
#2910 = EDGE_CURVE('',#2911,#2836,#2913,.T.);
#2911 = VERTEX_POINT('',#2912);
#2912 = CARTESIAN_POINT('',(36.970134735107,-2.057248353958,
    22.665046691895));
#2913 = LINE('',#2914,#2915);
#2914 = CARTESIAN_POINT('',(36.970134735107,-2.057248353958,
    22.665046691895));
#2915 = VECTOR('',#2916,1.);
#2916 = DIRECTION('',(-0.428755985646,-0.795195956696,-0.428755985646));
#2917 = ORIENTED_EDGE('',*,*,#2918,.T.);
#2918 = EDGE_CURVE('',#2836,#2919,#2921,.T.);
#2919 = VERTEX_POINT('',#2920);
#2920 = CARTESIAN_POINT('',(36.618602752686,-1.081559538841,
    22.313516616821));
#2921 = LINE('',#2922,#2923);
#2922 = CARTESIAN_POINT('',(34.305088043213,-7.,20.));
#2923 = VECTOR('',#2924,1.);
#2924 = DIRECTION('',(0.342104743419,0.87517340915,0.342105025463));
#2925 = ORIENTED_EDGE('',*,*,#2926,.T.);
#2926 = EDGE_CURVE('',#2919,#2911,#2927,.T.);
#2927 = LINE('',#2928,#2929);
#2928 = CARTESIAN_POINT('',(36.618602752686,-1.081559538841,
    22.313516616821));
#2929 = VECTOR('',#2930,1.);
#2930 = DIRECTION('',(0.321021486112,-0.891005908633,0.321019744308));
#2931 = PLANE('',#2932);
#2932 = AXIS2_PLACEMENT_3D('',#2933,#2934,#2935);
#2933 = CARTESIAN_POINT('',(35.643158318298,-4.063948753337,
    21.338070807553));
#2934 = DIRECTION('',(0.707106012789,8.286129236972E-07,-0.707107549583)
  );
#2935 = DIRECTION('',(-0.707107549583,-9.636438221878E-24,
    -0.707106012789));
#2936 = ADVANCED_FACE('',(#2937),#2947,.T.);
#2937 = FACE_BOUND('',#2938,.T.);
#2938 = EDGE_LOOP('',(#2939,#2940,#2941));
#2939 = ORIENTED_EDGE('',*,*,#2918,.F.);
#2940 = ORIENTED_EDGE('',*,*,#2835,.T.);
#2941 = ORIENTED_EDGE('',*,*,#2942,.T.);
#2942 = EDGE_CURVE('',#2614,#2919,#2943,.T.);
#2943 = LINE('',#2944,#2945);
#2944 = CARTESIAN_POINT('',(36.49747467041,0.,22.192388534546));
#2945 = VECTOR('',#2946,1.);
#2946 = DIRECTION('',(0.110615099059,-0.98768851351,0.110615099059));
#2947 = PLANE('',#2948);
#2948 = AXIS2_PLACEMENT_3D('',#2949,#2950,#2951);
#2949 = CARTESIAN_POINT('',(35.509333114025,-3.526854256426,
    21.204246091802));
#2950 = DIRECTION('',(0.707107007756,5.074885538419E-08,-0.707106554617)
  );
#2951 = DIRECTION('',(0.707106554617,-2.913150855902E-24,0.707107007756)
  );
#2952 = ADVANCED_FACE('',(#2953),#2970,.T.);
#2953 = FACE_BOUND('',#2954,.T.);
#2954 = EDGE_LOOP('',(#2955,#2956,#2964));
#2955 = ORIENTED_EDGE('',*,*,#2910,.F.);
#2956 = ORIENTED_EDGE('',*,*,#2957,.T.);
#2957 = EDGE_CURVE('',#2911,#2958,#2960,.T.);
#2958 = VERTEX_POINT('',#2959);
#2959 = CARTESIAN_POINT('',(37.517654418945,-2.831559419632,
    23.212568283081));
#2960 = LINE('',#2961,#2962);
#2961 = CARTESIAN_POINT('',(36.970134735107,-2.057248353958,
    22.665046691895));
#2962 = VECTOR('',#2963,1.);
#2963 = DIRECTION('',(0.499999143812,-0.707106760376,0.500000885617));
#2964 = ORIENTED_EDGE('',*,*,#2965,.F.);
#2965 = EDGE_CURVE('',#2836,#2958,#2966,.T.);
#2966 = LINE('',#2967,#2968);
#2967 = CARTESIAN_POINT('',(34.305088043213,-7.,20.));
#2968 = VECTOR('',#2969,1.);
#2969 = DIRECTION('',(0.521030038716,0.676058485011,0.52103034806));
#2970 = PLANE('',#2971);
#2971 = AXIS2_PLACEMENT_3D('',#2972,#2973,#2974);
#2972 = CARTESIAN_POINT('',(35.893380129651,-4.536401798246,
    21.588292600253));
#2973 = DIRECTION('',(0.707107479982,-7.535579758835E-07,-0.70710608239)
  );
#2974 = DIRECTION('',(0.70710608239,4.46684552873E-23,0.707107479983));
#2975 = ADVANCED_FACE('',(#2976),#2993,.T.);
#2976 = FACE_BOUND('',#2977,.T.);
#2977 = EDGE_LOOP('',(#2978,#2986,#2992));
#2978 = ORIENTED_EDGE('',*,*,#2979,.T.);
#2979 = EDGE_CURVE('',#2114,#2980,#2982,.T.);
#2980 = VERTEX_POINT('',#2981);
#2981 = CARTESIAN_POINT('',(22.31485748291,-2.831559419632,
    38.415363311768));
#2982 = LINE('',#2983,#2984);
#2983 = CARTESIAN_POINT('',(38.207569122314,-3.328697919846,
    23.90248298645));
#2984 = VECTOR('',#2985,1.);
#2985 = DIRECTION('',(-0.738238975485,2.309278777587E-02,0.674143855737)
  );
#2986 = ORIENTED_EDGE('',*,*,#2987,.T.);
#2987 = EDGE_CURVE('',#2980,#2105,#2988,.T.);
#2988 = LINE('',#2989,#2990);
#2989 = CARTESIAN_POINT('',(22.31485748291,-2.831559419632,
    38.415363311768));
#2990 = VECTOR('',#2991,1.);
#2991 = DIRECTION('',(0.630037471303,-0.453990929768,0.630035729497));
#2992 = ORIENTED_EDGE('',*,*,#2121,.T.);
#2993 = PLANE('',#2994);
#2994 = AXIS2_PLACEMENT_3D('',#2995,#2996,#2997);
#2995 = CARTESIAN_POINT('',(30.240651745259,-3.201250301093,
    31.515663497048));
#2996 = DIRECTION('',(0.321020065036,0.891006305078,0.321020065036));
#2997 = DIRECTION('',(0.940800631011,-0.338960429384,-3.068590351099E-18
    ));
#2998 = ADVANCED_FACE('',(#2999),#3014,.T.);
#2999 = FACE_BOUND('',#3000,.T.);
#3000 = EDGE_LOOP('',(#3001,#3002,#3008));
#3001 = ORIENTED_EDGE('',*,*,#2979,.F.);
#3002 = ORIENTED_EDGE('',*,*,#3003,.F.);
#3003 = EDGE_CURVE('',#2958,#2114,#3004,.T.);
#3004 = LINE('',#3005,#3006);
#3005 = CARTESIAN_POINT('',(37.517654418945,-2.831559419632,
    23.212568283081));
#3006 = VECTOR('',#3007,1.);
#3007 = DIRECTION('',(0.6300364209,-0.453991427979,0.6300364209));
#3008 = ORIENTED_EDGE('',*,*,#3009,.F.);
#3009 = EDGE_CURVE('',#2980,#2958,#3010,.T.);
#3010 = LINE('',#3011,#3012);
#3011 = CARTESIAN_POINT('',(22.31485748291,-2.831559419632,
    38.415363311768));
#3012 = VECTOR('',#3013,1.);
#3013 = DIRECTION('',(0.707106825543,0.,-0.70710673683));
#3014 = PLANE('',#3015);
#3015 = AXIS2_PLACEMENT_3D('',#3016,#3017,#3018);
#3016 = CARTESIAN_POINT('',(30.281775130697,-2.95900703119,
    30.80218299884));
#3017 = DIRECTION('',(0.321020397187,0.891006051226,0.321020437462));
#3018 = DIRECTION('',(1.658555978229E-17,-0.338960862919,0.940800474814)
  );
#3019 = ADVANCED_FACE('',(#3020),#3037,.T.);
#3020 = FACE_BOUND('',#3021,.T.);
#3021 = EDGE_LOOP('',(#3022,#3030,#3036));
#3022 = ORIENTED_EDGE('',*,*,#3023,.T.);
#3023 = EDGE_CURVE('',#2958,#3024,#3026,.T.);
#3024 = VERTEX_POINT('',#3025);
#3025 = CARTESIAN_POINT('',(21.767337799072,-2.057248353958,
    37.86784362793));
#3026 = LINE('',#3027,#3028);
#3027 = CARTESIAN_POINT('',(37.517654418945,-2.831559419632,
    23.212568283081));
#3028 = VECTOR('',#3029,1.);
#3029 = DIRECTION('',(-0.731624523944,3.596784613801E-02,0.680758305133)
  );
#3030 = ORIENTED_EDGE('',*,*,#3031,.T.);
#3031 = EDGE_CURVE('',#3024,#2980,#3032,.T.);
#3032 = LINE('',#3033,#3034);
#3033 = CARTESIAN_POINT('',(21.767337799072,-2.057248353958,
    37.86784362793));
#3034 = VECTOR('',#3035,1.);
#3035 = DIRECTION('',(0.499999579263,-0.707107376198,0.499999579263));
#3036 = ORIENTED_EDGE('',*,*,#3009,.T.);
#3037 = PLANE('',#3038);
#3038 = AXIS2_PLACEMENT_3D('',#3039,#3040,#3041);
#3039 = CARTESIAN_POINT('',(29.587241345688,-2.633055184205,
    30.862253469516));
#3040 = DIRECTION('',(0.500000389372,0.707106186174,0.500000452102));
#3041 = DIRECTION('',(9.846059438106E-18,-0.577350941101,0.816496105814)
  );
#3042 = ADVANCED_FACE('',(#3043),#3053,.T.);
#3043 = FACE_BOUND('',#3044,.T.);
#3044 = EDGE_LOOP('',(#3045,#3046,#3047));
#3045 = ORIENTED_EDGE('',*,*,#3023,.F.);
#3046 = ORIENTED_EDGE('',*,*,#2957,.F.);
#3047 = ORIENTED_EDGE('',*,*,#3048,.F.);
#3048 = EDGE_CURVE('',#3024,#2911,#3049,.T.);
#3049 = LINE('',#3050,#3051);
#3050 = CARTESIAN_POINT('',(21.767337799072,-2.057248353958,
    37.86784362793));
#3051 = VECTOR('',#3052,1.);
#3052 = DIRECTION('',(0.707106781187,0.,-0.707106781187));
#3053 = PLANE('',#3054);
#3054 = AXIS2_PLACEMENT_3D('',#3055,#3056,#3057);
#3055 = CARTESIAN_POINT('',(29.697751025375,-2.255752587395,
    30.218157797265));
#3056 = DIRECTION('',(0.499999985285,0.707106801996,0.499999985285));
#3057 = DIRECTION('',(1.63519224864E-17,-0.577350246535,0.816496596947)
  );
#3058 = ADVANCED_FACE('',(#3059),#3069,.T.);
#3059 = FACE_BOUND('',#3060,.T.);
#3060 = EDGE_LOOP('',(#3061,#3067,#3068));
#3061 = ORIENTED_EDGE('',*,*,#3062,.T.);
#3062 = EDGE_CURVE('',#2114,#2836,#3063,.T.);
#3063 = LINE('',#3064,#3065);
#3064 = CARTESIAN_POINT('',(38.207569122314,-3.328697919846,
    23.90248298645));
#3065 = VECTOR('',#3066,1.);
#3066 = DIRECTION('',(-0.588741516335,-0.55386506937,-0.588741804084));
#3067 = ORIENTED_EDGE('',*,*,#2965,.T.);
#3068 = ORIENTED_EDGE('',*,*,#3003,.T.);
#3069 = PLANE('',#3070);
#3070 = AXIS2_PLACEMENT_3D('',#3071,#3072,#3073);
#3071 = CARTESIAN_POINT('',(36.229833880169,-4.889683057227,
    21.924746865818));
#3072 = DIRECTION('',(0.707106856136,2.080250010894E-07,-0.707106706237)
  );
#3073 = DIRECTION('',(0.707106706237,9.582362099801E-24,0.707106856136)
  );
#3074 = ADVANCED_FACE('',(#3075),#3085,.T.);
#3075 = FACE_BOUND('',#3076,.T.);
#3076 = EDGE_LOOP('',(#3077,#3078,#3084));
#3077 = ORIENTED_EDGE('',*,*,#3062,.F.);
#3078 = ORIENTED_EDGE('',*,*,#3079,.T.);
#3079 = EDGE_CURVE('',#2114,#2889,#3080,.T.);
#3080 = LINE('',#3081,#3082);
#3081 = CARTESIAN_POINT('',(38.207569122314,-3.328697919846,
    23.90248298645));
#3082 = VECTOR('',#3083,1.);
#3083 = DIRECTION('',(7.858716735923E-02,-0.993804867292,
    7.858716735923E-02));
#3084 = ORIENTED_EDGE('',*,*,#2888,.T.);
#3085 = PLANE('',#3086);
#3086 = AXIS2_PLACEMENT_3D('',#3087,#3088,#3089);
#3087 = CARTESIAN_POINT('',(37.28958500288,-8.025444976183,
    22.984498280459));
#3088 = DIRECTION('',(0.707106942022,2.543675346063E-08,-0.707106620351)
  );
#3089 = DIRECTION('',(0.707106620351,3.61350088929E-27,0.707106942022));
#3090 = ADVANCED_FACE('',(#3091),#3108,.T.);
#3091 = FACE_BOUND('',#3092,.T.);
#3092 = EDGE_LOOP('',(#3093,#3094,#3102));
#3093 = ORIENTED_EDGE('',*,*,#2811,.F.);
#3094 = ORIENTED_EDGE('',*,*,#3095,.F.);
#3095 = EDGE_CURVE('',#3096,#2616,#3098,.T.);
#3096 = VERTEX_POINT('',#3097);
#3097 = CARTESIAN_POINT('',(34.,7.,19.694913864136));
#3098 = LINE('',#3099,#3100);
#3099 = CARTESIAN_POINT('',(34.,7.,19.694913864136));
#3100 = VECTOR('',#3101,1.);
#3101 = DIRECTION('',(0.707108991534,0.,0.707104570832));
#3102 = ORIENTED_EDGE('',*,*,#3103,.F.);
#3103 = EDGE_CURVE('',#2812,#3096,#3104,.T.);
#3104 = LINE('',#3105,#3106);
#3105 = CARTESIAN_POINT('',(34.,13.,19.694913864136));
#3106 = VECTOR('',#3107,1.);
#3107 = DIRECTION('',(0.,-1.,0.));
#3108 = PLANE('',#3109);
#3109 = AXIS2_PLACEMENT_3D('',#3110,#3111,#3112);
#3110 = CARTESIAN_POINT('',(34.079010824104,9.896008679874,
    19.77392419428));
#3111 = DIRECTION('',(0.707104570832,0.,-0.707108991534));
#3112 = DIRECTION('',(-0.707108991534,0.,-0.707104570832));
#3113 = ADVANCED_FACE('',(#3114),#3131,.T.);
#3114 = FACE_BOUND('',#3115,.T.);
#3115 = EDGE_LOOP('',(#3116,#3124,#3130));
#3116 = ORIENTED_EDGE('',*,*,#3117,.T.);
#3117 = EDGE_CURVE('',#2980,#3118,#3120,.T.);
#3118 = VERTEX_POINT('',#3119);
#3119 = CARTESIAN_POINT('',(20.758838653564,-9.048270225525,
    36.859344482422));
#3120 = LINE('',#3121,#3122);
#3121 = CARTESIAN_POINT('',(22.31485748291,-2.831559419632,
    38.415363311768));
#3122 = VECTOR('',#3123,1.);
#3123 = DIRECTION('',(-0.235950407227,-0.942684894681,-0.235950407227));
#3124 = ORIENTED_EDGE('',*,*,#3125,.T.);
#3125 = EDGE_CURVE('',#3118,#2105,#3126,.T.);
#3126 = LINE('',#3127,#3128);
#3127 = CARTESIAN_POINT('',(20.758838653564,-9.048270225525,
    36.859344482422));
#3128 = VECTOR('',#3129,1.);
#3129 = DIRECTION('',(0.343293425727,0.874242213504,0.343293134187));
#3130 = ORIENTED_EDGE('',*,*,#2987,.F.);
#3131 = PLANE('',#3132);
#3132 = AXIS2_PLACEMENT_3D('',#3133,#3134,#3135);
#3133 = CARTESIAN_POINT('',(21.781824984174,-5.834142095418,
    37.88233030126));
#3134 = DIRECTION('',(-0.7071059531,-4.145333660395E-07,0.707107609272)
  );
#3135 = DIRECTION('',(0.707107609272,-3.97577096395E-25,0.7071059531));
#3136 = ADVANCED_FACE('',(#3137),#3154,.T.);
#3137 = FACE_BOUND('',#3138,.T.);
#3138 = EDGE_LOOP('',(#3139,#3147,#3153));
#3139 = ORIENTED_EDGE('',*,*,#3140,.T.);
#3140 = EDGE_CURVE('',#3024,#3141,#3143,.T.);
#3141 = VERTEX_POINT('',#3142);
#3142 = CARTESIAN_POINT('',(19.262285232544,-7.705132484436,
    35.362789154053));
#3143 = LINE('',#3144,#3145);
#3144 = CARTESIAN_POINT('',(21.767337799072,-2.057248353958,
    37.86784362793));
#3145 = VECTOR('',#3146,1.);
#3146 = DIRECTION('',(-0.375737862036,-0.847137475902,-0.375738148123));
#3147 = ORIENTED_EDGE('',*,*,#3148,.T.);
#3148 = EDGE_CURVE('',#3141,#2980,#3149,.T.);
#3149 = LINE('',#3150,#3151);
#3150 = CARTESIAN_POINT('',(19.262285232544,-7.705132484436,
    35.362789154053));
#3151 = VECTOR('',#3152,1.);
#3152 = DIRECTION('',(0.468860741986,0.748557903261,0.468861034946));
#3153 = ORIENTED_EDGE('',*,*,#3031,.F.);
#3154 = PLANE('',#3155);
#3155 = AXIS2_PLACEMENT_3D('',#3156,#3157,#3158);
#3156 = CARTESIAN_POINT('',(20.756790628179,-4.870837882793,
    36.857295576531));
#3157 = DIRECTION('',(-0.707106884953,-1.46748137645E-07,0.70710667742)
  );
#3158 = DIRECTION('',(-0.70710667742,-7.987009695595E-25,-0.707106884953
    ));
#3159 = ADVANCED_FACE('',(#3160),#3170,.T.);
#3160 = FACE_BOUND('',#3161,.T.);
#3161 = EDGE_LOOP('',(#3162,#3163,#3164));
#3162 = ORIENTED_EDGE('',*,*,#3117,.F.);
#3163 = ORIENTED_EDGE('',*,*,#3148,.F.);
#3164 = ORIENTED_EDGE('',*,*,#3165,.F.);
#3165 = EDGE_CURVE('',#3118,#3141,#3166,.T.);
#3166 = LINE('',#3167,#3168);
#3167 = CARTESIAN_POINT('',(20.758838653564,-9.048270225525,
    36.859344482422));
#3168 = VECTOR('',#3169,1.);
#3169 = DIRECTION('',(-0.597029708064,0.535826601435,-0.597030468975));
#3170 = PLANE('',#3171);
#3171 = AXIS2_PLACEMENT_3D('',#3172,#3173,#3174);
#3172 = CARTESIAN_POINT('',(20.979735034871,-6.051103904765,
    37.080240312897));
#3173 = DIRECTION('',(-0.707107149133,1.841913438162E-07,0.70710641324)
  );
#3174 = DIRECTION('',(-0.70710641324,3.636594613269E-24,-0.707107149133)
  );
#3175 = ADVANCED_FACE('',(#3176),#3202,.T.);
#3176 = FACE_BOUND('',#3177,.T.);
#3177 = EDGE_LOOP('',(#3178,#3188,#3196));
#3178 = ORIENTED_EDGE('',*,*,#3179,.T.);
#3179 = EDGE_CURVE('',#3180,#3182,#3184,.T.);
#3180 = VERTEX_POINT('',#3181);
#3181 = CARTESIAN_POINT('',(15.809090614319,-9.048270225525,
    41.809089660645));
#3182 = VERTEX_POINT('',#3183);
#3183 = CARTESIAN_POINT('',(18.819805145264,-13.,44.819805145264));
#3184 = LINE('',#3185,#3186);
#3185 = CARTESIAN_POINT('',(15.809090614319,-9.048270225525,
    41.809089660645));
#3186 = VECTOR('',#3187,1.);
#3187 = DIRECTION('',(0.518280661569,-0.680272108434,0.51828082574));
#3188 = ORIENTED_EDGE('',*,*,#3189,.T.);
#3189 = EDGE_CURVE('',#3182,#3190,#3192,.T.);
#3190 = VERTEX_POINT('',#3191);
#3191 = CARTESIAN_POINT('',(17.494819641113,-9.822872161865,
    43.494819641113));
#3192 = LINE('',#3193,#3194);
#3193 = CARTESIAN_POINT('',(18.819805145264,-13.,44.819805145264));
#3194 = VECTOR('',#3195,1.);
#3195 = DIRECTION('',(-0.359216961269,0.861351466867,-0.359216961269));
#3196 = ORIENTED_EDGE('',*,*,#3197,.T.);
#3197 = EDGE_CURVE('',#3190,#3180,#3198,.T.);
#3198 = LINE('',#3199,#3200);
#3199 = CARTESIAN_POINT('',(17.494819641113,-9.822872161865,
    43.494819641113));
#3200 = VECTOR('',#3201,1.);
#3201 = DIRECTION('',(-0.672498372895,0.309016771706,-0.67249875335));
#3202 = PLANE('',#3203);
#3203 = AXIS2_PLACEMENT_3D('',#3204,#3205,#3206);
#3204 = CARTESIAN_POINT('',(17.435095987581,-10.81142496346,
    43.435095657262));
#3205 = DIRECTION('',(-0.70710702862,-2.063784333192E-07,0.707106533753)
  );
#3206 = DIRECTION('',(-0.707106533753,-9.114633055345E-24,-0.70710702862
    ));
#3207 = ADVANCED_FACE('',(#3208),#3225,.T.);
#3208 = FACE_BOUND('',#3209,.T.);
#3209 = EDGE_LOOP('',(#3210,#3211,#3219));
#3210 = ORIENTED_EDGE('',*,*,#3179,.F.);
#3211 = ORIENTED_EDGE('',*,*,#3212,.F.);
#3212 = EDGE_CURVE('',#3213,#3180,#3215,.T.);
#3213 = VERTEX_POINT('',#3214);
#3214 = CARTESIAN_POINT('',(0.,-13.,26.));
#3215 = LINE('',#3216,#3217);
#3216 = CARTESIAN_POINT('',(0.,-13.,26.));
#3217 = VECTOR('',#3218,1.);
#3218 = DIRECTION('',(0.696313542321,0.174054474396,0.696313500316));
#3219 = ORIENTED_EDGE('',*,*,#3220,.F.);
#3220 = EDGE_CURVE('',#3182,#3213,#3221,.T.);
#3221 = LINE('',#3222,#3223);
#3222 = CARTESIAN_POINT('',(18.819805145264,-13.,44.819805145264));
#3223 = VECTOR('',#3224,1.);
#3224 = DIRECTION('',(-0.707106781187,0.,-0.707106781187));
#3225 = PLANE('',#3226);
#3226 = AXIS2_PLACEMENT_3D('',#3227,#3228,#3229);
#3227 = CARTESIAN_POINT('',(9.622864831754,-11.97805777034,
    35.622864585128));
#3228 = DIRECTION('',(-0.707106781187,1.706466825872E-07,0.707106781187)
  );
#3229 = DIRECTION('',(0.707106781187,-1.859750342112E-23,0.707106781187)
  );
#3230 = ADVANCED_FACE('',(#3231),#3248,.T.);
#3231 = FACE_BOUND('',#3232,.T.);
#3232 = EDGE_LOOP('',(#3233,#3241,#3242));
#3233 = ORIENTED_EDGE('',*,*,#3234,.T.);
#3234 = EDGE_CURVE('',#3235,#3213,#3237,.T.);
#3235 = VERTEX_POINT('',#3236);
#3236 = CARTESIAN_POINT('',(14.312537193298,-7.705132484436,
    40.312538146973));
#3237 = LINE('',#3238,#3239);
#3238 = CARTESIAN_POINT('',(14.312537193298,-7.705132484436,
    40.312538146973));
#3239 = VECTOR('',#3240,1.);
#3240 = DIRECTION('',(-0.684087947199,-0.253075677673,-0.684087992781));
#3241 = ORIENTED_EDGE('',*,*,#3212,.T.);
#3242 = ORIENTED_EDGE('',*,*,#3243,.T.);
#3243 = EDGE_CURVE('',#3180,#3235,#3244,.T.);
#3244 = LINE('',#3245,#3246);
#3245 = CARTESIAN_POINT('',(15.809090614319,-9.048270225525,
    41.809089660645));
#3246 = VECTOR('',#3247,1.);
#3247 = DIRECTION('',(-0.597030250509,0.535827088273,-0.597029489598));
#3248 = PLANE('',#3249);
#3249 = AXIS2_PLACEMENT_3D('',#3250,#3251,#3252);
#3250 = CARTESIAN_POINT('',(7.954029753884,-10.57571506057,
    33.954029735466));
#3251 = DIRECTION('',(-0.707106666344,-7.482204607328E-07,0.707106896029
    ));
#3252 = DIRECTION('',(0.707106896029,-2.315593596639E-23,0.707106666344)
  );
#3253 = ADVANCED_FACE('',(#3254),#3271,.T.);
#3254 = FACE_BOUND('',#3255,.T.);
#3255 = EDGE_LOOP('',(#3256,#3257,#3265));
#3256 = ORIENTED_EDGE('',*,*,#3234,.F.);
#3257 = ORIENTED_EDGE('',*,*,#3258,.T.);
#3258 = EDGE_CURVE('',#3235,#3259,#3261,.T.);
#3259 = VERTEX_POINT('',#3260);
#3260 = CARTESIAN_POINT('',(13.099190711975,-5.87785243988,
    39.099189758301));
#3261 = LINE('',#3262,#3263);
#3262 = CARTESIAN_POINT('',(14.312537193298,-7.705132484436,
    40.312538146973));
#3263 = VECTOR('',#3264,1.);
#3264 = DIRECTION('',(-0.484047853116,0.728968185282,-0.484048614026));
#3265 = ORIENTED_EDGE('',*,*,#3266,.F.);
#3266 = EDGE_CURVE('',#3213,#3259,#3267,.T.);
#3267 = LINE('',#3268,#3269);
#3268 = CARTESIAN_POINT('',(0.,-13.,26.));
#3269 = VECTOR('',#3270,1.);
#3270 = DIRECTION('',(0.660009316445,0.358852989176,0.660009268394));
#3271 = PLANE('',#3272);
#3272 = AXIS2_PLACEMENT_3D('',#3273,#3274,#3275);
#3273 = CARTESIAN_POINT('',(7.257411225115,-9.727286758838,
    33.257411236961));
#3274 = DIRECTION('',(-0.707106909702,5.674183474212E-07,0.707106652671)
  );
#3275 = DIRECTION('',(-0.707106652671,-2.096589784218E-23,
    -0.707106909702));
#3276 = ADVANCED_FACE('',(#3277),#3294,.T.);
#3277 = FACE_BOUND('',#3278,.T.);
#3278 = EDGE_LOOP('',(#3279,#3287,#3288));
#3279 = ORIENTED_EDGE('',*,*,#3280,.T.);
#3280 = EDGE_CURVE('',#3281,#3213,#3283,.T.);
#3281 = VERTEX_POINT('',#3282);
#3282 = CARTESIAN_POINT('',(12.245292663574,-3.681245565414,
    38.245292663574));
#3283 = LINE('',#3284,#3285);
#3284 = CARTESIAN_POINT('',(12.245292663574,-3.681245565414,
    38.245292663574));
#3285 = VECTOR('',#3286,1.);
#3286 = DIRECTION('',(-0.62267758691,-0.47386205326,-0.62267758691));
#3287 = ORIENTED_EDGE('',*,*,#3266,.T.);
#3288 = ORIENTED_EDGE('',*,*,#3289,.T.);
#3289 = EDGE_CURVE('',#3259,#3281,#3290,.T.);
#3290 = LINE('',#3291,#3292);
#3291 = CARTESIAN_POINT('',(13.099190711975,-5.87785243988,
    39.099189758301));
#3292 = VECTOR('',#3293,1.);
#3293 = DIRECTION('',(-0.34065119374,0.876306902639,-0.340650813284));
#3294 = PLANE('',#3295);
#3295 = AXIS2_PLACEMENT_3D('',#3296,#3297,#3298);
#3296 = CARTESIAN_POINT('',(6.715025319336,-8.646949276299,
    32.715025065665));
#3297 = DIRECTION('',(-0.707106691041,-2.369107346522E-07,0.707106871332
    ));
#3298 = DIRECTION('',(0.707106871332,3.08216964327E-24,0.707106691041));
#3299 = ADVANCED_FACE('',(#3300),#3317,.T.);
#3300 = FACE_BOUND('',#3301,.T.);
#3301 = EDGE_LOOP('',(#3302,#3303,#3311));
#3302 = ORIENTED_EDGE('',*,*,#3280,.F.);
#3303 = ORIENTED_EDGE('',*,*,#3304,.T.);
#3304 = EDGE_CURVE('',#3281,#3305,#3307,.T.);
#3305 = VERTEX_POINT('',#3306);
#3306 = CARTESIAN_POINT('',(11.804494857788,-1.25333237648,
    37.804492950439));
#3307 = LINE('',#3308,#3309);
#3308 = CARTESIAN_POINT('',(12.245292663574,-3.681245565414,
    38.245292663574));
#3309 = VECTOR('',#3310,1.);
#3310 = DIRECTION('',(-0.175850303673,0.968583023691,-0.175851064583));
#3311 = ORIENTED_EDGE('',*,*,#3312,.F.);
#3312 = EDGE_CURVE('',#3213,#3305,#3313,.T.);
#3313 = LINE('',#3314,#3315);
#3314 = CARTESIAN_POINT('',(0.,-13.,26.));
#3315 = VECTOR('',#3316,1.);
#3316 = DIRECTION('',(0.578293059704,0.575460148288,0.578292966264));
#3317 = PLANE('',#3318);
#3318 = AXIS2_PLACEMENT_3D('',#3319,#3320,#3321);
#3319 = CARTESIAN_POINT('',(6.364423133692,-7.413003103811,
    32.364422620421));
#3320 = DIRECTION('',(-0.707106966897,4.880642177631E-07,0.707106595476)
  );
#3321 = DIRECTION('',(-0.707106595476,-1.001066136836E-23,
    -0.707106966897));
#3322 = ADVANCED_FACE('',(#3323),#3340,.T.);
#3323 = FACE_BOUND('',#3324,.T.);
#3324 = EDGE_LOOP('',(#3325,#3333,#3334));
#3325 = ORIENTED_EDGE('',*,*,#3326,.T.);
#3326 = EDGE_CURVE('',#3327,#3180,#3329,.T.);
#3327 = VERTEX_POINT('',#3328);
#3328 = CARTESIAN_POINT('',(22.444566726685,-9.822872161865,
    38.545070648193));
#3329 = LINE('',#3330,#3331);
#3330 = CARTESIAN_POINT('',(22.444566726685,-9.822872161865,
    38.545070648193));
#3331 = VECTOR('',#3332,1.);
#3332 = DIRECTION('',(-0.892431373482,0.104179271878,0.438990800513));
#3333 = ORIENTED_EDGE('',*,*,#3197,.F.);
#3334 = ORIENTED_EDGE('',*,*,#3335,.T.);
#3335 = EDGE_CURVE('',#3190,#3327,#3336,.T.);
#3336 = LINE('',#3337,#3338);
#3337 = CARTESIAN_POINT('',(17.494819641113,-9.822872161865,
    43.494819641113));
#3338 = VECTOR('',#3339,1.);
#3339 = DIRECTION('',(0.707106644947,0.,-0.707106917426));
#3340 = PLANE('',#3341);
#3341 = AXIS2_PLACEMENT_3D('',#3342,#3343,#3344);
#3342 = CARTESIAN_POINT('',(19.108906886244,-9.595594551873,
    40.891504588992));
#3343 = DIRECTION('',(0.218507896874,0.951056588645,0.218507812673));
#3344 = DIRECTION('',(0.974607791892,-0.223918851334,2.996215170331E-18)
  );
#3345 = ADVANCED_FACE('',(#3346),#3361,.T.);
#3346 = FACE_BOUND('',#3347,.T.);
#3347 = EDGE_LOOP('',(#3348,#3354,#3355));
#3348 = ORIENTED_EDGE('',*,*,#3349,.T.);
#3349 = EDGE_CURVE('',#3118,#3235,#3350,.T.);
#3350 = LINE('',#3351,#3352);
#3351 = CARTESIAN_POINT('',(20.758838653564,-9.048270225525,
    36.859344482422));
#3352 = VECTOR('',#3353,1.);
#3353 = DIRECTION('',(-0.86698855541,0.180643902095,0.46443366095));
#3354 = ORIENTED_EDGE('',*,*,#3243,.F.);
#3355 = ORIENTED_EDGE('',*,*,#3356,.T.);
#3356 = EDGE_CURVE('',#3180,#3118,#3357,.T.);
#3357 = LINE('',#3358,#3359);
#3358 = CARTESIAN_POINT('',(15.809090614319,-9.048270225525,
    41.809089660645));
#3359 = VECTOR('',#3360,1.);
#3360 = DIRECTION('',(0.707106985545,0.,-0.707106576828));
#3361 = PLANE('',#3362);
#3362 = AXIS2_PLACEMENT_3D('',#3363,#3364,#3365);
#3363 = CARTESIAN_POINT('',(17.478685114652,-8.654177327007,
    39.26128310052));
#3364 = DIRECTION('',(0.378886858161,0.844327739372,0.378887077163));
#3365 = DIRECTION('',(8.299128389789E-18,-0.409411575448,0.912349802372)
  );
#3366 = ADVANCED_FACE('',(#3367),#3382,.T.);
#3367 = FACE_BOUND('',#3368,.T.);
#3368 = EDGE_LOOP('',(#3369,#3375,#3376));
#3369 = ORIENTED_EDGE('',*,*,#3370,.T.);
#3370 = EDGE_CURVE('',#3141,#3259,#3371,.T.);
#3371 = LINE('',#3372,#3373);
#3372 = CARTESIAN_POINT('',(19.262285232544,-7.705132484436,
    35.362789154053));
#3373 = VECTOR('',#3374,1.);
#3374 = DIRECTION('',(-0.828898875699,0.245758095948,0.502523245374));
#3375 = ORIENTED_EDGE('',*,*,#3258,.F.);
#3376 = ORIENTED_EDGE('',*,*,#3377,.T.);
#3377 = EDGE_CURVE('',#3235,#3141,#3378,.T.);
#3378 = LINE('',#3379,#3380);
#3379 = CARTESIAN_POINT('',(14.312537193298,-7.705132484436,
    40.312538146973));
#3380 = VECTOR('',#3381,1.);
#3381 = DIRECTION('',(0.707106713067,0.,-0.707106849306));
#3382 = PLANE('',#3383);
#3383 = AXIS2_PLACEMENT_3D('',#3384,#3385,#3386);
#3384 = CARTESIAN_POINT('',(16.065227640204,-7.168986353942,
    37.847825582432));
#3385 = DIRECTION('',(0.515458396739,0.684547576759,0.515458297425));
#3386 = DIRECTION('',(0.798851512846,-0.601528270677,2.559998900654E-17)
  );
#3387 = ADVANCED_FACE('',(#3388),#3405,.T.);
#3388 = FACE_BOUND('',#3389,.T.);
#3389 = EDGE_LOOP('',(#3390,#3398,#3399));
#3390 = ORIENTED_EDGE('',*,*,#3391,.T.);
#3391 = EDGE_CURVE('',#3392,#3281,#3394,.T.);
#3392 = VERTEX_POINT('',#3393);
#3393 = CARTESIAN_POINT('',(18.048938751221,-5.87785243988,
    34.149444580078));
#3394 = LINE('',#3395,#3396);
#3395 = CARTESIAN_POINT('',(18.048938751221,-5.87785243988,
    34.149444580078));
#3396 = VECTOR('',#3397,1.);
#3397 = DIRECTION('',(-0.780555342942,0.29543035642,0.55086682702));
#3398 = ORIENTED_EDGE('',*,*,#3289,.F.);
#3399 = ORIENTED_EDGE('',*,*,#3400,.T.);
#3400 = EDGE_CURVE('',#3259,#3392,#3401,.T.);
#3401 = LINE('',#3402,#3403);
#3402 = CARTESIAN_POINT('',(13.099190711975,-5.87785243988,
    39.099189758301));
#3403 = VECTOR('',#3404,1.);
#3404 = DIRECTION('',(0.707106985545,0.,-0.707106576828));
#3405 = PLANE('',#3406);
#3406 = AXIS2_PLACEMENT_3D('',#3407,#3408,#3409);
#3407 = CARTESIAN_POINT('',(14.957347915556,-5.233341327964,
    36.739945955172));
#3408 = DIRECTION('',(0.619642374176,0.481753269202,0.619642732338));
#3409 = DIRECTION('',(0.707106985545,1.79428673994E-17,-0.707106576828)
  );
#3410 = ADVANCED_FACE('',(#3411),#3428,.T.);
#3411 = FACE_BOUND('',#3412,.T.);
#3412 = EDGE_LOOP('',(#3413,#3421,#3422));
#3413 = ORIENTED_EDGE('',*,*,#3414,.T.);
#3414 = EDGE_CURVE('',#3415,#3305,#3417,.T.);
#3415 = VERTEX_POINT('',#3416);
#3416 = CARTESIAN_POINT('',(17.195039749146,-3.681245565414,
    33.295543670654));
#3417 = LINE('',#3418,#3419);
#3418 = CARTESIAN_POINT('',(17.195039749146,-3.681245565414,
    33.295543670654));
#3419 = VECTOR('',#3420,1.);
#3420 = DIRECTION('',(-0.724995733257,0.326539661235,0.606426447642));
#3421 = ORIENTED_EDGE('',*,*,#3304,.F.);
#3422 = ORIENTED_EDGE('',*,*,#3423,.T.);
#3423 = EDGE_CURVE('',#3281,#3415,#3424,.T.);
#3424 = LINE('',#3425,#3426);
#3425 = CARTESIAN_POINT('',(12.245292663574,-3.681245565414,
    38.245292663574));
#3426 = VECTOR('',#3427,1.);
#3427 = DIRECTION('',(0.707106644947,0.,-0.707106917426));
#3428 = PLANE('',#3429);
#3429 = AXIS2_PLACEMENT_3D('',#3430,#3431,#3432);
#3430 = CARTESIAN_POINT('',(14.224657996465,-2.968866427477,
    36.007255127635));
#3431 = DIRECTION('',(0.684891756153,0.248690422446,0.684891492235));
#3432 = DIRECTION('',(-0.707106644947,-3.935804897607E-18,0.707106917426
    ));
#3433 = ADVANCED_FACE('',(#3434),#3451,.T.);
#3434 = FACE_BOUND('',#3435,.T.);
#3435 = EDGE_LOOP('',(#3436,#3437,#3445));
#3436 = ORIENTED_EDGE('',*,*,#3414,.F.);
#3437 = ORIENTED_EDGE('',*,*,#3438,.T.);
#3438 = EDGE_CURVE('',#3415,#3439,#3441,.T.);
#3439 = VERTEX_POINT('',#3440);
#3440 = CARTESIAN_POINT('',(16.754241943359,-1.25333237648,
    32.854747772217));
#3441 = LINE('',#3442,#3443);
#3442 = CARTESIAN_POINT('',(17.195039749146,-3.681245565414,
    33.295543670654));
#3443 = VECTOR('',#3444,1.);
#3444 = DIRECTION('',(-0.175850350732,0.968583282897,-0.175849589821));
#3445 = ORIENTED_EDGE('',*,*,#3446,.F.);
#3446 = EDGE_CURVE('',#3305,#3439,#3447,.T.);
#3447 = LINE('',#3448,#3449);
#3448 = CARTESIAN_POINT('',(11.804494857788,-1.25333237648,
    37.804492950439));
#3449 = VECTOR('',#3450,1.);
#3450 = DIRECTION('',(0.707106917426,0.,-0.707106644947));
#3451 = PLANE('',#3452);
#3452 = AXIS2_PLACEMENT_3D('',#3453,#3454,#3455);
#3453 = CARTESIAN_POINT('',(14.774876602261,-1.965711607979,
    35.092782605913));
#3454 = DIRECTION('',(0.684891675521,0.248689412908,0.684891939439));
#3455 = DIRECTION('',(0.707106917426,-9.801105510314E-18,-0.707106644947
    ));
#3456 = ADVANCED_FACE('',(#3457),#3467,.T.);
#3457 = FACE_BOUND('',#3458,.T.);
#3458 = EDGE_LOOP('',(#3459,#3460,#3466));
#3459 = ORIENTED_EDGE('',*,*,#3391,.F.);
#3460 = ORIENTED_EDGE('',*,*,#3461,.T.);
#3461 = EDGE_CURVE('',#3392,#3415,#3462,.T.);
#3462 = LINE('',#3463,#3464);
#3463 = CARTESIAN_POINT('',(18.048938751221,-5.87785243988,
    34.149444580078));
#3464 = VECTOR('',#3465,1.);
#3465 = DIRECTION('',(-0.340651353449,0.87630633478,-0.340652114359));
#3466 = ORIENTED_EDGE('',*,*,#3423,.F.);
#3467 = PLANE('',#3468);
#3468 = AXIS2_PLACEMENT_3D('',#3469,#3470,#3471);
#3469 = CARTESIAN_POINT('',(15.336883377118,-4.325756643878,
    35.654790046749));
#3470 = DIRECTION('',(0.619642271107,0.481754302133,0.619642032333));
#3471 = DIRECTION('',(-0.707106644947,-1.007396437394E-17,0.707106917426
    ));
#3472 = ADVANCED_FACE('',(#3473),#3483,.T.);
#3473 = FACE_BOUND('',#3474,.T.);
#3474 = EDGE_LOOP('',(#3475,#3476,#3482));
#3475 = ORIENTED_EDGE('',*,*,#3370,.F.);
#3476 = ORIENTED_EDGE('',*,*,#3477,.T.);
#3477 = EDGE_CURVE('',#3141,#3392,#3478,.T.);
#3478 = LINE('',#3479,#3480);
#3479 = CARTESIAN_POINT('',(19.262285232544,-7.705132484436,
    35.362789154053));
#3480 = VECTOR('',#3481,1.);
#3481 = DIRECTION('',(-0.484048209682,0.728968722265,-0.484047448771));
#3482 = ORIENTED_EDGE('',*,*,#3400,.F.);
#3483 = PLANE('',#3484);
#3484 = AXIS2_PLACEMENT_3D('',#3485,#3486,#3487);
#3485 = CARTESIAN_POINT('',(16.296248162151,-6.413998614594,
    36.614154601085));
#3486 = DIRECTION('',(0.515458577816,0.68454700493,0.515458875758));
#3487 = DIRECTION('',(2.924564177155E-18,-0.601528948078,0.798851002769)
  );
#3488 = ADVANCED_FACE('',(#3489),#3494,.T.);
#3489 = FACE_BOUND('',#3490,.T.);
#3490 = EDGE_LOOP('',(#3491,#3492,#3493));
#3491 = ORIENTED_EDGE('',*,*,#3349,.F.);
#3492 = ORIENTED_EDGE('',*,*,#3165,.T.);
#3493 = ORIENTED_EDGE('',*,*,#3377,.F.);
#3494 = PLANE('',#3495);
#3495 = AXIS2_PLACEMENT_3D('',#3496,#3497,#3498);
#3496 = CARTESIAN_POINT('',(17.592690929031,-8.099225357509,
    37.910598205079));
#3497 = DIRECTION('',(0.378886659915,0.844328048329,0.378886586915));
#3498 = DIRECTION('',(0.91235002674,-0.409411075458,1.758966665037E-17)
  );
#3499 = ADVANCED_FACE('',(#3500),#3510,.T.);
#3500 = FACE_BOUND('',#3501,.T.);
#3501 = EDGE_LOOP('',(#3502,#3503,#3509));
#3502 = ORIENTED_EDGE('',*,*,#3326,.F.);
#3503 = ORIENTED_EDGE('',*,*,#3504,.T.);
#3504 = EDGE_CURVE('',#3327,#3118,#3505,.T.);
#3505 = LINE('',#3506,#3507);
#3506 = CARTESIAN_POINT('',(22.444566726685,-9.822872161865,
    38.545070648193));
#3507 = VECTOR('',#3508,1.);
#3508 = DIRECTION('',(-0.672498852753,0.309017167024,-0.672498091841));
#3509 = ORIENTED_EDGE('',*,*,#3356,.F.);
#3510 = PLANE('',#3511);
#3511 = AXIS2_PLACEMENT_3D('',#3512,#3513,#3514);
#3512 = CARTESIAN_POINT('',(19.14475036007,-9.275547832367,
    39.46265713867));
#3513 = DIRECTION('',(0.218508071156,0.951056460198,0.218508197456));
#3514 = DIRECTION('',(-1.165976448728E-18,-0.223919172641,0.974607718071
    ));
#3515 = ADVANCED_FACE('',(#3516),#3533,.T.);
#3516 = FACE_BOUND('',#3517,.T.);
#3517 = EDGE_LOOP('',(#3518,#3526,#3527));
#3518 = ORIENTED_EDGE('',*,*,#3519,.T.);
#3519 = EDGE_CURVE('',#3520,#3439,#3522,.T.);
#3520 = VERTEX_POINT('',#3521);
#3521 = CARTESIAN_POINT('',(21.415807723999,-1.081559538841,
    37.516311645508));
#3522 = LINE('',#3523,#3524);
#3523 = CARTESIAN_POINT('',(21.415807723999,-1.081559538841,
    37.516311645508));
#3524 = VECTOR('',#3525,1.);
#3525 = DIRECTION('',(-0.706867015183,-2.604716070628E-02,
    -0.706866725958));
#3526 = ORIENTED_EDGE('',*,*,#3438,.F.);
#3527 = ORIENTED_EDGE('',*,*,#3528,.T.);
#3528 = EDGE_CURVE('',#3415,#3520,#3529,.T.);
#3529 = LINE('',#3530,#3531);
#3530 = CARTESIAN_POINT('',(17.195039749146,-3.681245565414,
    33.295543670654));
#3531 = VECTOR('',#3532,1.);
#3532 = DIRECTION('',(0.64829002519,0.399299494712,0.64829002519));
#3533 = PLANE('',#3534);
#3534 = AXIS2_PLACEMENT_3D('',#3535,#3536,#3537);
#3535 = CARTESIAN_POINT('',(18.838093007398,-1.8824024075,
    34.938597484872));
#3536 = DIRECTION('',(-0.707106627319,-4.996270151648E-07,0.707106935053
    ));
#3537 = DIRECTION('',(0.707106935053,-7.606971671498E-24,0.70710662732)
  );
#3538 = ADVANCED_FACE('',(#3539),#3554,.T.);
#3539 = FACE_BOUND('',#3540,.T.);
#3540 = EDGE_LOOP('',(#3541,#3547,#3548));
#3541 = ORIENTED_EDGE('',*,*,#3542,.T.);
#3542 = EDGE_CURVE('',#3024,#3415,#3543,.T.);
#3543 = LINE('',#3544,#3545);
#3544 = CARTESIAN_POINT('',(21.767337799072,-2.057248353958,
    37.86784362793));
#3545 = VECTOR('',#3546,1.);
#3546 = DIRECTION('',(-0.685807992288,-0.243586541146,-0.685808278375));
#3547 = ORIENTED_EDGE('',*,*,#3461,.F.);
#3548 = ORIENTED_EDGE('',*,*,#3549,.T.);
#3549 = EDGE_CURVE('',#3392,#3024,#3550,.T.);
#3550 = LINE('',#3551,#3552);
#3551 = CARTESIAN_POINT('',(18.048938751221,-5.87785243988,
    34.149444580078));
#3552 = VECTOR('',#3553,1.);
#3553 = DIRECTION('',(0.572061401865,0.587785254147,0.572061401865));
#3554 = PLANE('',#3555);
#3555 = AXIS2_PLACEMENT_3D('',#3556,#3557,#3558);
#3556 = CARTESIAN_POINT('',(19.360909519148,-3.630233125656,
    35.461414789827));
#3557 = DIRECTION('',(-0.70710700659,4.387472595972E-07,0.707106555783)
  );
#3558 = DIRECTION('',(-0.707106555783,-4.020395924247E-23,-0.70710700659
    ));
#3559 = ADVANCED_FACE('',(#3560),#3565,.T.);
#3560 = FACE_BOUND('',#3561,.T.);
#3561 = EDGE_LOOP('',(#3562,#3563,#3564));
#3562 = ORIENTED_EDGE('',*,*,#2530,.F.);
#3563 = ORIENTED_EDGE('',*,*,#2769,.F.);
#3564 = ORIENTED_EDGE('',*,*,#2553,.F.);
#3565 = PLANE('',#3566);
#3566 = AXIS2_PLACEMENT_3D('',#3567,#3568,#3569);
#3567 = CARTESIAN_POINT('',(21.781824984174,5.834142095418,
    37.88233030126));
#3568 = DIRECTION('',(-0.7071059531,4.145333661499E-07,0.707107609272));
#3569 = DIRECTION('',(0.707107609272,-2.53505099014E-23,0.7071059531));
#3570 = ADVANCED_FACE('',(#3571),#3576,.T.);
#3571 = FACE_BOUND('',#3572,.T.);
#3572 = EDGE_LOOP('',(#3573,#3574,#3575));
#3573 = ORIENTED_EDGE('',*,*,#3140,.F.);
#3574 = ORIENTED_EDGE('',*,*,#3549,.F.);
#3575 = ORIENTED_EDGE('',*,*,#3477,.F.);
#3576 = PLANE('',#3577);
#3577 = AXIS2_PLACEMENT_3D('',#3578,#3579,#3580);
#3578 = CARTESIAN_POINT('',(19.965880950626,-4.807807959554,
    36.066386221305));
#3579 = DIRECTION('',(-0.707106555783,-4.387474635224E-07,0.70710700659)
  );
#3580 = DIRECTION('',(0.70710700659,-3.0024244607E-23,0.707106555783));
#3581 = ADVANCED_FACE('',(#3582),#3587,.T.);
#3582 = FACE_BOUND('',#3583,.T.);
#3583 = EDGE_LOOP('',(#3584,#3585,#3586));
#3584 = ORIENTED_EDGE('',*,*,#2135,.F.);
#3585 = ORIENTED_EDGE('',*,*,#2583,.F.);
#3586 = ORIENTED_EDGE('',*,*,#2504,.F.);
#3587 = PLANE('',#3588);
#3588 = AXIS2_PLACEMENT_3D('',#3589,#3590,#3591);
#3589 = CARTESIAN_POINT('',(19.360909519148,3.630233125656,
    35.461414789827));
#3590 = DIRECTION('',(-0.70710700659,-4.387472594361E-07,0.707106555783)
  );
#3591 = DIRECTION('',(-0.707106555783,-1.227631988528E-23,-0.70710700659
    ));
#3592 = ADVANCED_FACE('',(#3593),#3603,.T.);
#3593 = FACE_BOUND('',#3594,.T.);
#3594 = EDGE_LOOP('',(#3595,#3596,#3597));
#3595 = ORIENTED_EDGE('',*,*,#3125,.F.);
#3596 = ORIENTED_EDGE('',*,*,#3504,.F.);
#3597 = ORIENTED_EDGE('',*,*,#3598,.F.);
#3598 = EDGE_CURVE('',#2105,#3327,#3599,.T.);
#3599 = LINE('',#3600,#3601);
#3600 = CARTESIAN_POINT('',(23.004774093628,-3.328697919846,
    39.105278015137));
#3601 = VECTOR('',#3602,1.);
#3602 = DIRECTION('',(-8.562823033564E-02,-0.992640726718,
    -8.562823033564E-02));
#3603 = PLANE('',#3604);
#3604 = AXIS2_PLACEMENT_3D('',#3605,#3606,#3607);
#3605 = CARTESIAN_POINT('',(22.190450311534,-6.873045205627,
    38.290954786542));
#3606 = DIRECTION('',(-0.707106396404,-6.638506360027E-08,0.707107165969
    ));
#3607 = DIRECTION('',(0.707107165969,-6.349776212425E-24,0.707106396404)
  );
#3608 = ADVANCED_FACE('',(#3609),#3619,.T.);
#3609 = FACE_BOUND('',#3610,.T.);
#3610 = EDGE_LOOP('',(#3611,#3612,#3618));
#3611 = ORIENTED_EDGE('',*,*,#3542,.F.);
#3612 = ORIENTED_EDGE('',*,*,#3613,.F.);
#3613 = EDGE_CURVE('',#3520,#3024,#3614,.T.);
#3614 = LINE('',#3615,#3616);
#3615 = CARTESIAN_POINT('',(21.415807723999,-1.081559538841,
    37.516311645508));
#3616 = VECTOR('',#3617,1.);
#3617 = DIRECTION('',(0.321019744308,-0.891005908633,0.321021486112));
#3618 = ORIENTED_EDGE('',*,*,#3528,.F.);
#3619 = PLANE('',#3620);
#3620 = AXIS2_PLACEMENT_3D('',#3621,#3622,#3623);
#3621 = CARTESIAN_POINT('',(19.562926745442,-2.546984437757,
    35.663431185598));
#3622 = DIRECTION('',(-0.707107129574,1.131263179248E-06,0.707106432798)
  );
#3623 = DIRECTION('',(-0.707106432799,3.453841215922E-24,-0.707107129574
    ));
#3624 = ADVANCED_FACE('',(#3625),#3636,.T.);
#3625 = FACE_BOUND('',#3626,.T.);
#3626 = EDGE_LOOP('',(#3627,#3628,#3629,#3630));
#3627 = ORIENTED_EDGE('',*,*,#3613,.T.);
#3628 = ORIENTED_EDGE('',*,*,#3048,.T.);
#3629 = ORIENTED_EDGE('',*,*,#2926,.F.);
#3630 = ORIENTED_EDGE('',*,*,#3631,.F.);
#3631 = EDGE_CURVE('',#3520,#2919,#3632,.T.);
#3632 = LINE('',#3633,#3634);
#3633 = CARTESIAN_POINT('',(21.415807723999,-1.081559538841,
    37.516311645508));
#3634 = VECTOR('',#3635,1.);
#3635 = DIRECTION('',(0.707106781187,0.,-0.707106781187));
#3636 = PLANE('',#3637);
#3637 = AXIS2_PLACEMENT_3D('',#3638,#3639,#3640);
#3638 = CARTESIAN_POINT('',(29.192970763208,-1.569403975519,
    30.09067965603));
#3639 = DIRECTION('',(0.630036320072,0.453991707831,0.630036320072));
#3640 = DIRECTION('',(0.707106781187,-7.808546931906E-18,-0.707106781187
    ));
#3641 = ADVANCED_FACE('',(#3642),#3660,.T.);
#3642 = FACE_BOUND('',#3643,.T.);
#3643 = EDGE_LOOP('',(#3644,#3652,#3653,#3654));
#3644 = ORIENTED_EDGE('',*,*,#3645,.T.);
#3645 = EDGE_CURVE('',#3646,#3520,#3648,.T.);
#3646 = VERTEX_POINT('',#3647);
#3647 = CARTESIAN_POINT('',(21.294679641724,0.,37.395183563232));
#3648 = LINE('',#3649,#3650);
#3649 = CARTESIAN_POINT('',(21.294679641724,0.,37.395183563232));
#3650 = VECTOR('',#3651,1.);
#3651 = DIRECTION('',(0.110615099059,-0.98768851351,0.110615099059));
#3652 = ORIENTED_EDGE('',*,*,#3631,.T.);
#3653 = ORIENTED_EDGE('',*,*,#2942,.F.);
#3654 = ORIENTED_EDGE('',*,*,#3655,.F.);
#3655 = EDGE_CURVE('',#3646,#2614,#3656,.T.);
#3656 = LINE('',#3657,#3658);
#3657 = CARTESIAN_POINT('',(21.294679641724,0.,37.395183563232));
#3658 = VECTOR('',#3659,1.);
#3659 = DIRECTION('',(0.707106781187,0.,-0.707106781187));
#3660 = PLANE('',#3661);
#3661 = AXIS2_PLACEMENT_3D('',#3662,#3663,#3664);
#3662 = CARTESIAN_POINT('',(28.956641197205,-0.540779769421,
    29.854350090027));
#3663 = DIRECTION('',(0.698401245603,0.156433373292,0.698401245603));
#3664 = DIRECTION('',(0.707106781187,-8.693801661886E-18,-0.707106781187
    ));
#3665 = ADVANCED_FACE('',(#3666),#3682,.T.);
#3666 = FACE_BOUND('',#3667,.T.);
#3667 = EDGE_LOOP('',(#3668,#3674,#3675,#3676));
#3668 = ORIENTED_EDGE('',*,*,#3669,.T.);
#3669 = EDGE_CURVE('',#2146,#3646,#3670,.T.);
#3670 = LINE('',#3671,#3672);
#3671 = CARTESIAN_POINT('',(21.415807723999,1.081559538841,
    37.516311645508));
#3672 = VECTOR('',#3673,1.);
#3673 = DIRECTION('',(-0.110615099059,-0.98768851351,-0.110615099059));
#3674 = ORIENTED_EDGE('',*,*,#3655,.T.);
#3675 = ORIENTED_EDGE('',*,*,#2631,.F.);
#3676 = ORIENTED_EDGE('',*,*,#3677,.F.);
#3677 = EDGE_CURVE('',#2146,#2624,#3678,.T.);
#3678 = LINE('',#3679,#3680);
#3679 = CARTESIAN_POINT('',(21.415807723999,1.081559538841,
    37.516311645508));
#3680 = VECTOR('',#3681,1.);
#3681 = DIRECTION('',(0.707106781187,0.,-0.707106781187));
#3682 = PLANE('',#3683);
#3683 = AXIS2_PLACEMENT_3D('',#3684,#3685,#3686);
#3684 = CARTESIAN_POINT('',(28.956641197205,0.540779769421,
    29.854350090027));
#3685 = DIRECTION('',(0.698401245603,-0.156433373292,0.698401245603));
#3686 = DIRECTION('',(0.707106781187,8.693801661886E-18,-0.707106781187)
  );
#3687 = ADVANCED_FACE('',(#3688),#3694,.T.);
#3688 = FACE_BOUND('',#3689,.T.);
#3689 = EDGE_LOOP('',(#3690,#3691,#3692,#3693));
#3690 = ORIENTED_EDGE('',*,*,#2153,.T.);
#3691 = ORIENTED_EDGE('',*,*,#3677,.T.);
#3692 = ORIENTED_EDGE('',*,*,#2654,.F.);
#3693 = ORIENTED_EDGE('',*,*,#2728,.F.);
#3694 = PLANE('',#3695);
#3695 = AXIS2_PLACEMENT_3D('',#3696,#3697,#3698);
#3696 = CARTESIAN_POINT('',(29.192970763208,1.569403975519,
    30.09067965603));
#3697 = DIRECTION('',(0.630036320072,-0.453991707831,0.630036320072));
#3698 = DIRECTION('',(0.707106781187,1.065423137937E-17,-0.707106781187)
  );
#3699 = ADVANCED_FACE('',(#3700),#3725,.T.);
#3700 = FACE_BOUND('',#3701,.T.);
#3701 = EDGE_LOOP('',(#3702,#3710,#3711,#3719));
#3702 = ORIENTED_EDGE('',*,*,#3703,.T.);
#3703 = EDGE_CURVE('',#3704,#2554,#3706,.T.);
#3704 = VERTEX_POINT('',#3705);
#3705 = CARTESIAN_POINT('',(23.769552230835,3.5,39.870056152344));
#3706 = LINE('',#3707,#3708);
#3707 = CARTESIAN_POINT('',(23.769552230835,3.5,39.870056152344));
#3708 = VECTOR('',#3709,1.);
#3709 = DIRECTION('',(-0.698401136699,-0.156434345699,-0.698401136699));
#3710 = ORIENTED_EDGE('',*,*,#2786,.T.);
#3711 = ORIENTED_EDGE('',*,*,#3712,.F.);
#3712 = EDGE_CURVE('',#3713,#2669,#3715,.T.);
#3713 = VERTEX_POINT('',#3714);
#3714 = CARTESIAN_POINT('',(38.972347259521,3.5,24.667261123657));
#3715 = LINE('',#3716,#3717);
#3716 = CARTESIAN_POINT('',(38.972347259521,3.5,24.667261123657));
#3717 = VECTOR('',#3718,1.);
#3718 = DIRECTION('',(-0.698401136699,-0.156434345699,-0.698401136699));
#3719 = ORIENTED_EDGE('',*,*,#3720,.F.);
#3720 = EDGE_CURVE('',#3704,#3713,#3721,.T.);
#3721 = LINE('',#3722,#3723);
#3722 = CARTESIAN_POINT('',(23.769552230835,3.5,39.870056152344));
#3723 = VECTOR('',#3724,1.);
#3724 = DIRECTION('',(0.707106781187,0.,-0.707106781187));
#3725 = PLANE('',#3726);
#3726 = AXIS2_PLACEMENT_3D('',#3727,#3728,#3729);
#3727 = CARTESIAN_POINT('',(30.988560676575,3.414348959923,
    31.886269569397));
#3728 = DIRECTION('',(0.110615786654,-0.987688359497,0.110615786654));
#3729 = DIRECTION('',(5.47719758053E-19,-0.111298800236,-0.993786987773)
  );
#3730 = ADVANCED_FACE('',(#3731),#3747,.T.);
#3731 = FACE_BOUND('',#3732,.T.);
#3732 = EDGE_LOOP('',(#3733,#3739,#3740,#3746));
#3733 = ORIENTED_EDGE('',*,*,#3734,.T.);
#3734 = EDGE_CURVE('',#22,#3704,#3735,.T.);
#3735 = LINE('',#3736,#3737);
#3736 = CARTESIAN_POINT('',(24.534330368042,3.328697919846,
    40.634834289551));
#3737 = VECTOR('',#3738,1.);
#3738 = DIRECTION('',(-0.698401136699,0.156434345699,-0.698401136699));
#3739 = ORIENTED_EDGE('',*,*,#3720,.T.);
#3740 = ORIENTED_EDGE('',*,*,#3741,.F.);
#3741 = EDGE_CURVE('',#101,#3713,#3742,.T.);
#3742 = LINE('',#3743,#3744);
#3743 = CARTESIAN_POINT('',(39.737125396729,3.328697919846,
    25.432039260864));
#3744 = VECTOR('',#3745,1.);
#3745 = DIRECTION('',(-0.698401136699,0.156434345699,-0.698401136699));
#3746 = ORIENTED_EDGE('',*,*,#100,.F.);
#3747 = PLANE('',#3748);
#3748 = AXIS2_PLACEMENT_3D('',#3749,#3750,#3751);
#3749 = CARTESIAN_POINT('',(31.753338813782,3.414348959923,
    32.651047706604));
#3750 = DIRECTION('',(-0.110615786654,-0.987688359497,-0.110615786654));
#3751 = DIRECTION('',(5.47719758053E-19,0.111298800236,-0.993786987773)
  );
#3752 = ADVANCED_FACE('',(#3753),#3759,.T.);
#3753 = FACE_BOUND('',#3754,.T.);
#3754 = EDGE_LOOP('',(#3755,#3756,#3757,#3758));
#3755 = ORIENTED_EDGE('',*,*,#1967,.T.);
#3756 = ORIENTED_EDGE('',*,*,#1242,.T.);
#3757 = ORIENTED_EDGE('',*,*,#1114,.F.);
#3758 = ORIENTED_EDGE('',*,*,#991,.F.);
#3759 = PLANE('',#3760);
#3760 = AXIS2_PLACEMENT_3D('',#3761,#3762,#3763);
#3761 = CARTESIAN_POINT('',(33.548929680823,1.569403975519,
    34.44663952732));
#3762 = DIRECTION('',(-0.630036985125,-0.453989752248,-0.63003706417));
#3763 = DIRECTION('',(-0.707106825543,-1.236864036184E-17,0.70710673683)
  );
#3764 = ADVANCED_FACE('',(#3765),#3781,.T.);
#3765 = FACE_BOUND('',#3766,.T.);
#3766 = EDGE_LOOP('',(#3767,#3768,#3774,#3775));
#3767 = ORIENTED_EDGE('',*,*,#3189,.F.);
#3768 = ORIENTED_EDGE('',*,*,#3769,.F.);
#3769 = EDGE_CURVE('',#513,#3182,#3770,.T.);
#3770 = LINE('',#3771,#3772);
#3771 = CARTESIAN_POINT('',(20.731010437012,-12.71591854095,
    46.731010437012));
#3772 = VECTOR('',#3773,1.);
#3773 = DIRECTION('',(-0.703233170306,-0.104528543287,-0.703233170306));
#3774 = ORIENTED_EDGE('',*,*,#565,.F.);
#3775 = ORIENTED_EDGE('',*,*,#3776,.T.);
#3776 = EDGE_CURVE('',#566,#3190,#3777,.T.);
#3777 = LINE('',#3778,#3779);
#3778 = CARTESIAN_POINT('',(19.263801574707,-9.980267524719,
    45.263801574707));
#3779 = VECTOR('',#3780,1.);
#3780 = DIRECTION('',(-0.70571145701,6.279075480477E-02,-0.70571145701)
  );
#3781 = PLANE('',#3782);
#3782 = AXIS2_PLACEMENT_3D('',#3783,#3784,#3785);
#3783 = CARTESIAN_POINT('',(19.0702907907,-11.40568995975,45.0702907907)
  );
#3784 = DIRECTION('',(-0.707106781187,-0.,0.707106781187));
#3785 = DIRECTION('',(0.707106781187,0.,0.707106781187));
#3786 = ADVANCED_FACE('',(#3787),#3811,.T.);
#3787 = FACE_BOUND('',#3788,.T.);
#3788 = EDGE_LOOP('',(#3789,#3790,#3798,#3804,#3805));
#3789 = ORIENTED_EDGE('',*,*,#2323,.T.);
#3790 = ORIENTED_EDGE('',*,*,#3791,.T.);
#3791 = EDGE_CURVE('',#2316,#3792,#3794,.T.);
#3792 = VERTEX_POINT('',#3793);
#3793 = CARTESIAN_POINT('',(18.819805145264,10.,44.819805145264));
#3794 = LINE('',#3795,#3796);
#3795 = CARTESIAN_POINT('',(17.494819641113,9.822872161865,
    43.494819641113));
#3796 = VECTOR('',#3797,1.);
#3797 = DIRECTION('',(0.703968601855,9.410852886369E-02,0.703968601855)
  );
#3798 = ORIENTED_EDGE('',*,*,#3799,.T.);
#3799 = EDGE_CURVE('',#3792,#1560,#3800,.T.);
#3800 = LINE('',#3801,#3802);
#3801 = CARTESIAN_POINT('',(18.819805145264,10.,44.819805145264));
#3802 = VECTOR('',#3803,1.);
#3803 = DIRECTION('',(0.706757875812,-3.141034789724E-02,0.706757875812)
  );
#3804 = ORIENTED_EDGE('',*,*,#1559,.T.);
#3805 = ORIENTED_EDGE('',*,*,#3806,.F.);
#3806 = EDGE_CURVE('',#2292,#1456,#3807,.T.);
#3807 = LINE('',#3808,#3809);
#3808 = CARTESIAN_POINT('',(18.819805145264,13.,44.819805145264));
#3809 = VECTOR('',#3810,1.);
#3810 = DIRECTION('',(0.703233170306,-0.104528543287,0.703233170306));
#3811 = PLANE('',#3812);
#3812 = AXIS2_PLACEMENT_3D('',#3813,#3814,#3815);
#3813 = CARTESIAN_POINT('',(19.069949319298,11.411245876444,
    45.069949319298));
#3814 = DIRECTION('',(-0.707106781187,-0.,0.707106781187));
#3815 = DIRECTION('',(-0.707106781187,0.,-0.707106781187));
#3816 = ADVANCED_FACE('',(#3817),#3833,.T.);
#3817 = FACE_BOUND('',#3818,.T.);
#3818 = EDGE_LOOP('',(#3819,#3820,#3826,#3827));
#3819 = ORIENTED_EDGE('',*,*,#3312,.T.);
#3820 = ORIENTED_EDGE('',*,*,#3821,.T.);
#3821 = EDGE_CURVE('',#3305,#2201,#3822,.T.);
#3822 = LINE('',#3823,#3824);
#3823 = CARTESIAN_POINT('',(11.804494857788,-1.25333237648,
    37.804492950439));
#3824 = VECTOR('',#3825,1.);
#3825 = DIRECTION('',(0.,1.,0.));
#3826 = ORIENTED_EDGE('',*,*,#2200,.F.);
#3827 = ORIENTED_EDGE('',*,*,#3828,.F.);
#3828 = EDGE_CURVE('',#3213,#2193,#3829,.T.);
#3829 = LINE('',#3830,#3831);
#3830 = CARTESIAN_POINT('',(0.,-13.,26.));
#3831 = VECTOR('',#3832,1.);
#3832 = DIRECTION('',(0.,1.,0.));
#3833 = PLANE('',#3834);
#3834 = AXIS2_PLACEMENT_3D('',#3835,#3836,#3837);
#3835 = CARTESIAN_POINT('',(3.902254050522,0.,29.902253420003));
#3836 = DIRECTION('',(-0.70710672406,0.,0.707106838313));
#3837 = DIRECTION('',(0.707106838313,0.,0.70710672406));
#3838 = ADVANCED_FACE('',(#3839),#3850,.T.);
#3839 = FACE_BOUND('',#3840,.T.);
#3840 = EDGE_LOOP('',(#3841,#3842,#3848,#3849));
#3841 = ORIENTED_EDGE('',*,*,#1536,.T.);
#3842 = ORIENTED_EDGE('',*,*,#3843,.T.);
#3843 = EDGE_CURVE('',#1537,#1325,#3844,.T.);
#3844 = LINE('',#3845,#3846);
#3845 = CARTESIAN_POINT('',(21.004884719849,9.510564804077,
    47.004886627197));
#3846 = VECTOR('',#3847,1.);
#3847 = DIRECTION('',(0.639809761073,-0.425779183318,0.639809000162));
#3848 = ORIENTED_EDGE('',*,*,#1324,.F.);
#3849 = ORIENTED_EDGE('',*,*,#1417,.F.);
#3850 = PLANE('',#3851);
#3851 = AXIS2_PLACEMENT_3D('',#3852,#3853,#3854);
#3852 = CARTESIAN_POINT('',(22.603067878892,10.114682392532,
    48.603067873377));
#3853 = DIRECTION('',(-0.707106364196,1.296473973212E-08,0.707107198177)
  );
#3854 = DIRECTION('',(0.707107198177,-3.689986082488E-26,0.707106364196)
  );
#3855 = ADVANCED_FACE('',(#3856),#3868,.T.);
#3856 = FACE_BOUND('',#3857,.T.);
#3857 = EDGE_LOOP('',(#3858,#3859,#3860,#3861,#3862));
#3858 = ORIENTED_EDGE('',*,*,#3079,.F.);
#3859 = ORIENTED_EDGE('',*,*,#2113,.T.);
#3860 = ORIENTED_EDGE('',*,*,#2082,.T.);
#3861 = ORIENTED_EDGE('',*,*,#892,.F.);
#3862 = ORIENTED_EDGE('',*,*,#3863,.F.);
#3863 = EDGE_CURVE('',#2889,#521,#3864,.T.);
#3864 = LINE('',#3865,#3866);
#3865 = CARTESIAN_POINT('',(38.972347259521,-13.,24.667261123657));
#3866 = VECTOR('',#3867,1.);
#3867 = DIRECTION('',(0.703233170306,0.104528543287,0.703233170306));
#3868 = PLANE('',#3869);
#3869 = AXIS2_PLACEMENT_3D('',#3870,#3871,#3872);
#3870 = CARTESIAN_POINT('',(39.453270426081,-8.205730629158,
    25.148184290217));
#3871 = DIRECTION('',(0.707106781187,0.,-0.707106781187));
#3872 = DIRECTION('',(-0.707106781187,0.,-0.707106781187));
#3873 = ADVANCED_FACE('',(#3874),#3886,.T.);
#3874 = FACE_BOUND('',#3875,.T.);
#3875 = EDGE_LOOP('',(#3876,#3877,#3878,#3879,#3880));
#3876 = ORIENTED_EDGE('',*,*,#1499,.T.);
#3877 = ORIENTED_EDGE('',*,*,#3741,.T.);
#3878 = ORIENTED_EDGE('',*,*,#3712,.T.);
#3879 = ORIENTED_EDGE('',*,*,#2684,.F.);
#3880 = ORIENTED_EDGE('',*,*,#3881,.F.);
#3881 = EDGE_CURVE('',#1432,#2677,#3882,.T.);
#3882 = LINE('',#3883,#3884);
#3883 = CARTESIAN_POINT('',(40.88355255127,12.715918540955,
    26.578466415405));
#3884 = VECTOR('',#3885,1.);
#3885 = DIRECTION('',(-0.703233170306,0.104528543287,-0.703233170306));
#3886 = PLANE('',#3887);
#3887 = AXIS2_PLACEMENT_3D('',#3888,#3889,#3890);
#3888 = CARTESIAN_POINT('',(39.453270426081,8.205730629158,
    25.148184290217));
#3889 = DIRECTION('',(0.707106781187,0.,-0.707106781187));
#3890 = DIRECTION('',(-0.707106781187,0.,-0.707106781187));
#3891 = ADVANCED_FACE('',(#3892),#3898,.T.);
#3892 = FACE_BOUND('',#3893,.T.);
#3893 = EDGE_LOOP('',(#3894,#3895,#3896,#3897));
#3894 = ORIENTED_EDGE('',*,*,#755,.T.);
#3895 = ORIENTED_EDGE('',*,*,#473,.T.);
#3896 = ORIENTED_EDGE('',*,*,#304,.F.);
#3897 = ORIENTED_EDGE('',*,*,#1688,.T.);
#3898 = PLANE('',#3899);
#3899 = AXIS2_PLACEMENT_3D('',#3900,#3901,#3902);
#3900 = CARTESIAN_POINT('',(37.247737884521,-5.258610486984,
    43.095195770264));
#3901 = DIRECTION('',(0.645974171278,-0.406736696258,0.645974171278));
#3902 = DIRECTION('',(0.707106781187,1.337134692562E-17,-0.707106781187)
  );
#3903 = ADVANCED_FACE('',(#3904),#3910,.T.);
#3904 = FACE_BOUND('',#3905,.T.);
#3905 = EDGE_LOOP('',(#3906,#3907,#3908,#3909));
#3906 = ORIENTED_EDGE('',*,*,#327,.T.);
#3907 = ORIENTED_EDGE('',*,*,#940,.T.);
#3908 = ORIENTED_EDGE('',*,*,#1075,.F.);
#3909 = ORIENTED_EDGE('',*,*,#1666,.T.);
#3910 = PLANE('',#3911);
#3911 = AXIS2_PLACEMENT_3D('',#3912,#3913,#3914);
#3912 = CARTESIAN_POINT('',(38.038107872009,0.,43.885564804077));
#3913 = DIRECTION('',(0.707106814649,0.,0.707106747724));
#3914 = DIRECTION('',(-0.707106747724,0.,0.707106814649));
#3915 = ADVANCED_FACE('',(#3916),#3927,.T.);
#3916 = FACE_BOUND('',#3917,.T.);
#3917 = EDGE_LOOP('',(#3918,#3919,#3920,#3921));
#3918 = ORIENTED_EDGE('',*,*,#1091,.T.);
#3919 = ORIENTED_EDGE('',*,*,#1052,.T.);
#3920 = ORIENTED_EDGE('',*,*,#1146,.F.);
#3921 = ORIENTED_EDGE('',*,*,#3922,.T.);
#3922 = EDGE_CURVE('',#1139,#1092,#3923,.T.);
#3923 = LINE('',#3924,#3925);
#3924 = CARTESIAN_POINT('',(26.780647277832,6.5,52.780647277832));
#3925 = VECTOR('',#3926,1.);
#3926 = DIRECTION('',(0.287606276081,-0.913545433964,0.287606276081));
#3927 = PLANE('',#3928);
#3928 = AXIS2_PLACEMENT_3D('',#3929,#3930,#3931);
#3929 = CARTESIAN_POINT('',(37.247737884521,5.258610486984,
    43.095195770264));
#3930 = DIRECTION('',(0.645974171278,0.406736696258,0.645974171278));
#3931 = DIRECTION('',(0.707106781187,2.586188651013E-17,-0.707106781187)
  );
#3932 = ADVANCED_FACE('',(#3933),#3944,.T.);
#3933 = FACE_BOUND('',#3934,.T.);
#3934 = EDGE_LOOP('',(#3935,#3936,#3937,#3943));
#3935 = ORIENTED_EDGE('',*,*,#1455,.T.);
#3936 = ORIENTED_EDGE('',*,*,#3881,.T.);
#3937 = ORIENTED_EDGE('',*,*,#3938,.F.);
#3938 = EDGE_CURVE('',#2292,#2677,#3939,.T.);
#3939 = LINE('',#3940,#3941);
#3940 = CARTESIAN_POINT('',(18.819805145264,13.,44.819805145264));
#3941 = VECTOR('',#3942,1.);
#3942 = DIRECTION('',(0.707106747724,0.,-0.707106814649));
#3943 = ORIENTED_EDGE('',*,*,#3806,.T.);
#3944 = PLANE('',#3945);
#3945 = AXIS2_PLACEMENT_3D('',#3946,#3947,#3948);
#3946 = CARTESIAN_POINT('',(29.851678848267,12.857959270477,
    35.699135780334));
#3947 = DIRECTION('',(7.391284528389E-02,0.994521886958,
    7.391283828837E-02));
#3948 = DIRECTION('',(0.997249658714,-7.411557322227E-02,
    1.095450712852E-19));
#3949 = ADVANCED_FACE('',(#3950),#3977,.T.);
#3950 = FACE_BOUND('',#3951,.T.);
#3951 = EDGE_LOOP('',(#3952,#3953,#3954,#3962,#3970,#3976));
#3952 = ORIENTED_EDGE('',*,*,#3938,.T.);
#3953 = ORIENTED_EDGE('',*,*,#2819,.T.);
#3954 = ORIENTED_EDGE('',*,*,#3955,.F.);
#3955 = EDGE_CURVE('',#3956,#2812,#3958,.T.);
#3956 = VERTEX_POINT('',#3957);
#3957 = CARTESIAN_POINT('',(34.,13.,0.));
#3958 = LINE('',#3959,#3960);
#3959 = CARTESIAN_POINT('',(34.,13.,0.));
#3960 = VECTOR('',#3961,1.);
#3961 = DIRECTION('',(0.,0.,1.));
#3962 = ORIENTED_EDGE('',*,*,#3963,.F.);
#3963 = EDGE_CURVE('',#3964,#3956,#3966,.T.);
#3964 = VERTEX_POINT('',#3965);
#3965 = CARTESIAN_POINT('',(0.,13.,0.));
#3966 = LINE('',#3967,#3968);
#3967 = CARTESIAN_POINT('',(0.,13.,0.));
#3968 = VECTOR('',#3969,1.);
#3969 = DIRECTION('',(1.,0.,0.));
#3970 = ORIENTED_EDGE('',*,*,#3971,.F.);
#3971 = EDGE_CURVE('',#2193,#3964,#3972,.T.);
#3972 = LINE('',#3973,#3974);
#3973 = CARTESIAN_POINT('',(0.,13.,26.));
#3974 = VECTOR('',#3975,1.);
#3975 = DIRECTION('',(0.,0.,-1.));
#3976 = ORIENTED_EDGE('',*,*,#2299,.T.);
#3977 = PLANE('',#3978);
#3978 = AXIS2_PLACEMENT_3D('',#3979,#3980,#3981);
#3979 = CARTESIAN_POINT('',(18.176417841985,13.,18.475153372224));
#3980 = DIRECTION('',(0.,1.,0.));
#3981 = DIRECTION('',(0.,-0.,1.));
#3982 = ADVANCED_FACE('',(#3983),#4016,.T.);
#3983 = FACE_BOUND('',#3984,.T.);
#3984 = EDGE_LOOP('',(#3985,#3995,#4001,#4002,#4010));
#3985 = ORIENTED_EDGE('',*,*,#3986,.T.);
#3986 = EDGE_CURVE('',#3987,#3989,#3991,.T.);
#3987 = VERTEX_POINT('',#3988);
#3988 = CARTESIAN_POINT('',(0.,-7.,6.));
#3989 = VERTEX_POINT('',#3990);
#3990 = CARTESIAN_POINT('',(0.,-7.,20.));
#3991 = LINE('',#3992,#3993);
#3992 = CARTESIAN_POINT('',(0.,-7.,6.));
#3993 = VECTOR('',#3994,1.);
#3994 = DIRECTION('',(0.,0.,1.));
#3995 = ORIENTED_EDGE('',*,*,#3996,.T.);
#3996 = EDGE_CURVE('',#3989,#2836,#3997,.T.);
#3997 = LINE('',#3998,#3999);
#3998 = CARTESIAN_POINT('',(0.,-7.,20.));
#3999 = VECTOR('',#4000,1.);
#4000 = DIRECTION('',(1.,0.,0.));
#4001 = ORIENTED_EDGE('',*,*,#2873,.T.);
#4002 = ORIENTED_EDGE('',*,*,#4003,.F.);
#4003 = EDGE_CURVE('',#4004,#2866,#4006,.T.);
#4004 = VERTEX_POINT('',#4005);
#4005 = CARTESIAN_POINT('',(34.,-7.,6.));
#4006 = LINE('',#4007,#4008);
#4007 = CARTESIAN_POINT('',(34.,-7.,6.));
#4008 = VECTOR('',#4009,1.);
#4009 = DIRECTION('',(0.,0.,1.));
#4010 = ORIENTED_EDGE('',*,*,#4011,.F.);
#4011 = EDGE_CURVE('',#3987,#4004,#4012,.T.);
#4012 = LINE('',#4013,#4014);
#4013 = CARTESIAN_POINT('',(0.,-7.,6.));
#4014 = VECTOR('',#4015,1.);
#4015 = DIRECTION('',(1.,0.,0.));
#4016 = PLANE('',#4017);
#4017 = AXIS2_PLACEMENT_3D('',#4018,#4019,#4020);
#4018 = CARTESIAN_POINT('',(17.077227693593,-7.,13.031119971071));
#4019 = DIRECTION('',(0.,1.,0.));
#4020 = DIRECTION('',(0.,-0.,1.));
#4021 = ADVANCED_FACE('',(#4022),#4056,.T.);
#4022 = FACE_BOUND('',#4023,.T.);
#4023 = EDGE_LOOP('',(#4024,#4025,#4033,#4039,#4040,#4041,#4049,#4055));
#4024 = ORIENTED_EDGE('',*,*,#3103,.T.);
#4025 = ORIENTED_EDGE('',*,*,#4026,.T.);
#4026 = EDGE_CURVE('',#3096,#4027,#4029,.T.);
#4027 = VERTEX_POINT('',#4028);
#4028 = CARTESIAN_POINT('',(34.,7.,6.));
#4029 = LINE('',#4030,#4031);
#4030 = CARTESIAN_POINT('',(34.,7.,19.694913864136));
#4031 = VECTOR('',#4032,1.);
#4032 = DIRECTION('',(0.,0.,-1.));
#4033 = ORIENTED_EDGE('',*,*,#4034,.F.);
#4034 = EDGE_CURVE('',#4004,#4027,#4035,.T.);
#4035 = LINE('',#4036,#4037);
#4036 = CARTESIAN_POINT('',(34.,-7.,6.));
#4037 = VECTOR('',#4038,1.);
#4038 = DIRECTION('',(0.,1.,0.));
#4039 = ORIENTED_EDGE('',*,*,#4003,.T.);
#4040 = ORIENTED_EDGE('',*,*,#2865,.T.);
#4041 = ORIENTED_EDGE('',*,*,#4042,.T.);
#4042 = EDGE_CURVE('',#2858,#4043,#4045,.T.);
#4043 = VERTEX_POINT('',#4044);
#4044 = CARTESIAN_POINT('',(34.,-13.,0.));
#4045 = LINE('',#4046,#4047);
#4046 = CARTESIAN_POINT('',(34.,-13.,19.694913864136));
#4047 = VECTOR('',#4048,1.);
#4048 = DIRECTION('',(0.,0.,-1.));
#4049 = ORIENTED_EDGE('',*,*,#4050,.F.);
#4050 = EDGE_CURVE('',#3956,#4043,#4051,.T.);
#4051 = LINE('',#4052,#4053);
#4052 = CARTESIAN_POINT('',(34.,13.,0.));
#4053 = VECTOR('',#4054,1.);
#4054 = DIRECTION('',(0.,-1.,0.));
#4055 = ORIENTED_EDGE('',*,*,#3955,.T.);
#4056 = PLANE('',#4057);
#4057 = AXIS2_PLACEMENT_3D('',#4058,#4059,#4060);
#4058 = CARTESIAN_POINT('',(34.,0.,8.925082553291));
#4059 = DIRECTION('',(1.,0.,0.));
#4060 = DIRECTION('',(-0.,0.,1.));
#4061 = ADVANCED_FACE('',(#4062,#4080,#4242),#4404,.T.);
#4062 = FACE_BOUND('',#4063,.T.);
#4063 = EDGE_LOOP('',(#4064,#4065,#4066,#4074));
#4064 = ORIENTED_EDGE('',*,*,#4011,.T.);
#4065 = ORIENTED_EDGE('',*,*,#4034,.T.);
#4066 = ORIENTED_EDGE('',*,*,#4067,.T.);
#4067 = EDGE_CURVE('',#4027,#4068,#4070,.T.);
#4068 = VERTEX_POINT('',#4069);
#4069 = CARTESIAN_POINT('',(0.,7.,6.));
#4070 = LINE('',#4071,#4072);
#4071 = CARTESIAN_POINT('',(34.,7.,6.));
#4072 = VECTOR('',#4073,1.);
#4073 = DIRECTION('',(-1.,0.,0.));
#4074 = ORIENTED_EDGE('',*,*,#4075,.T.);
#4075 = EDGE_CURVE('',#4068,#3987,#4076,.T.);
#4076 = LINE('',#4077,#4078);
#4077 = CARTESIAN_POINT('',(0.,7.,6.));
#4078 = VECTOR('',#4079,1.);
#4079 = DIRECTION('',(0.,-1.,0.));
#4080 = FACE_BOUND('',#4081,.T.);
#4081 = EDGE_LOOP('',(#4082,#4092,#4100,#4108,#4116,#4124,#4132,#4140,
    #4148,#4156,#4164,#4172,#4180,#4188,#4196,#4204,#4212,#4220,#4228,
    #4236));
#4082 = ORIENTED_EDGE('',*,*,#4083,.F.);
#4083 = EDGE_CURVE('',#4084,#4086,#4088,.T.);
#4084 = VERTEX_POINT('',#4085);
#4085 = CARTESIAN_POINT('',(24.150203704834,-2.615405321121,6.));
#4086 = VERTEX_POINT('',#4087);
#4087 = CARTESIAN_POINT('',(25.,-2.75,6.));
#4088 = LINE('',#4089,#4090);
#4089 = CARTESIAN_POINT('',(24.150203704834,-2.615405321121,6.));
#4090 = VECTOR('',#4091,1.);
#4091 = DIRECTION('',(0.987688310376,-0.156434655839,0.));
#4092 = ORIENTED_EDGE('',*,*,#4093,.F.);
#4093 = EDGE_CURVE('',#4094,#4084,#4096,.T.);
#4094 = VERTEX_POINT('',#4095);
#4095 = CARTESIAN_POINT('',(23.383590698242,-2.224796772003,6.));
#4096 = LINE('',#4097,#4098);
#4097 = CARTESIAN_POINT('',(23.383590698242,-2.224796772003,6.));
#4098 = VECTOR('',#4099,1.);
#4099 = DIRECTION('',(0.891006659428,-0.453990234318,0.));
#4100 = ORIENTED_EDGE('',*,*,#4101,.F.);
#4101 = EDGE_CURVE('',#4102,#4094,#4104,.T.);
#4102 = VERTEX_POINT('',#4103);
#4103 = CARTESIAN_POINT('',(22.775203704834,-1.616409420967,6.));
#4104 = LINE('',#4105,#4106);
#4105 = CARTESIAN_POINT('',(22.775203704834,-1.616409420967,6.));
#4106 = VECTOR('',#4107,1.);
#4107 = DIRECTION('',(0.707106573357,-0.707106989016,0.));
#4108 = ORIENTED_EDGE('',*,*,#4109,.F.);
#4109 = EDGE_CURVE('',#4110,#4102,#4112,.T.);
#4110 = VERTEX_POINT('',#4111);
#4111 = CARTESIAN_POINT('',(22.384593963623,-0.849796712399,6.));
#4112 = LINE('',#4113,#4114);
#4113 = CARTESIAN_POINT('',(22.384593963623,-0.849796712399,6.));
#4114 = VECTOR('',#4115,1.);
#4115 = DIRECTION('',(0.453991474391,-0.891006027578,0.));
#4116 = ORIENTED_EDGE('',*,*,#4117,.F.);
#4117 = EDGE_CURVE('',#4118,#4110,#4120,.T.);
#4118 = VERTEX_POINT('',#4119);
#4119 = CARTESIAN_POINT('',(22.25,0.,6.));
#4120 = LINE('',#4121,#4122);
#4121 = CARTESIAN_POINT('',(22.25,0.,6.));
#4122 = VECTOR('',#4123,1.);
#4123 = DIRECTION('',(0.15643376994,-0.987688450688,0.));
#4124 = ORIENTED_EDGE('',*,*,#4125,.F.);
#4125 = EDGE_CURVE('',#4126,#4118,#4128,.T.);
#4126 = VERTEX_POINT('',#4127);
#4127 = CARTESIAN_POINT('',(22.384593963623,0.849796712399,6.));
#4128 = LINE('',#4129,#4130);
#4129 = CARTESIAN_POINT('',(22.384593963623,0.849796712399,6.));
#4130 = VECTOR('',#4131,1.);
#4131 = DIRECTION('',(-0.15643376994,-0.987688450688,0.));
#4132 = ORIENTED_EDGE('',*,*,#4133,.F.);
#4133 = EDGE_CURVE('',#4134,#4126,#4136,.T.);
#4134 = VERTEX_POINT('',#4135);
#4135 = CARTESIAN_POINT('',(22.775203704834,1.616409420967,6.));
#4136 = LINE('',#4137,#4138);
#4137 = CARTESIAN_POINT('',(22.775203704834,1.616409420967,6.));
#4138 = VECTOR('',#4139,1.);
#4139 = DIRECTION('',(-0.453991474391,-0.891006027578,0.));
#4140 = ORIENTED_EDGE('',*,*,#4141,.F.);
#4141 = EDGE_CURVE('',#4142,#4134,#4144,.T.);
#4142 = VERTEX_POINT('',#4143);
#4143 = CARTESIAN_POINT('',(23.383590698242,2.224796772003,6.));
#4144 = LINE('',#4145,#4146);
#4145 = CARTESIAN_POINT('',(23.383590698242,2.224796772003,6.));
#4146 = VECTOR('',#4147,1.);
#4147 = DIRECTION('',(-0.707106573357,-0.707106989016,0.));
#4148 = ORIENTED_EDGE('',*,*,#4149,.F.);
#4149 = EDGE_CURVE('',#4150,#4142,#4152,.T.);
#4150 = VERTEX_POINT('',#4151);
#4151 = CARTESIAN_POINT('',(24.150203704834,2.615405321121,6.));
#4152 = LINE('',#4153,#4154);
#4153 = CARTESIAN_POINT('',(24.150203704834,2.615405321121,6.));
#4154 = VECTOR('',#4155,1.);
#4155 = DIRECTION('',(-0.891006659428,-0.453990234318,0.));
#4156 = ORIENTED_EDGE('',*,*,#4157,.F.);
#4157 = EDGE_CURVE('',#4158,#4150,#4160,.T.);
#4158 = VERTEX_POINT('',#4159);
#4159 = CARTESIAN_POINT('',(25.,2.75,6.));
#4160 = LINE('',#4161,#4162);
#4161 = CARTESIAN_POINT('',(25.,2.75,6.));
#4162 = VECTOR('',#4163,1.);
#4163 = DIRECTION('',(-0.987688310376,-0.156434655839,0.));
#4164 = ORIENTED_EDGE('',*,*,#4165,.F.);
#4165 = EDGE_CURVE('',#4166,#4158,#4168,.T.);
#4166 = VERTEX_POINT('',#4167);
#4167 = CARTESIAN_POINT('',(25.849796295166,2.615405321121,6.));
#4168 = LINE('',#4169,#4170);
#4169 = CARTESIAN_POINT('',(25.849796295166,2.615405321121,6.));
#4170 = VECTOR('',#4171,1.);
#4171 = DIRECTION('',(-0.987688310376,0.156434655839,0.));
#4172 = ORIENTED_EDGE('',*,*,#4173,.F.);
#4173 = EDGE_CURVE('',#4174,#4166,#4176,.T.);
#4174 = VERTEX_POINT('',#4175);
#4175 = CARTESIAN_POINT('',(26.616409301758,2.224796772003,6.));
#4176 = LINE('',#4177,#4178);
#4177 = CARTESIAN_POINT('',(26.616409301758,2.224796772003,6.));
#4178 = VECTOR('',#4179,1.);
#4179 = DIRECTION('',(-0.891006659428,0.453990234318,0.));
#4180 = ORIENTED_EDGE('',*,*,#4181,.F.);
#4181 = EDGE_CURVE('',#4182,#4174,#4184,.T.);
#4182 = VERTEX_POINT('',#4183);
#4183 = CARTESIAN_POINT('',(27.224796295166,1.616409420967,6.));
#4184 = LINE('',#4185,#4186);
#4185 = CARTESIAN_POINT('',(27.224796295166,1.616409420967,6.));
#4186 = VECTOR('',#4187,1.);
#4187 = DIRECTION('',(-0.707106573357,0.707106989016,0.));
#4188 = ORIENTED_EDGE('',*,*,#4189,.F.);
#4189 = EDGE_CURVE('',#4190,#4182,#4192,.T.);
#4190 = VERTEX_POINT('',#4191);
#4191 = CARTESIAN_POINT('',(27.615406036377,0.849796712399,6.));
#4192 = LINE('',#4193,#4194);
#4193 = CARTESIAN_POINT('',(27.615406036377,0.849796712399,6.));
#4194 = VECTOR('',#4195,1.);
#4195 = DIRECTION('',(-0.453991474391,0.891006027578,0.));
#4196 = ORIENTED_EDGE('',*,*,#4197,.F.);
#4197 = EDGE_CURVE('',#4198,#4190,#4200,.T.);
#4198 = VERTEX_POINT('',#4199);
#4199 = CARTESIAN_POINT('',(27.75,0.,6.));
#4200 = LINE('',#4201,#4202);
#4201 = CARTESIAN_POINT('',(27.75,0.,6.));
#4202 = VECTOR('',#4203,1.);
#4203 = DIRECTION('',(-0.15643376994,0.987688450688,0.));
#4204 = ORIENTED_EDGE('',*,*,#4205,.F.);
#4205 = EDGE_CURVE('',#4206,#4198,#4208,.T.);
#4206 = VERTEX_POINT('',#4207);
#4207 = CARTESIAN_POINT('',(27.615406036377,-0.849796712399,6.));
#4208 = LINE('',#4209,#4210);
#4209 = CARTESIAN_POINT('',(27.615406036377,-0.849796712399,6.));
#4210 = VECTOR('',#4211,1.);
#4211 = DIRECTION('',(0.15643376994,0.987688450688,0.));
#4212 = ORIENTED_EDGE('',*,*,#4213,.F.);
#4213 = EDGE_CURVE('',#4214,#4206,#4216,.T.);
#4214 = VERTEX_POINT('',#4215);
#4215 = CARTESIAN_POINT('',(27.224796295166,-1.616409420967,6.));
#4216 = LINE('',#4217,#4218);
#4217 = CARTESIAN_POINT('',(27.224796295166,-1.616409420967,6.));
#4218 = VECTOR('',#4219,1.);
#4219 = DIRECTION('',(0.453991474391,0.891006027578,0.));
#4220 = ORIENTED_EDGE('',*,*,#4221,.F.);
#4221 = EDGE_CURVE('',#4222,#4214,#4224,.T.);
#4222 = VERTEX_POINT('',#4223);
#4223 = CARTESIAN_POINT('',(26.616409301758,-2.224796772003,6.));
#4224 = LINE('',#4225,#4226);
#4225 = CARTESIAN_POINT('',(26.616409301758,-2.224796772003,6.));
#4226 = VECTOR('',#4227,1.);
#4227 = DIRECTION('',(0.707106573357,0.707106989016,0.));
#4228 = ORIENTED_EDGE('',*,*,#4229,.F.);
#4229 = EDGE_CURVE('',#4230,#4222,#4232,.T.);
#4230 = VERTEX_POINT('',#4231);
#4231 = CARTESIAN_POINT('',(25.849796295166,-2.615405321121,6.));
#4232 = LINE('',#4233,#4234);
#4233 = CARTESIAN_POINT('',(25.849796295166,-2.615405321121,6.));
#4234 = VECTOR('',#4235,1.);
#4235 = DIRECTION('',(0.891006659428,0.453990234318,0.));
#4236 = ORIENTED_EDGE('',*,*,#4237,.F.);
#4237 = EDGE_CURVE('',#4086,#4230,#4238,.T.);
#4238 = LINE('',#4239,#4240);
#4239 = CARTESIAN_POINT('',(25.,-2.75,6.));
#4240 = VECTOR('',#4241,1.);
#4241 = DIRECTION('',(0.987688310376,0.156434655839,0.));
#4242 = FACE_BOUND('',#4243,.T.);
#4243 = EDGE_LOOP('',(#4244,#4254,#4262,#4270,#4278,#4286,#4294,#4302,
    #4310,#4318,#4326,#4334,#4342,#4350,#4358,#4366,#4374,#4382,#4390,
    #4398));
#4244 = ORIENTED_EDGE('',*,*,#4245,.F.);
#4245 = EDGE_CURVE('',#4246,#4248,#4250,.T.);
#4246 = VERTEX_POINT('',#4247);
#4247 = CARTESIAN_POINT('',(10.,-2.75,6.));
#4248 = VERTEX_POINT('',#4249);
#4249 = CARTESIAN_POINT('',(10.849796295166,-2.615405321121,6.));
#4250 = LINE('',#4251,#4252);
#4251 = CARTESIAN_POINT('',(10.,-2.75,6.));
#4252 = VECTOR('',#4253,1.);
#4253 = DIRECTION('',(0.987688310376,0.156434655839,0.));
#4254 = ORIENTED_EDGE('',*,*,#4255,.F.);
#4255 = EDGE_CURVE('',#4256,#4246,#4258,.T.);
#4256 = VERTEX_POINT('',#4257);
#4257 = CARTESIAN_POINT('',(9.150203704834,-2.615405321121,6.));
#4258 = LINE('',#4259,#4260);
#4259 = CARTESIAN_POINT('',(9.150203704834,-2.615405321121,6.));
#4260 = VECTOR('',#4261,1.);
#4261 = DIRECTION('',(0.987688310376,-0.156434655839,0.));
#4262 = ORIENTED_EDGE('',*,*,#4263,.F.);
#4263 = EDGE_CURVE('',#4264,#4256,#4266,.T.);
#4264 = VERTEX_POINT('',#4265);
#4265 = CARTESIAN_POINT('',(8.383590698242,-2.224796772003,6.));
#4266 = LINE('',#4267,#4268);
#4267 = CARTESIAN_POINT('',(8.383590698242,-2.224796772003,6.));
#4268 = VECTOR('',#4269,1.);
#4269 = DIRECTION('',(0.891006659428,-0.453990234318,0.));
#4270 = ORIENTED_EDGE('',*,*,#4271,.F.);
#4271 = EDGE_CURVE('',#4272,#4264,#4274,.T.);
#4272 = VERTEX_POINT('',#4273);
#4273 = CARTESIAN_POINT('',(7.775203227997,-1.616409420967,6.));
#4274 = LINE('',#4275,#4276);
#4275 = CARTESIAN_POINT('',(7.775203227997,-1.616409420967,6.));
#4276 = VECTOR('',#4277,1.);
#4277 = DIRECTION('',(0.707106850463,-0.70710671191,0.));
#4278 = ORIENTED_EDGE('',*,*,#4279,.F.);
#4279 = EDGE_CURVE('',#4280,#4272,#4282,.T.);
#4280 = VERTEX_POINT('',#4281);
#4281 = CARTESIAN_POINT('',(7.38459444046,-0.849796712399,6.));
#4282 = LINE('',#4283,#4284);
#4283 = CARTESIAN_POINT('',(7.38459444046,-0.849796712399,6.));
#4284 = VECTOR('',#4285,1.);
#4285 = DIRECTION('',(0.453990594424,-0.891006475944,0.));
#4286 = ORIENTED_EDGE('',*,*,#4287,.F.);
#4287 = EDGE_CURVE('',#4288,#4280,#4290,.T.);
#4288 = VERTEX_POINT('',#4289);
#4289 = CARTESIAN_POINT('',(7.25,0.,6.));
#4290 = LINE('',#4291,#4292);
#4291 = CARTESIAN_POINT('',(7.25,0.,6.));
#4292 = VECTOR('',#4293,1.);
#4293 = DIRECTION('',(0.156434310588,-0.987688365058,0.));
#4294 = ORIENTED_EDGE('',*,*,#4295,.F.);
#4295 = EDGE_CURVE('',#4296,#4288,#4298,.T.);
#4296 = VERTEX_POINT('',#4297);
#4297 = CARTESIAN_POINT('',(7.38459444046,0.849796712399,6.));
#4298 = LINE('',#4299,#4300);
#4299 = CARTESIAN_POINT('',(7.38459444046,0.849796712399,6.));
#4300 = VECTOR('',#4301,1.);
#4301 = DIRECTION('',(-0.156434310588,-0.987688365058,0.));
#4302 = ORIENTED_EDGE('',*,*,#4303,.F.);
#4303 = EDGE_CURVE('',#4304,#4296,#4306,.T.);
#4304 = VERTEX_POINT('',#4305);
#4305 = CARTESIAN_POINT('',(7.775203227997,1.616409420967,6.));
#4306 = LINE('',#4307,#4308);
#4307 = CARTESIAN_POINT('',(7.775203227997,1.616409420967,6.));
#4308 = VECTOR('',#4309,1.);
#4309 = DIRECTION('',(-0.453990594424,-0.891006475944,0.));
#4310 = ORIENTED_EDGE('',*,*,#4311,.F.);
#4311 = EDGE_CURVE('',#4312,#4304,#4314,.T.);
#4312 = VERTEX_POINT('',#4313);
#4313 = CARTESIAN_POINT('',(8.383590698242,2.224796772003,6.));
#4314 = LINE('',#4315,#4316);
#4315 = CARTESIAN_POINT('',(8.383590698242,2.224796772003,6.));
#4316 = VECTOR('',#4317,1.);
#4317 = DIRECTION('',(-0.707106850463,-0.70710671191,0.));
#4318 = ORIENTED_EDGE('',*,*,#4319,.F.);
#4319 = EDGE_CURVE('',#4320,#4312,#4322,.T.);
#4320 = VERTEX_POINT('',#4321);
#4321 = CARTESIAN_POINT('',(9.150203704834,2.615405321121,6.));
#4322 = LINE('',#4323,#4324);
#4323 = CARTESIAN_POINT('',(9.150203704834,2.615405321121,6.));
#4324 = VECTOR('',#4325,1.);
#4325 = DIRECTION('',(-0.891006659428,-0.453990234318,0.));
#4326 = ORIENTED_EDGE('',*,*,#4327,.F.);
#4327 = EDGE_CURVE('',#4328,#4320,#4330,.T.);
#4328 = VERTEX_POINT('',#4329);
#4329 = CARTESIAN_POINT('',(10.,2.75,6.));
#4330 = LINE('',#4331,#4332);
#4331 = CARTESIAN_POINT('',(10.,2.75,6.));
#4332 = VECTOR('',#4333,1.);
#4333 = DIRECTION('',(-0.987688310376,-0.156434655839,0.));
#4334 = ORIENTED_EDGE('',*,*,#4335,.F.);
#4335 = EDGE_CURVE('',#4336,#4328,#4338,.T.);
#4336 = VERTEX_POINT('',#4337);
#4337 = CARTESIAN_POINT('',(10.849796295166,2.615405321121,6.));
#4338 = LINE('',#4339,#4340);
#4339 = CARTESIAN_POINT('',(10.849796295166,2.615405321121,6.));
#4340 = VECTOR('',#4341,1.);
#4341 = DIRECTION('',(-0.987688310376,0.156434655839,0.));
#4342 = ORIENTED_EDGE('',*,*,#4343,.F.);
#4343 = EDGE_CURVE('',#4344,#4336,#4346,.T.);
#4344 = VERTEX_POINT('',#4345);
#4345 = CARTESIAN_POINT('',(11.616409301758,2.224796772003,6.));
#4346 = LINE('',#4347,#4348);
#4347 = CARTESIAN_POINT('',(11.616409301758,2.224796772003,6.));
#4348 = VECTOR('',#4349,1.);
#4349 = DIRECTION('',(-0.891006659428,0.453990234318,0.));
#4350 = ORIENTED_EDGE('',*,*,#4351,.F.);
#4351 = EDGE_CURVE('',#4352,#4344,#4354,.T.);
#4352 = VERTEX_POINT('',#4353);
#4353 = CARTESIAN_POINT('',(12.224796295166,1.616409420967,6.));
#4354 = LINE('',#4355,#4356);
#4355 = CARTESIAN_POINT('',(12.224796295166,1.616409420967,6.));
#4356 = VECTOR('',#4357,1.);
#4357 = DIRECTION('',(-0.707106573357,0.707106989016,0.));
#4358 = ORIENTED_EDGE('',*,*,#4359,.F.);
#4359 = EDGE_CURVE('',#4360,#4352,#4362,.T.);
#4360 = VERTEX_POINT('',#4361);
#4361 = CARTESIAN_POINT('',(12.615405082703,0.849796712399,6.));
#4362 = LINE('',#4363,#4364);
#4363 = CARTESIAN_POINT('',(12.615405082703,0.849796712399,6.));
#4364 = VECTOR('',#4365,1.);
#4365 = DIRECTION('',(-0.453990594424,0.891006475944,0.));
#4366 = ORIENTED_EDGE('',*,*,#4367,.F.);
#4367 = EDGE_CURVE('',#4368,#4360,#4370,.T.);
#4368 = VERTEX_POINT('',#4369);
#4369 = CARTESIAN_POINT('',(12.75,0.,6.));
#4370 = LINE('',#4371,#4372);
#4371 = CARTESIAN_POINT('',(12.75,0.,6.));
#4372 = VECTOR('',#4373,1.);
#4373 = DIRECTION('',(-0.156434851236,0.987688279428,0.));
#4374 = ORIENTED_EDGE('',*,*,#4375,.F.);
#4375 = EDGE_CURVE('',#4376,#4368,#4378,.T.);
#4376 = VERTEX_POINT('',#4377);
#4377 = CARTESIAN_POINT('',(12.615405082703,-0.849796712399,6.));
#4378 = LINE('',#4379,#4380);
#4379 = CARTESIAN_POINT('',(12.615405082703,-0.849796712399,6.));
#4380 = VECTOR('',#4381,1.);
#4381 = DIRECTION('',(0.156434851236,0.987688279428,0.));
#4382 = ORIENTED_EDGE('',*,*,#4383,.F.);
#4383 = EDGE_CURVE('',#4384,#4376,#4386,.T.);
#4384 = VERTEX_POINT('',#4385);
#4385 = CARTESIAN_POINT('',(12.224796295166,-1.616409420967,6.));
#4386 = LINE('',#4387,#4388);
#4387 = CARTESIAN_POINT('',(12.224796295166,-1.616409420967,6.));
#4388 = VECTOR('',#4389,1.);
#4389 = DIRECTION('',(0.453990594424,0.891006475944,0.));
#4390 = ORIENTED_EDGE('',*,*,#4391,.F.);
#4391 = EDGE_CURVE('',#4392,#4384,#4394,.T.);
#4392 = VERTEX_POINT('',#4393);
#4393 = CARTESIAN_POINT('',(11.616409301758,-2.224796772003,6.));
#4394 = LINE('',#4395,#4396);
#4395 = CARTESIAN_POINT('',(11.616409301758,-2.224796772003,6.));
#4396 = VECTOR('',#4397,1.);
#4397 = DIRECTION('',(0.707106573357,0.707106989016,0.));
#4398 = ORIENTED_EDGE('',*,*,#4399,.F.);
#4399 = EDGE_CURVE('',#4248,#4392,#4400,.T.);
#4400 = LINE('',#4401,#4402);
#4401 = CARTESIAN_POINT('',(10.849796295166,-2.615405321121,6.));
#4402 = VECTOR('',#4403,1.);
#4403 = DIRECTION('',(0.891006659428,0.453990234318,0.));
#4404 = PLANE('',#4405);
#4405 = AXIS2_PLACEMENT_3D('',#4406,#4407,#4408);
#4406 = CARTESIAN_POINT('',(17.,0.,6.));
#4407 = DIRECTION('',(0.,0.,1.));
#4408 = DIRECTION('',(1.,0.,-0.));
#4409 = ADVANCED_FACE('',(#4410,#4428,#4590),#4752,.T.);
#4410 = FACE_BOUND('',#4411,.T.);
#4411 = EDGE_LOOP('',(#4412,#4420,#4421,#4422));
#4412 = ORIENTED_EDGE('',*,*,#4413,.T.);
#4413 = EDGE_CURVE('',#4414,#3964,#4416,.T.);
#4414 = VERTEX_POINT('',#4415);
#4415 = CARTESIAN_POINT('',(0.,-13.,0.));
#4416 = LINE('',#4417,#4418);
#4417 = CARTESIAN_POINT('',(0.,-13.,0.));
#4418 = VECTOR('',#4419,1.);
#4419 = DIRECTION('',(0.,1.,0.));
#4420 = ORIENTED_EDGE('',*,*,#3963,.T.);
#4421 = ORIENTED_EDGE('',*,*,#4050,.T.);
#4422 = ORIENTED_EDGE('',*,*,#4423,.T.);
#4423 = EDGE_CURVE('',#4043,#4414,#4424,.T.);
#4424 = LINE('',#4425,#4426);
#4425 = CARTESIAN_POINT('',(34.,-13.,0.));
#4426 = VECTOR('',#4427,1.);
#4427 = DIRECTION('',(-1.,0.,0.));
#4428 = FACE_BOUND('',#4429,.T.);
#4429 = EDGE_LOOP('',(#4430,#4440,#4448,#4456,#4464,#4472,#4480,#4488,
    #4496,#4504,#4512,#4520,#4528,#4536,#4544,#4552,#4560,#4568,#4576,
    #4584));
#4430 = ORIENTED_EDGE('',*,*,#4431,.T.);
#4431 = EDGE_CURVE('',#4432,#4434,#4436,.T.);
#4432 = VERTEX_POINT('',#4433);
#4433 = CARTESIAN_POINT('',(12.615405082703,-0.849796712399,0.));
#4434 = VERTEX_POINT('',#4435);
#4435 = CARTESIAN_POINT('',(12.75,0.,0.));
#4436 = LINE('',#4437,#4438);
#4437 = CARTESIAN_POINT('',(12.615405082703,-0.849796712399,0.));
#4438 = VECTOR('',#4439,1.);
#4439 = DIRECTION('',(0.156434851236,0.987688279428,0.));
#4440 = ORIENTED_EDGE('',*,*,#4441,.T.);
#4441 = EDGE_CURVE('',#4434,#4442,#4444,.T.);
#4442 = VERTEX_POINT('',#4443);
#4443 = CARTESIAN_POINT('',(12.615405082703,0.849796712399,0.));
#4444 = LINE('',#4445,#4446);
#4445 = CARTESIAN_POINT('',(12.75,0.,0.));
#4446 = VECTOR('',#4447,1.);
#4447 = DIRECTION('',(-0.156434851236,0.987688279428,0.));
#4448 = ORIENTED_EDGE('',*,*,#4449,.T.);
#4449 = EDGE_CURVE('',#4442,#4450,#4452,.T.);
#4450 = VERTEX_POINT('',#4451);
#4451 = CARTESIAN_POINT('',(12.224796295166,1.616409420967,0.));
#4452 = LINE('',#4453,#4454);
#4453 = CARTESIAN_POINT('',(12.615405082703,0.849796712399,0.));
#4454 = VECTOR('',#4455,1.);
#4455 = DIRECTION('',(-0.453990594424,0.891006475944,0.));
#4456 = ORIENTED_EDGE('',*,*,#4457,.T.);
#4457 = EDGE_CURVE('',#4450,#4458,#4460,.T.);
#4458 = VERTEX_POINT('',#4459);
#4459 = CARTESIAN_POINT('',(11.616409301758,2.224796772003,0.));
#4460 = LINE('',#4461,#4462);
#4461 = CARTESIAN_POINT('',(12.224796295166,1.616409420967,0.));
#4462 = VECTOR('',#4463,1.);
#4463 = DIRECTION('',(-0.707106573357,0.707106989016,0.));
#4464 = ORIENTED_EDGE('',*,*,#4465,.T.);
#4465 = EDGE_CURVE('',#4458,#4466,#4468,.T.);
#4466 = VERTEX_POINT('',#4467);
#4467 = CARTESIAN_POINT('',(10.849796295166,2.615405321121,0.));
#4468 = LINE('',#4469,#4470);
#4469 = CARTESIAN_POINT('',(11.616409301758,2.224796772003,0.));
#4470 = VECTOR('',#4471,1.);
#4471 = DIRECTION('',(-0.891006659428,0.453990234318,0.));
#4472 = ORIENTED_EDGE('',*,*,#4473,.T.);
#4473 = EDGE_CURVE('',#4466,#4474,#4476,.T.);
#4474 = VERTEX_POINT('',#4475);
#4475 = CARTESIAN_POINT('',(10.,2.75,0.));
#4476 = LINE('',#4477,#4478);
#4477 = CARTESIAN_POINT('',(10.849796295166,2.615405321121,0.));
#4478 = VECTOR('',#4479,1.);
#4479 = DIRECTION('',(-0.987688310376,0.156434655839,0.));
#4480 = ORIENTED_EDGE('',*,*,#4481,.T.);
#4481 = EDGE_CURVE('',#4474,#4482,#4484,.T.);
#4482 = VERTEX_POINT('',#4483);
#4483 = CARTESIAN_POINT('',(9.150203704834,2.615405321121,0.));
#4484 = LINE('',#4485,#4486);
#4485 = CARTESIAN_POINT('',(10.,2.75,0.));
#4486 = VECTOR('',#4487,1.);
#4487 = DIRECTION('',(-0.987688310376,-0.156434655839,0.));
#4488 = ORIENTED_EDGE('',*,*,#4489,.T.);
#4489 = EDGE_CURVE('',#4482,#4490,#4492,.T.);
#4490 = VERTEX_POINT('',#4491);
#4491 = CARTESIAN_POINT('',(8.383590698242,2.224796772003,0.));
#4492 = LINE('',#4493,#4494);
#4493 = CARTESIAN_POINT('',(9.150203704834,2.615405321121,0.));
#4494 = VECTOR('',#4495,1.);
#4495 = DIRECTION('',(-0.891006659428,-0.453990234318,0.));
#4496 = ORIENTED_EDGE('',*,*,#4497,.T.);
#4497 = EDGE_CURVE('',#4490,#4498,#4500,.T.);
#4498 = VERTEX_POINT('',#4499);
#4499 = CARTESIAN_POINT('',(7.775203227997,1.616409420967,0.));
#4500 = LINE('',#4501,#4502);
#4501 = CARTESIAN_POINT('',(8.383590698242,2.224796772003,0.));
#4502 = VECTOR('',#4503,1.);
#4503 = DIRECTION('',(-0.707106850463,-0.70710671191,0.));
#4504 = ORIENTED_EDGE('',*,*,#4505,.T.);
#4505 = EDGE_CURVE('',#4498,#4506,#4508,.T.);
#4506 = VERTEX_POINT('',#4507);
#4507 = CARTESIAN_POINT('',(7.38459444046,0.849796712399,0.));
#4508 = LINE('',#4509,#4510);
#4509 = CARTESIAN_POINT('',(7.775203227997,1.616409420967,0.));
#4510 = VECTOR('',#4511,1.);
#4511 = DIRECTION('',(-0.453990594424,-0.891006475944,0.));
#4512 = ORIENTED_EDGE('',*,*,#4513,.T.);
#4513 = EDGE_CURVE('',#4506,#4514,#4516,.T.);
#4514 = VERTEX_POINT('',#4515);
#4515 = CARTESIAN_POINT('',(7.25,0.,0.));
#4516 = LINE('',#4517,#4518);
#4517 = CARTESIAN_POINT('',(7.38459444046,0.849796712399,0.));
#4518 = VECTOR('',#4519,1.);
#4519 = DIRECTION('',(-0.156434310588,-0.987688365058,0.));
#4520 = ORIENTED_EDGE('',*,*,#4521,.T.);
#4521 = EDGE_CURVE('',#4514,#4522,#4524,.T.);
#4522 = VERTEX_POINT('',#4523);
#4523 = CARTESIAN_POINT('',(7.38459444046,-0.849796712399,0.));
#4524 = LINE('',#4525,#4526);
#4525 = CARTESIAN_POINT('',(7.25,0.,0.));
#4526 = VECTOR('',#4527,1.);
#4527 = DIRECTION('',(0.156434310588,-0.987688365058,0.));
#4528 = ORIENTED_EDGE('',*,*,#4529,.T.);
#4529 = EDGE_CURVE('',#4522,#4530,#4532,.T.);
#4530 = VERTEX_POINT('',#4531);
#4531 = CARTESIAN_POINT('',(7.775203227997,-1.616409420967,0.));
#4532 = LINE('',#4533,#4534);
#4533 = CARTESIAN_POINT('',(7.38459444046,-0.849796712399,0.));
#4534 = VECTOR('',#4535,1.);
#4535 = DIRECTION('',(0.453990594424,-0.891006475944,0.));
#4536 = ORIENTED_EDGE('',*,*,#4537,.T.);
#4537 = EDGE_CURVE('',#4530,#4538,#4540,.T.);
#4538 = VERTEX_POINT('',#4539);
#4539 = CARTESIAN_POINT('',(8.383590698242,-2.224796772003,0.));
#4540 = LINE('',#4541,#4542);
#4541 = CARTESIAN_POINT('',(7.775203227997,-1.616409420967,0.));
#4542 = VECTOR('',#4543,1.);
#4543 = DIRECTION('',(0.707106850463,-0.70710671191,0.));
#4544 = ORIENTED_EDGE('',*,*,#4545,.T.);
#4545 = EDGE_CURVE('',#4538,#4546,#4548,.T.);
#4546 = VERTEX_POINT('',#4547);
#4547 = CARTESIAN_POINT('',(9.150203704834,-2.615405321121,0.));
#4548 = LINE('',#4549,#4550);
#4549 = CARTESIAN_POINT('',(8.383590698242,-2.224796772003,0.));
#4550 = VECTOR('',#4551,1.);
#4551 = DIRECTION('',(0.891006659428,-0.453990234318,0.));
#4552 = ORIENTED_EDGE('',*,*,#4553,.T.);
#4553 = EDGE_CURVE('',#4546,#4554,#4556,.T.);
#4554 = VERTEX_POINT('',#4555);
#4555 = CARTESIAN_POINT('',(10.,-2.75,0.));
#4556 = LINE('',#4557,#4558);
#4557 = CARTESIAN_POINT('',(9.150203704834,-2.615405321121,0.));
#4558 = VECTOR('',#4559,1.);
#4559 = DIRECTION('',(0.987688310376,-0.156434655839,0.));
#4560 = ORIENTED_EDGE('',*,*,#4561,.T.);
#4561 = EDGE_CURVE('',#4554,#4562,#4564,.T.);
#4562 = VERTEX_POINT('',#4563);
#4563 = CARTESIAN_POINT('',(10.849796295166,-2.615405321121,0.));
#4564 = LINE('',#4565,#4566);
#4565 = CARTESIAN_POINT('',(10.,-2.75,0.));
#4566 = VECTOR('',#4567,1.);
#4567 = DIRECTION('',(0.987688310376,0.156434655839,0.));
#4568 = ORIENTED_EDGE('',*,*,#4569,.T.);
#4569 = EDGE_CURVE('',#4562,#4570,#4572,.T.);
#4570 = VERTEX_POINT('',#4571);
#4571 = CARTESIAN_POINT('',(11.616409301758,-2.224796772003,0.));
#4572 = LINE('',#4573,#4574);
#4573 = CARTESIAN_POINT('',(10.849796295166,-2.615405321121,0.));
#4574 = VECTOR('',#4575,1.);
#4575 = DIRECTION('',(0.891006659428,0.453990234318,0.));
#4576 = ORIENTED_EDGE('',*,*,#4577,.T.);
#4577 = EDGE_CURVE('',#4570,#4578,#4580,.T.);
#4578 = VERTEX_POINT('',#4579);
#4579 = CARTESIAN_POINT('',(12.224796295166,-1.616409420967,0.));
#4580 = LINE('',#4581,#4582);
#4581 = CARTESIAN_POINT('',(11.616409301758,-2.224796772003,0.));
#4582 = VECTOR('',#4583,1.);
#4583 = DIRECTION('',(0.707106573357,0.707106989016,0.));
#4584 = ORIENTED_EDGE('',*,*,#4585,.T.);
#4585 = EDGE_CURVE('',#4578,#4432,#4586,.T.);
#4586 = LINE('',#4587,#4588);
#4587 = CARTESIAN_POINT('',(12.224796295166,-1.616409420967,0.));
#4588 = VECTOR('',#4589,1.);
#4589 = DIRECTION('',(0.453990594424,0.891006475944,0.));
#4590 = FACE_BOUND('',#4591,.T.);
#4591 = EDGE_LOOP('',(#4592,#4602,#4610,#4618,#4626,#4634,#4642,#4650,
    #4658,#4666,#4674,#4682,#4690,#4698,#4706,#4714,#4722,#4730,#4738,
    #4746));
#4592 = ORIENTED_EDGE('',*,*,#4593,.F.);
#4593 = EDGE_CURVE('',#4594,#4596,#4598,.T.);
#4594 = VERTEX_POINT('',#4595);
#4595 = CARTESIAN_POINT('',(22.384593963623,-0.849796712399,0.));
#4596 = VERTEX_POINT('',#4597);
#4597 = CARTESIAN_POINT('',(22.25,0.,0.));
#4598 = LINE('',#4599,#4600);
#4599 = CARTESIAN_POINT('',(22.384593963623,-0.849796712399,0.));
#4600 = VECTOR('',#4601,1.);
#4601 = DIRECTION('',(-0.15643376994,0.987688450688,0.));
#4602 = ORIENTED_EDGE('',*,*,#4603,.F.);
#4603 = EDGE_CURVE('',#4604,#4594,#4606,.T.);
#4604 = VERTEX_POINT('',#4605);
#4605 = CARTESIAN_POINT('',(22.775203704834,-1.616409420967,0.));
#4606 = LINE('',#4607,#4608);
#4607 = CARTESIAN_POINT('',(22.775203704834,-1.616409420967,0.));
#4608 = VECTOR('',#4609,1.);
#4609 = DIRECTION('',(-0.453991474391,0.891006027578,0.));
#4610 = ORIENTED_EDGE('',*,*,#4611,.F.);
#4611 = EDGE_CURVE('',#4612,#4604,#4614,.T.);
#4612 = VERTEX_POINT('',#4613);
#4613 = CARTESIAN_POINT('',(23.383590698242,-2.224796772003,0.));
#4614 = LINE('',#4615,#4616);
#4615 = CARTESIAN_POINT('',(23.383590698242,-2.224796772003,0.));
#4616 = VECTOR('',#4617,1.);
#4617 = DIRECTION('',(-0.707106573357,0.707106989016,0.));
#4618 = ORIENTED_EDGE('',*,*,#4619,.F.);
#4619 = EDGE_CURVE('',#4620,#4612,#4622,.T.);
#4620 = VERTEX_POINT('',#4621);
#4621 = CARTESIAN_POINT('',(24.150203704834,-2.615405321121,0.));
#4622 = LINE('',#4623,#4624);
#4623 = CARTESIAN_POINT('',(24.150203704834,-2.615405321121,0.));
#4624 = VECTOR('',#4625,1.);
#4625 = DIRECTION('',(-0.891006659428,0.453990234318,0.));
#4626 = ORIENTED_EDGE('',*,*,#4627,.F.);
#4627 = EDGE_CURVE('',#4628,#4620,#4630,.T.);
#4628 = VERTEX_POINT('',#4629);
#4629 = CARTESIAN_POINT('',(25.,-2.75,0.));
#4630 = LINE('',#4631,#4632);
#4631 = CARTESIAN_POINT('',(25.,-2.75,0.));
#4632 = VECTOR('',#4633,1.);
#4633 = DIRECTION('',(-0.987688310376,0.156434655839,0.));
#4634 = ORIENTED_EDGE('',*,*,#4635,.F.);
#4635 = EDGE_CURVE('',#4636,#4628,#4638,.T.);
#4636 = VERTEX_POINT('',#4637);
#4637 = CARTESIAN_POINT('',(25.849796295166,-2.615405321121,0.));
#4638 = LINE('',#4639,#4640);
#4639 = CARTESIAN_POINT('',(25.849796295166,-2.615405321121,0.));
#4640 = VECTOR('',#4641,1.);
#4641 = DIRECTION('',(-0.987688310376,-0.156434655839,0.));
#4642 = ORIENTED_EDGE('',*,*,#4643,.F.);
#4643 = EDGE_CURVE('',#4644,#4636,#4646,.T.);
#4644 = VERTEX_POINT('',#4645);
#4645 = CARTESIAN_POINT('',(26.616409301758,-2.224796772003,0.));
#4646 = LINE('',#4647,#4648);
#4647 = CARTESIAN_POINT('',(26.616409301758,-2.224796772003,0.));
#4648 = VECTOR('',#4649,1.);
#4649 = DIRECTION('',(-0.891006659428,-0.453990234318,0.));
#4650 = ORIENTED_EDGE('',*,*,#4651,.F.);
#4651 = EDGE_CURVE('',#4652,#4644,#4654,.T.);
#4652 = VERTEX_POINT('',#4653);
#4653 = CARTESIAN_POINT('',(27.224796295166,-1.616409420967,0.));
#4654 = LINE('',#4655,#4656);
#4655 = CARTESIAN_POINT('',(27.224796295166,-1.616409420967,0.));
#4656 = VECTOR('',#4657,1.);
#4657 = DIRECTION('',(-0.707106573357,-0.707106989016,0.));
#4658 = ORIENTED_EDGE('',*,*,#4659,.F.);
#4659 = EDGE_CURVE('',#4660,#4652,#4662,.T.);
#4660 = VERTEX_POINT('',#4661);
#4661 = CARTESIAN_POINT('',(27.615406036377,-0.849796712399,0.));
#4662 = LINE('',#4663,#4664);
#4663 = CARTESIAN_POINT('',(27.615406036377,-0.849796712399,0.));
#4664 = VECTOR('',#4665,1.);
#4665 = DIRECTION('',(-0.453991474391,-0.891006027578,0.));
#4666 = ORIENTED_EDGE('',*,*,#4667,.F.);
#4667 = EDGE_CURVE('',#4668,#4660,#4670,.T.);
#4668 = VERTEX_POINT('',#4669);
#4669 = CARTESIAN_POINT('',(27.75,0.,0.));
#4670 = LINE('',#4671,#4672);
#4671 = CARTESIAN_POINT('',(27.75,0.,0.));
#4672 = VECTOR('',#4673,1.);
#4673 = DIRECTION('',(-0.15643376994,-0.987688450688,0.));
#4674 = ORIENTED_EDGE('',*,*,#4675,.F.);
#4675 = EDGE_CURVE('',#4676,#4668,#4678,.T.);
#4676 = VERTEX_POINT('',#4677);
#4677 = CARTESIAN_POINT('',(27.615406036377,0.849796712399,0.));
#4678 = LINE('',#4679,#4680);
#4679 = CARTESIAN_POINT('',(27.615406036377,0.849796712399,0.));
#4680 = VECTOR('',#4681,1.);
#4681 = DIRECTION('',(0.15643376994,-0.987688450688,0.));
#4682 = ORIENTED_EDGE('',*,*,#4683,.F.);
#4683 = EDGE_CURVE('',#4684,#4676,#4686,.T.);
#4684 = VERTEX_POINT('',#4685);
#4685 = CARTESIAN_POINT('',(27.224796295166,1.616409420967,0.));
#4686 = LINE('',#4687,#4688);
#4687 = CARTESIAN_POINT('',(27.224796295166,1.616409420967,0.));
#4688 = VECTOR('',#4689,1.);
#4689 = DIRECTION('',(0.453991474391,-0.891006027578,0.));
#4690 = ORIENTED_EDGE('',*,*,#4691,.F.);
#4691 = EDGE_CURVE('',#4692,#4684,#4694,.T.);
#4692 = VERTEX_POINT('',#4693);
#4693 = CARTESIAN_POINT('',(26.616409301758,2.224796772003,0.));
#4694 = LINE('',#4695,#4696);
#4695 = CARTESIAN_POINT('',(26.616409301758,2.224796772003,0.));
#4696 = VECTOR('',#4697,1.);
#4697 = DIRECTION('',(0.707106573357,-0.707106989016,0.));
#4698 = ORIENTED_EDGE('',*,*,#4699,.F.);
#4699 = EDGE_CURVE('',#4700,#4692,#4702,.T.);
#4700 = VERTEX_POINT('',#4701);
#4701 = CARTESIAN_POINT('',(25.849796295166,2.615405321121,0.));
#4702 = LINE('',#4703,#4704);
#4703 = CARTESIAN_POINT('',(25.849796295166,2.615405321121,0.));
#4704 = VECTOR('',#4705,1.);
#4705 = DIRECTION('',(0.891006659428,-0.453990234318,0.));
#4706 = ORIENTED_EDGE('',*,*,#4707,.F.);
#4707 = EDGE_CURVE('',#4708,#4700,#4710,.T.);
#4708 = VERTEX_POINT('',#4709);
#4709 = CARTESIAN_POINT('',(25.,2.75,0.));
#4710 = LINE('',#4711,#4712);
#4711 = CARTESIAN_POINT('',(25.,2.75,0.));
#4712 = VECTOR('',#4713,1.);
#4713 = DIRECTION('',(0.987688310376,-0.156434655839,0.));
#4714 = ORIENTED_EDGE('',*,*,#4715,.F.);
#4715 = EDGE_CURVE('',#4716,#4708,#4718,.T.);
#4716 = VERTEX_POINT('',#4717);
#4717 = CARTESIAN_POINT('',(24.150203704834,2.615405321121,0.));
#4718 = LINE('',#4719,#4720);
#4719 = CARTESIAN_POINT('',(24.150203704834,2.615405321121,0.));
#4720 = VECTOR('',#4721,1.);
#4721 = DIRECTION('',(0.987688310376,0.156434655839,0.));
#4722 = ORIENTED_EDGE('',*,*,#4723,.F.);
#4723 = EDGE_CURVE('',#4724,#4716,#4726,.T.);
#4724 = VERTEX_POINT('',#4725);
#4725 = CARTESIAN_POINT('',(23.383590698242,2.224796772003,0.));
#4726 = LINE('',#4727,#4728);
#4727 = CARTESIAN_POINT('',(23.383590698242,2.224796772003,0.));
#4728 = VECTOR('',#4729,1.);
#4729 = DIRECTION('',(0.891006659428,0.453990234318,0.));
#4730 = ORIENTED_EDGE('',*,*,#4731,.F.);
#4731 = EDGE_CURVE('',#4732,#4724,#4734,.T.);
#4732 = VERTEX_POINT('',#4733);
#4733 = CARTESIAN_POINT('',(22.775203704834,1.616409420967,0.));
#4734 = LINE('',#4735,#4736);
#4735 = CARTESIAN_POINT('',(22.775203704834,1.616409420967,0.));
#4736 = VECTOR('',#4737,1.);
#4737 = DIRECTION('',(0.707106573357,0.707106989016,0.));
#4738 = ORIENTED_EDGE('',*,*,#4739,.F.);
#4739 = EDGE_CURVE('',#4740,#4732,#4742,.T.);
#4740 = VERTEX_POINT('',#4741);
#4741 = CARTESIAN_POINT('',(22.384593963623,0.849796712399,0.));
#4742 = LINE('',#4743,#4744);
#4743 = CARTESIAN_POINT('',(22.384593963623,0.849796712399,0.));
#4744 = VECTOR('',#4745,1.);
#4745 = DIRECTION('',(0.453991474391,0.891006027578,0.));
#4746 = ORIENTED_EDGE('',*,*,#4747,.F.);
#4747 = EDGE_CURVE('',#4596,#4740,#4748,.T.);
#4748 = LINE('',#4749,#4750);
#4749 = CARTESIAN_POINT('',(22.25,0.,0.));
#4750 = VECTOR('',#4751,1.);
#4751 = DIRECTION('',(0.15643376994,0.987688450688,0.));
#4752 = PLANE('',#4753);
#4753 = AXIS2_PLACEMENT_3D('',#4754,#4755,#4756);
#4754 = CARTESIAN_POINT('',(17.,0.,0.));
#4755 = DIRECTION('',(-0.,-0.,-1.));
#4756 = DIRECTION('',(-1.,0.,0.));
#4757 = ADVANCED_FACE('',(#4758),#4774,.T.);
#4758 = FACE_BOUND('',#4759,.T.);
#4759 = EDGE_LOOP('',(#4760,#4761,#4767,#4768));
#4760 = ORIENTED_EDGE('',*,*,#4603,.T.);
#4761 = ORIENTED_EDGE('',*,*,#4762,.T.);
#4762 = EDGE_CURVE('',#4594,#4110,#4763,.T.);
#4763 = LINE('',#4764,#4765);
#4764 = CARTESIAN_POINT('',(22.384593963623,-0.849796712399,0.));
#4765 = VECTOR('',#4766,1.);
#4766 = DIRECTION('',(0.,0.,1.));
#4767 = ORIENTED_EDGE('',*,*,#4109,.T.);
#4768 = ORIENTED_EDGE('',*,*,#4769,.F.);
#4769 = EDGE_CURVE('',#4604,#4102,#4770,.T.);
#4770 = LINE('',#4771,#4772);
#4771 = CARTESIAN_POINT('',(22.775203704834,-1.616409420967,0.));
#4772 = VECTOR('',#4773,1.);
#4773 = DIRECTION('',(0.,0.,1.));
#4774 = PLANE('',#4775);
#4775 = AXIS2_PLACEMENT_3D('',#4776,#4777,#4778);
#4776 = CARTESIAN_POINT('',(22.579898834229,-1.233103066683,3.));
#4777 = DIRECTION('',(0.891006027578,0.453991474391,0.));
#4778 = DIRECTION('',(-0.453991474391,0.891006027578,0.));
#4779 = ADVANCED_FACE('',(#4780),#4791,.T.);
#4780 = FACE_BOUND('',#4781,.T.);
#4781 = EDGE_LOOP('',(#4782,#4783,#4784,#4785));
#4782 = ORIENTED_EDGE('',*,*,#4611,.T.);
#4783 = ORIENTED_EDGE('',*,*,#4769,.T.);
#4784 = ORIENTED_EDGE('',*,*,#4101,.T.);
#4785 = ORIENTED_EDGE('',*,*,#4786,.F.);
#4786 = EDGE_CURVE('',#4612,#4094,#4787,.T.);
#4787 = LINE('',#4788,#4789);
#4788 = CARTESIAN_POINT('',(23.383590698242,-2.224796772003,0.));
#4789 = VECTOR('',#4790,1.);
#4790 = DIRECTION('',(0.,0.,1.));
#4791 = PLANE('',#4792);
#4792 = AXIS2_PLACEMENT_3D('',#4793,#4794,#4795);
#4793 = CARTESIAN_POINT('',(23.079397201538,-1.920603096485,3.));
#4794 = DIRECTION('',(0.707106989016,0.707106573357,0.));
#4795 = DIRECTION('',(-0.707106573357,0.707106989016,0.));
#4796 = ADVANCED_FACE('',(#4797),#4808,.T.);
#4797 = FACE_BOUND('',#4798,.T.);
#4798 = EDGE_LOOP('',(#4799,#4800,#4801,#4802));
#4799 = ORIENTED_EDGE('',*,*,#4619,.T.);
#4800 = ORIENTED_EDGE('',*,*,#4786,.T.);
#4801 = ORIENTED_EDGE('',*,*,#4093,.T.);
#4802 = ORIENTED_EDGE('',*,*,#4803,.F.);
#4803 = EDGE_CURVE('',#4620,#4084,#4804,.T.);
#4804 = LINE('',#4805,#4806);
#4805 = CARTESIAN_POINT('',(24.150203704834,-2.615405321121,0.));
#4806 = VECTOR('',#4807,1.);
#4807 = DIRECTION('',(0.,0.,1.));
#4808 = PLANE('',#4809);
#4809 = AXIS2_PLACEMENT_3D('',#4810,#4811,#4812);
#4810 = CARTESIAN_POINT('',(23.766897201538,-2.420101046562,3.));
#4811 = DIRECTION('',(0.453990234318,0.891006659428,0.));
#4812 = DIRECTION('',(0.891006659428,-0.453990234318,0.));
#4813 = ADVANCED_FACE('',(#4814),#4825,.T.);
#4814 = FACE_BOUND('',#4815,.T.);
#4815 = EDGE_LOOP('',(#4816,#4817,#4818,#4819));
#4816 = ORIENTED_EDGE('',*,*,#4627,.T.);
#4817 = ORIENTED_EDGE('',*,*,#4803,.T.);
#4818 = ORIENTED_EDGE('',*,*,#4083,.T.);
#4819 = ORIENTED_EDGE('',*,*,#4820,.F.);
#4820 = EDGE_CURVE('',#4628,#4086,#4821,.T.);
#4821 = LINE('',#4822,#4823);
#4822 = CARTESIAN_POINT('',(25.,-2.75,0.));
#4823 = VECTOR('',#4824,1.);
#4824 = DIRECTION('',(0.,0.,1.));
#4825 = PLANE('',#4826);
#4826 = AXIS2_PLACEMENT_3D('',#4827,#4828,#4829);
#4827 = CARTESIAN_POINT('',(24.575101852417,-2.682702660561,3.));
#4828 = DIRECTION('',(0.156434655839,0.987688310376,0.));
#4829 = DIRECTION('',(0.987688310376,-0.156434655839,0.));
#4830 = ADVANCED_FACE('',(#4831),#4842,.T.);
#4831 = FACE_BOUND('',#4832,.T.);
#4832 = EDGE_LOOP('',(#4833,#4834,#4835,#4836));
#4833 = ORIENTED_EDGE('',*,*,#4635,.T.);
#4834 = ORIENTED_EDGE('',*,*,#4820,.T.);
#4835 = ORIENTED_EDGE('',*,*,#4237,.T.);
#4836 = ORIENTED_EDGE('',*,*,#4837,.F.);
#4837 = EDGE_CURVE('',#4636,#4230,#4838,.T.);
#4838 = LINE('',#4839,#4840);
#4839 = CARTESIAN_POINT('',(25.849796295166,-2.615405321121,0.));
#4840 = VECTOR('',#4841,1.);
#4841 = DIRECTION('',(0.,0.,1.));
#4842 = PLANE('',#4843);
#4843 = AXIS2_PLACEMENT_3D('',#4844,#4845,#4846);
#4844 = CARTESIAN_POINT('',(25.424898147583,-2.682702660561,3.));
#4845 = DIRECTION('',(-0.156434655839,0.987688310376,0.));
#4846 = DIRECTION('',(0.987688310376,0.156434655839,0.));
#4847 = ADVANCED_FACE('',(#4848),#4859,.T.);
#4848 = FACE_BOUND('',#4849,.T.);
#4849 = EDGE_LOOP('',(#4850,#4851,#4852,#4853));
#4850 = ORIENTED_EDGE('',*,*,#4643,.T.);
#4851 = ORIENTED_EDGE('',*,*,#4837,.T.);
#4852 = ORIENTED_EDGE('',*,*,#4229,.T.);
#4853 = ORIENTED_EDGE('',*,*,#4854,.F.);
#4854 = EDGE_CURVE('',#4644,#4222,#4855,.T.);
#4855 = LINE('',#4856,#4857);
#4856 = CARTESIAN_POINT('',(26.616409301758,-2.224796772003,0.));
#4857 = VECTOR('',#4858,1.);
#4858 = DIRECTION('',(0.,0.,1.));
#4859 = PLANE('',#4860);
#4860 = AXIS2_PLACEMENT_3D('',#4861,#4862,#4863);
#4861 = CARTESIAN_POINT('',(26.233102798462,-2.420101046562,3.));
#4862 = DIRECTION('',(-0.453990234318,0.891006659428,0.));
#4863 = DIRECTION('',(0.891006659428,0.453990234318,0.));
#4864 = ADVANCED_FACE('',(#4865),#4876,.T.);
#4865 = FACE_BOUND('',#4866,.T.);
#4866 = EDGE_LOOP('',(#4867,#4868,#4869,#4870));
#4867 = ORIENTED_EDGE('',*,*,#4651,.T.);
#4868 = ORIENTED_EDGE('',*,*,#4854,.T.);
#4869 = ORIENTED_EDGE('',*,*,#4221,.T.);
#4870 = ORIENTED_EDGE('',*,*,#4871,.F.);
#4871 = EDGE_CURVE('',#4652,#4214,#4872,.T.);
#4872 = LINE('',#4873,#4874);
#4873 = CARTESIAN_POINT('',(27.224796295166,-1.616409420967,0.));
#4874 = VECTOR('',#4875,1.);
#4875 = DIRECTION('',(0.,0.,1.));
#4876 = PLANE('',#4877);
#4877 = AXIS2_PLACEMENT_3D('',#4878,#4879,#4880);
#4878 = CARTESIAN_POINT('',(26.920602798462,-1.920603096485,3.));
#4879 = DIRECTION('',(-0.707106989016,0.707106573357,-0.));
#4880 = DIRECTION('',(-0.707106573357,-0.707106989016,0.));
#4881 = ADVANCED_FACE('',(#4882),#4893,.T.);
#4882 = FACE_BOUND('',#4883,.T.);
#4883 = EDGE_LOOP('',(#4884,#4885,#4886,#4887));
#4884 = ORIENTED_EDGE('',*,*,#4659,.T.);
#4885 = ORIENTED_EDGE('',*,*,#4871,.T.);
#4886 = ORIENTED_EDGE('',*,*,#4213,.T.);
#4887 = ORIENTED_EDGE('',*,*,#4888,.F.);
#4888 = EDGE_CURVE('',#4660,#4206,#4889,.T.);
#4889 = LINE('',#4890,#4891);
#4890 = CARTESIAN_POINT('',(27.615406036377,-0.849796712399,0.));
#4891 = VECTOR('',#4892,1.);
#4892 = DIRECTION('',(0.,0.,1.));
#4893 = PLANE('',#4894);
#4894 = AXIS2_PLACEMENT_3D('',#4895,#4896,#4897);
#4895 = CARTESIAN_POINT('',(27.420101165771,-1.233103066683,3.));
#4896 = DIRECTION('',(-0.891006027578,0.453991474391,-0.));
#4897 = DIRECTION('',(-0.453991474391,-0.891006027578,0.));
#4898 = ADVANCED_FACE('',(#4899),#4910,.T.);
#4899 = FACE_BOUND('',#4900,.T.);
#4900 = EDGE_LOOP('',(#4901,#4902,#4903,#4904));
#4901 = ORIENTED_EDGE('',*,*,#4667,.T.);
#4902 = ORIENTED_EDGE('',*,*,#4888,.T.);
#4903 = ORIENTED_EDGE('',*,*,#4205,.T.);
#4904 = ORIENTED_EDGE('',*,*,#4905,.F.);
#4905 = EDGE_CURVE('',#4668,#4198,#4906,.T.);
#4906 = LINE('',#4907,#4908);
#4907 = CARTESIAN_POINT('',(27.75,0.,0.));
#4908 = VECTOR('',#4909,1.);
#4909 = DIRECTION('',(0.,0.,1.));
#4910 = PLANE('',#4911);
#4911 = AXIS2_PLACEMENT_3D('',#4912,#4913,#4914);
#4912 = CARTESIAN_POINT('',(27.682703018188,-0.424898356199,3.));
#4913 = DIRECTION('',(-0.987688450688,0.15643376994,-0.));
#4914 = DIRECTION('',(-0.15643376994,-0.987688450688,0.));
#4915 = ADVANCED_FACE('',(#4916),#4927,.T.);
#4916 = FACE_BOUND('',#4917,.T.);
#4917 = EDGE_LOOP('',(#4918,#4919,#4920,#4921));
#4918 = ORIENTED_EDGE('',*,*,#4675,.T.);
#4919 = ORIENTED_EDGE('',*,*,#4905,.T.);
#4920 = ORIENTED_EDGE('',*,*,#4197,.T.);
#4921 = ORIENTED_EDGE('',*,*,#4922,.F.);
#4922 = EDGE_CURVE('',#4676,#4190,#4923,.T.);
#4923 = LINE('',#4924,#4925);
#4924 = CARTESIAN_POINT('',(27.615406036377,0.849796712399,0.));
#4925 = VECTOR('',#4926,1.);
#4926 = DIRECTION('',(0.,0.,1.));
#4927 = PLANE('',#4928);
#4928 = AXIS2_PLACEMENT_3D('',#4929,#4930,#4931);
#4929 = CARTESIAN_POINT('',(27.682703018188,0.424898356199,3.));
#4930 = DIRECTION('',(-0.987688450688,-0.15643376994,-0.));
#4931 = DIRECTION('',(0.15643376994,-0.987688450688,0.));
#4932 = ADVANCED_FACE('',(#4933),#4944,.T.);
#4933 = FACE_BOUND('',#4934,.T.);
#4934 = EDGE_LOOP('',(#4935,#4936,#4937,#4938));
#4935 = ORIENTED_EDGE('',*,*,#4683,.T.);
#4936 = ORIENTED_EDGE('',*,*,#4922,.T.);
#4937 = ORIENTED_EDGE('',*,*,#4189,.T.);
#4938 = ORIENTED_EDGE('',*,*,#4939,.F.);
#4939 = EDGE_CURVE('',#4684,#4182,#4940,.T.);
#4940 = LINE('',#4941,#4942);
#4941 = CARTESIAN_POINT('',(27.224796295166,1.616409420967,0.));
#4942 = VECTOR('',#4943,1.);
#4943 = DIRECTION('',(0.,0.,1.));
#4944 = PLANE('',#4945);
#4945 = AXIS2_PLACEMENT_3D('',#4946,#4947,#4948);
#4946 = CARTESIAN_POINT('',(27.420101165771,1.233103066683,3.));
#4947 = DIRECTION('',(-0.891006027578,-0.453991474391,-0.));
#4948 = DIRECTION('',(0.453991474391,-0.891006027578,0.));
#4949 = ADVANCED_FACE('',(#4950),#4961,.T.);
#4950 = FACE_BOUND('',#4951,.T.);
#4951 = EDGE_LOOP('',(#4952,#4953,#4954,#4955));
#4952 = ORIENTED_EDGE('',*,*,#4691,.T.);
#4953 = ORIENTED_EDGE('',*,*,#4939,.T.);
#4954 = ORIENTED_EDGE('',*,*,#4181,.T.);
#4955 = ORIENTED_EDGE('',*,*,#4956,.F.);
#4956 = EDGE_CURVE('',#4692,#4174,#4957,.T.);
#4957 = LINE('',#4958,#4959);
#4958 = CARTESIAN_POINT('',(26.616409301758,2.224796772003,0.));
#4959 = VECTOR('',#4960,1.);
#4960 = DIRECTION('',(0.,0.,1.));
#4961 = PLANE('',#4962);
#4962 = AXIS2_PLACEMENT_3D('',#4963,#4964,#4965);
#4963 = CARTESIAN_POINT('',(26.920602798462,1.920603096485,3.));
#4964 = DIRECTION('',(-0.707106989016,-0.707106573357,-0.));
#4965 = DIRECTION('',(0.707106573357,-0.707106989016,0.));
#4966 = ADVANCED_FACE('',(#4967),#4978,.T.);
#4967 = FACE_BOUND('',#4968,.T.);
#4968 = EDGE_LOOP('',(#4969,#4970,#4971,#4972));
#4969 = ORIENTED_EDGE('',*,*,#4699,.T.);
#4970 = ORIENTED_EDGE('',*,*,#4956,.T.);
#4971 = ORIENTED_EDGE('',*,*,#4173,.T.);
#4972 = ORIENTED_EDGE('',*,*,#4973,.F.);
#4973 = EDGE_CURVE('',#4700,#4166,#4974,.T.);
#4974 = LINE('',#4975,#4976);
#4975 = CARTESIAN_POINT('',(25.849796295166,2.615405321121,0.));
#4976 = VECTOR('',#4977,1.);
#4977 = DIRECTION('',(0.,0.,1.));
#4978 = PLANE('',#4979);
#4979 = AXIS2_PLACEMENT_3D('',#4980,#4981,#4982);
#4980 = CARTESIAN_POINT('',(26.233102798462,2.420101046562,3.));
#4981 = DIRECTION('',(-0.453990234318,-0.891006659428,-0.));
#4982 = DIRECTION('',(-0.891006659428,0.453990234318,0.));
#4983 = ADVANCED_FACE('',(#4984),#4995,.T.);
#4984 = FACE_BOUND('',#4985,.T.);
#4985 = EDGE_LOOP('',(#4986,#4987,#4988,#4989));
#4986 = ORIENTED_EDGE('',*,*,#4707,.T.);
#4987 = ORIENTED_EDGE('',*,*,#4973,.T.);
#4988 = ORIENTED_EDGE('',*,*,#4165,.T.);
#4989 = ORIENTED_EDGE('',*,*,#4990,.F.);
#4990 = EDGE_CURVE('',#4708,#4158,#4991,.T.);
#4991 = LINE('',#4992,#4993);
#4992 = CARTESIAN_POINT('',(25.,2.75,0.));
#4993 = VECTOR('',#4994,1.);
#4994 = DIRECTION('',(0.,0.,1.));
#4995 = PLANE('',#4996);
#4996 = AXIS2_PLACEMENT_3D('',#4997,#4998,#4999);
#4997 = CARTESIAN_POINT('',(25.424898147583,2.682702660561,3.));
#4998 = DIRECTION('',(-0.156434655839,-0.987688310376,-0.));
#4999 = DIRECTION('',(-0.987688310376,0.156434655839,0.));
#5000 = ADVANCED_FACE('',(#5001),#5012,.T.);
#5001 = FACE_BOUND('',#5002,.T.);
#5002 = EDGE_LOOP('',(#5003,#5004,#5005,#5006));
#5003 = ORIENTED_EDGE('',*,*,#4715,.T.);
#5004 = ORIENTED_EDGE('',*,*,#4990,.T.);
#5005 = ORIENTED_EDGE('',*,*,#4157,.T.);
#5006 = ORIENTED_EDGE('',*,*,#5007,.F.);
#5007 = EDGE_CURVE('',#4716,#4150,#5008,.T.);
#5008 = LINE('',#5009,#5010);
#5009 = CARTESIAN_POINT('',(24.150203704834,2.615405321121,0.));
#5010 = VECTOR('',#5011,1.);
#5011 = DIRECTION('',(0.,0.,1.));
#5012 = PLANE('',#5013);
#5013 = AXIS2_PLACEMENT_3D('',#5014,#5015,#5016);
#5014 = CARTESIAN_POINT('',(24.575101852417,2.682702660561,3.));
#5015 = DIRECTION('',(0.156434655839,-0.987688310376,-0.));
#5016 = DIRECTION('',(-0.987688310376,-0.156434655839,0.));
#5017 = ADVANCED_FACE('',(#5018),#5029,.T.);
#5018 = FACE_BOUND('',#5019,.T.);
#5019 = EDGE_LOOP('',(#5020,#5021,#5022,#5023));
#5020 = ORIENTED_EDGE('',*,*,#4723,.T.);
#5021 = ORIENTED_EDGE('',*,*,#5007,.T.);
#5022 = ORIENTED_EDGE('',*,*,#4149,.T.);
#5023 = ORIENTED_EDGE('',*,*,#5024,.F.);
#5024 = EDGE_CURVE('',#4724,#4142,#5025,.T.);
#5025 = LINE('',#5026,#5027);
#5026 = CARTESIAN_POINT('',(23.383590698242,2.224796772003,0.));
#5027 = VECTOR('',#5028,1.);
#5028 = DIRECTION('',(0.,0.,1.));
#5029 = PLANE('',#5030);
#5030 = AXIS2_PLACEMENT_3D('',#5031,#5032,#5033);
#5031 = CARTESIAN_POINT('',(23.766897201538,2.420101046562,3.));
#5032 = DIRECTION('',(0.453990234318,-0.891006659428,-0.));
#5033 = DIRECTION('',(-0.891006659428,-0.453990234318,0.));
#5034 = ADVANCED_FACE('',(#5035),#5046,.T.);
#5035 = FACE_BOUND('',#5036,.T.);
#5036 = EDGE_LOOP('',(#5037,#5038,#5039,#5040));
#5037 = ORIENTED_EDGE('',*,*,#4731,.T.);
#5038 = ORIENTED_EDGE('',*,*,#5024,.T.);
#5039 = ORIENTED_EDGE('',*,*,#4141,.T.);
#5040 = ORIENTED_EDGE('',*,*,#5041,.F.);
#5041 = EDGE_CURVE('',#4732,#4134,#5042,.T.);
#5042 = LINE('',#5043,#5044);
#5043 = CARTESIAN_POINT('',(22.775203704834,1.616409420967,0.));
#5044 = VECTOR('',#5045,1.);
#5045 = DIRECTION('',(0.,0.,1.));
#5046 = PLANE('',#5047);
#5047 = AXIS2_PLACEMENT_3D('',#5048,#5049,#5050);
#5048 = CARTESIAN_POINT('',(23.079397201538,1.920603096485,3.));
#5049 = DIRECTION('',(0.707106989016,-0.707106573357,0.));
#5050 = DIRECTION('',(0.707106573357,0.707106989016,0.));
#5051 = ADVANCED_FACE('',(#5052),#5063,.T.);
#5052 = FACE_BOUND('',#5053,.T.);
#5053 = EDGE_LOOP('',(#5054,#5055,#5056,#5057));
#5054 = ORIENTED_EDGE('',*,*,#4739,.T.);
#5055 = ORIENTED_EDGE('',*,*,#5041,.T.);
#5056 = ORIENTED_EDGE('',*,*,#4133,.T.);
#5057 = ORIENTED_EDGE('',*,*,#5058,.F.);
#5058 = EDGE_CURVE('',#4740,#4126,#5059,.T.);
#5059 = LINE('',#5060,#5061);
#5060 = CARTESIAN_POINT('',(22.384593963623,0.849796712399,0.));
#5061 = VECTOR('',#5062,1.);
#5062 = DIRECTION('',(0.,0.,1.));
#5063 = PLANE('',#5064);
#5064 = AXIS2_PLACEMENT_3D('',#5065,#5066,#5067);
#5065 = CARTESIAN_POINT('',(22.579898834229,1.233103066683,3.));
#5066 = DIRECTION('',(0.891006027578,-0.453991474391,0.));
#5067 = DIRECTION('',(0.453991474391,0.891006027578,0.));
#5068 = ADVANCED_FACE('',(#5069),#5080,.T.);
#5069 = FACE_BOUND('',#5070,.T.);
#5070 = EDGE_LOOP('',(#5071,#5072,#5073,#5074));
#5071 = ORIENTED_EDGE('',*,*,#4747,.T.);
#5072 = ORIENTED_EDGE('',*,*,#5058,.T.);
#5073 = ORIENTED_EDGE('',*,*,#4125,.T.);
#5074 = ORIENTED_EDGE('',*,*,#5075,.F.);
#5075 = EDGE_CURVE('',#4596,#4118,#5076,.T.);
#5076 = LINE('',#5077,#5078);
#5077 = CARTESIAN_POINT('',(22.25,0.,0.));
#5078 = VECTOR('',#5079,1.);
#5079 = DIRECTION('',(0.,0.,1.));
#5080 = PLANE('',#5081);
#5081 = AXIS2_PLACEMENT_3D('',#5082,#5083,#5084);
#5082 = CARTESIAN_POINT('',(22.317296981812,0.424898356199,3.));
#5083 = DIRECTION('',(0.987688450688,-0.15643376994,0.));
#5084 = DIRECTION('',(0.15643376994,0.987688450688,0.));
#5085 = ADVANCED_FACE('',(#5086),#5092,.T.);
#5086 = FACE_BOUND('',#5087,.T.);
#5087 = EDGE_LOOP('',(#5088,#5089,#5090,#5091));
#5088 = ORIENTED_EDGE('',*,*,#4593,.T.);
#5089 = ORIENTED_EDGE('',*,*,#5075,.T.);
#5090 = ORIENTED_EDGE('',*,*,#4117,.T.);
#5091 = ORIENTED_EDGE('',*,*,#4762,.F.);
#5092 = PLANE('',#5093);
#5093 = AXIS2_PLACEMENT_3D('',#5094,#5095,#5096);
#5094 = CARTESIAN_POINT('',(22.317296981812,-0.424898356199,3.));
#5095 = DIRECTION('',(0.987688450688,0.15643376994,0.));
#5096 = DIRECTION('',(-0.15643376994,0.987688450688,0.));
#5097 = ADVANCED_FACE('',(#5098),#5114,.T.);
#5098 = FACE_BOUND('',#5099,.T.);
#5099 = EDGE_LOOP('',(#5100,#5101,#5107,#5108));
#5100 = ORIENTED_EDGE('',*,*,#4521,.F.);
#5101 = ORIENTED_EDGE('',*,*,#5102,.T.);
#5102 = EDGE_CURVE('',#4514,#4288,#5103,.T.);
#5103 = LINE('',#5104,#5105);
#5104 = CARTESIAN_POINT('',(7.25,0.,0.));
#5105 = VECTOR('',#5106,1.);
#5106 = DIRECTION('',(0.,0.,1.));
#5107 = ORIENTED_EDGE('',*,*,#4287,.T.);
#5108 = ORIENTED_EDGE('',*,*,#5109,.F.);
#5109 = EDGE_CURVE('',#4522,#4280,#5110,.T.);
#5110 = LINE('',#5111,#5112);
#5111 = CARTESIAN_POINT('',(7.38459444046,-0.849796712399,0.));
#5112 = VECTOR('',#5113,1.);
#5113 = DIRECTION('',(0.,0.,1.));
#5114 = PLANE('',#5115);
#5115 = AXIS2_PLACEMENT_3D('',#5116,#5117,#5118);
#5116 = CARTESIAN_POINT('',(7.31729722023,-0.424898356199,3.));
#5117 = DIRECTION('',(0.987688365058,0.156434310588,0.));
#5118 = DIRECTION('',(-0.156434310588,0.987688365058,0.));
#5119 = ADVANCED_FACE('',(#5120),#5131,.T.);
#5120 = FACE_BOUND('',#5121,.T.);
#5121 = EDGE_LOOP('',(#5122,#5123,#5124,#5125));
#5122 = ORIENTED_EDGE('',*,*,#4529,.F.);
#5123 = ORIENTED_EDGE('',*,*,#5109,.T.);
#5124 = ORIENTED_EDGE('',*,*,#4279,.T.);
#5125 = ORIENTED_EDGE('',*,*,#5126,.F.);
#5126 = EDGE_CURVE('',#4530,#4272,#5127,.T.);
#5127 = LINE('',#5128,#5129);
#5128 = CARTESIAN_POINT('',(7.775203227997,-1.616409420967,0.));
#5129 = VECTOR('',#5130,1.);
#5130 = DIRECTION('',(0.,0.,1.));
#5131 = PLANE('',#5132);
#5132 = AXIS2_PLACEMENT_3D('',#5133,#5134,#5135);
#5133 = CARTESIAN_POINT('',(7.579898834229,-1.233103066683,3.));
#5134 = DIRECTION('',(0.891006475944,0.453990594424,0.));
#5135 = DIRECTION('',(-0.453990594424,0.891006475944,0.));
#5136 = ADVANCED_FACE('',(#5137),#5148,.T.);
#5137 = FACE_BOUND('',#5138,.T.);
#5138 = EDGE_LOOP('',(#5139,#5140,#5141,#5142));
#5139 = ORIENTED_EDGE('',*,*,#4537,.F.);
#5140 = ORIENTED_EDGE('',*,*,#5126,.T.);
#5141 = ORIENTED_EDGE('',*,*,#4271,.T.);
#5142 = ORIENTED_EDGE('',*,*,#5143,.F.);
#5143 = EDGE_CURVE('',#4538,#4264,#5144,.T.);
#5144 = LINE('',#5145,#5146);
#5145 = CARTESIAN_POINT('',(8.383590698242,-2.224796772003,0.));
#5146 = VECTOR('',#5147,1.);
#5147 = DIRECTION('',(0.,0.,1.));
#5148 = PLANE('',#5149);
#5149 = AXIS2_PLACEMENT_3D('',#5150,#5151,#5152);
#5150 = CARTESIAN_POINT('',(8.07939696312,-1.920603096485,3.));
#5151 = DIRECTION('',(0.70710671191,0.707106850463,0.));
#5152 = DIRECTION('',(0.707106850463,-0.70710671191,0.));
#5153 = ADVANCED_FACE('',(#5154),#5165,.T.);
#5154 = FACE_BOUND('',#5155,.T.);
#5155 = EDGE_LOOP('',(#5156,#5157,#5158,#5159));
#5156 = ORIENTED_EDGE('',*,*,#4545,.F.);
#5157 = ORIENTED_EDGE('',*,*,#5143,.T.);
#5158 = ORIENTED_EDGE('',*,*,#4263,.T.);
#5159 = ORIENTED_EDGE('',*,*,#5160,.F.);
#5160 = EDGE_CURVE('',#4546,#4256,#5161,.T.);
#5161 = LINE('',#5162,#5163);
#5162 = CARTESIAN_POINT('',(9.150203704834,-2.615405321121,0.));
#5163 = VECTOR('',#5164,1.);
#5164 = DIRECTION('',(0.,0.,1.));
#5165 = PLANE('',#5166);
#5166 = AXIS2_PLACEMENT_3D('',#5167,#5168,#5169);
#5167 = CARTESIAN_POINT('',(8.766897201538,-2.420101046562,3.));
#5168 = DIRECTION('',(0.453990234318,0.891006659428,0.));
#5169 = DIRECTION('',(0.891006659428,-0.453990234318,0.));
#5170 = ADVANCED_FACE('',(#5171),#5182,.T.);
#5171 = FACE_BOUND('',#5172,.T.);
#5172 = EDGE_LOOP('',(#5173,#5174,#5175,#5176));
#5173 = ORIENTED_EDGE('',*,*,#4553,.F.);
#5174 = ORIENTED_EDGE('',*,*,#5160,.T.);
#5175 = ORIENTED_EDGE('',*,*,#4255,.T.);
#5176 = ORIENTED_EDGE('',*,*,#5177,.F.);
#5177 = EDGE_CURVE('',#4554,#4246,#5178,.T.);
#5178 = LINE('',#5179,#5180);
#5179 = CARTESIAN_POINT('',(10.,-2.75,0.));
#5180 = VECTOR('',#5181,1.);
#5181 = DIRECTION('',(0.,0.,1.));
#5182 = PLANE('',#5183);
#5183 = AXIS2_PLACEMENT_3D('',#5184,#5185,#5186);
#5184 = CARTESIAN_POINT('',(9.575101852417,-2.682702660561,3.));
#5185 = DIRECTION('',(0.156434655839,0.987688310376,0.));
#5186 = DIRECTION('',(0.987688310376,-0.156434655839,0.));
#5187 = ADVANCED_FACE('',(#5188),#5199,.T.);
#5188 = FACE_BOUND('',#5189,.T.);
#5189 = EDGE_LOOP('',(#5190,#5191,#5192,#5193));
#5190 = ORIENTED_EDGE('',*,*,#4561,.F.);
#5191 = ORIENTED_EDGE('',*,*,#5177,.T.);
#5192 = ORIENTED_EDGE('',*,*,#4245,.T.);
#5193 = ORIENTED_EDGE('',*,*,#5194,.F.);
#5194 = EDGE_CURVE('',#4562,#4248,#5195,.T.);
#5195 = LINE('',#5196,#5197);
#5196 = CARTESIAN_POINT('',(10.849796295166,-2.615405321121,0.));
#5197 = VECTOR('',#5198,1.);
#5198 = DIRECTION('',(0.,0.,1.));
#5199 = PLANE('',#5200);
#5200 = AXIS2_PLACEMENT_3D('',#5201,#5202,#5203);
#5201 = CARTESIAN_POINT('',(10.424898147583,-2.682702660561,3.));
#5202 = DIRECTION('',(-0.156434655839,0.987688310376,0.));
#5203 = DIRECTION('',(0.987688310376,0.156434655839,0.));
#5204 = ADVANCED_FACE('',(#5205),#5216,.T.);
#5205 = FACE_BOUND('',#5206,.T.);
#5206 = EDGE_LOOP('',(#5207,#5208,#5209,#5210));
#5207 = ORIENTED_EDGE('',*,*,#4569,.F.);
#5208 = ORIENTED_EDGE('',*,*,#5194,.T.);
#5209 = ORIENTED_EDGE('',*,*,#4399,.T.);
#5210 = ORIENTED_EDGE('',*,*,#5211,.F.);
#5211 = EDGE_CURVE('',#4570,#4392,#5212,.T.);
#5212 = LINE('',#5213,#5214);
#5213 = CARTESIAN_POINT('',(11.616409301758,-2.224796772003,0.));
#5214 = VECTOR('',#5215,1.);
#5215 = DIRECTION('',(0.,0.,1.));
#5216 = PLANE('',#5217);
#5217 = AXIS2_PLACEMENT_3D('',#5218,#5219,#5220);
#5218 = CARTESIAN_POINT('',(11.233102798462,-2.420101046562,3.));
#5219 = DIRECTION('',(-0.453990234318,0.891006659428,0.));
#5220 = DIRECTION('',(0.891006659428,0.453990234318,0.));
#5221 = ADVANCED_FACE('',(#5222),#5233,.T.);
#5222 = FACE_BOUND('',#5223,.T.);
#5223 = EDGE_LOOP('',(#5224,#5225,#5226,#5227));
#5224 = ORIENTED_EDGE('',*,*,#4577,.F.);
#5225 = ORIENTED_EDGE('',*,*,#5211,.T.);
#5226 = ORIENTED_EDGE('',*,*,#4391,.T.);
#5227 = ORIENTED_EDGE('',*,*,#5228,.F.);
#5228 = EDGE_CURVE('',#4578,#4384,#5229,.T.);
#5229 = LINE('',#5230,#5231);
#5230 = CARTESIAN_POINT('',(12.224796295166,-1.616409420967,0.));
#5231 = VECTOR('',#5232,1.);
#5232 = DIRECTION('',(0.,0.,1.));
#5233 = PLANE('',#5234);
#5234 = AXIS2_PLACEMENT_3D('',#5235,#5236,#5237);
#5235 = CARTESIAN_POINT('',(11.920602798462,-1.920603096485,3.));
#5236 = DIRECTION('',(-0.707106989016,0.707106573357,-0.));
#5237 = DIRECTION('',(-0.707106573357,-0.707106989016,0.));
#5238 = ADVANCED_FACE('',(#5239),#5250,.T.);
#5239 = FACE_BOUND('',#5240,.T.);
#5240 = EDGE_LOOP('',(#5241,#5242,#5243,#5244));
#5241 = ORIENTED_EDGE('',*,*,#4585,.F.);
#5242 = ORIENTED_EDGE('',*,*,#5228,.T.);
#5243 = ORIENTED_EDGE('',*,*,#4383,.T.);
#5244 = ORIENTED_EDGE('',*,*,#5245,.F.);
#5245 = EDGE_CURVE('',#4432,#4376,#5246,.T.);
#5246 = LINE('',#5247,#5248);
#5247 = CARTESIAN_POINT('',(12.615405082703,-0.849796712399,0.));
#5248 = VECTOR('',#5249,1.);
#5249 = DIRECTION('',(0.,0.,1.));
#5250 = PLANE('',#5251);
#5251 = AXIS2_PLACEMENT_3D('',#5252,#5253,#5254);
#5252 = CARTESIAN_POINT('',(12.420100688934,-1.233103066683,3.));
#5253 = DIRECTION('',(-0.891006475944,0.453990594424,-0.));
#5254 = DIRECTION('',(-0.453990594424,-0.891006475944,0.));
#5255 = ADVANCED_FACE('',(#5256),#5267,.T.);
#5256 = FACE_BOUND('',#5257,.T.);
#5257 = EDGE_LOOP('',(#5258,#5259,#5260,#5261));
#5258 = ORIENTED_EDGE('',*,*,#4431,.F.);
#5259 = ORIENTED_EDGE('',*,*,#5245,.T.);
#5260 = ORIENTED_EDGE('',*,*,#4375,.T.);
#5261 = ORIENTED_EDGE('',*,*,#5262,.F.);
#5262 = EDGE_CURVE('',#4434,#4368,#5263,.T.);
#5263 = LINE('',#5264,#5265);
#5264 = CARTESIAN_POINT('',(12.75,0.,0.));
#5265 = VECTOR('',#5266,1.);
#5266 = DIRECTION('',(0.,0.,1.));
#5267 = PLANE('',#5268);
#5268 = AXIS2_PLACEMENT_3D('',#5269,#5270,#5271);
#5269 = CARTESIAN_POINT('',(12.682702541351,-0.424898356199,3.));
#5270 = DIRECTION('',(-0.987688279428,0.156434851236,-0.));
#5271 = DIRECTION('',(-0.156434851236,-0.987688279428,0.));
#5272 = ADVANCED_FACE('',(#5273),#5284,.T.);
#5273 = FACE_BOUND('',#5274,.T.);
#5274 = EDGE_LOOP('',(#5275,#5276,#5277,#5278));
#5275 = ORIENTED_EDGE('',*,*,#4441,.F.);
#5276 = ORIENTED_EDGE('',*,*,#5262,.T.);
#5277 = ORIENTED_EDGE('',*,*,#4367,.T.);
#5278 = ORIENTED_EDGE('',*,*,#5279,.F.);
#5279 = EDGE_CURVE('',#4442,#4360,#5280,.T.);
#5280 = LINE('',#5281,#5282);
#5281 = CARTESIAN_POINT('',(12.615405082703,0.849796712399,0.));
#5282 = VECTOR('',#5283,1.);
#5283 = DIRECTION('',(0.,0.,1.));
#5284 = PLANE('',#5285);
#5285 = AXIS2_PLACEMENT_3D('',#5286,#5287,#5288);
#5286 = CARTESIAN_POINT('',(12.682702541351,0.424898356199,3.));
#5287 = DIRECTION('',(-0.987688279428,-0.156434851236,-0.));
#5288 = DIRECTION('',(0.156434851236,-0.987688279428,0.));
#5289 = ADVANCED_FACE('',(#5290),#5301,.T.);
#5290 = FACE_BOUND('',#5291,.T.);
#5291 = EDGE_LOOP('',(#5292,#5293,#5294,#5295));
#5292 = ORIENTED_EDGE('',*,*,#4449,.F.);
#5293 = ORIENTED_EDGE('',*,*,#5279,.T.);
#5294 = ORIENTED_EDGE('',*,*,#4359,.T.);
#5295 = ORIENTED_EDGE('',*,*,#5296,.F.);
#5296 = EDGE_CURVE('',#4450,#4352,#5297,.T.);
#5297 = LINE('',#5298,#5299);
#5298 = CARTESIAN_POINT('',(12.224796295166,1.616409420967,0.));
#5299 = VECTOR('',#5300,1.);
#5300 = DIRECTION('',(0.,0.,1.));
#5301 = PLANE('',#5302);
#5302 = AXIS2_PLACEMENT_3D('',#5303,#5304,#5305);
#5303 = CARTESIAN_POINT('',(12.420100688934,1.233103066683,3.));
#5304 = DIRECTION('',(-0.891006475944,-0.453990594424,-0.));
#5305 = DIRECTION('',(0.453990594424,-0.891006475944,0.));
#5306 = ADVANCED_FACE('',(#5307),#5318,.T.);
#5307 = FACE_BOUND('',#5308,.T.);
#5308 = EDGE_LOOP('',(#5309,#5310,#5311,#5312));
#5309 = ORIENTED_EDGE('',*,*,#4457,.F.);
#5310 = ORIENTED_EDGE('',*,*,#5296,.T.);
#5311 = ORIENTED_EDGE('',*,*,#4351,.T.);
#5312 = ORIENTED_EDGE('',*,*,#5313,.F.);
#5313 = EDGE_CURVE('',#4458,#4344,#5314,.T.);
#5314 = LINE('',#5315,#5316);
#5315 = CARTESIAN_POINT('',(11.616409301758,2.224796772003,0.));
#5316 = VECTOR('',#5317,1.);
#5317 = DIRECTION('',(0.,0.,1.));
#5318 = PLANE('',#5319);
#5319 = AXIS2_PLACEMENT_3D('',#5320,#5321,#5322);
#5320 = CARTESIAN_POINT('',(11.920602798462,1.920603096485,3.));
#5321 = DIRECTION('',(-0.707106989016,-0.707106573357,-0.));
#5322 = DIRECTION('',(0.707106573357,-0.707106989016,0.));
#5323 = ADVANCED_FACE('',(#5324),#5335,.T.);
#5324 = FACE_BOUND('',#5325,.T.);
#5325 = EDGE_LOOP('',(#5326,#5327,#5328,#5329));
#5326 = ORIENTED_EDGE('',*,*,#4465,.F.);
#5327 = ORIENTED_EDGE('',*,*,#5313,.T.);
#5328 = ORIENTED_EDGE('',*,*,#4343,.T.);
#5329 = ORIENTED_EDGE('',*,*,#5330,.F.);
#5330 = EDGE_CURVE('',#4466,#4336,#5331,.T.);
#5331 = LINE('',#5332,#5333);
#5332 = CARTESIAN_POINT('',(10.849796295166,2.615405321121,0.));
#5333 = VECTOR('',#5334,1.);
#5334 = DIRECTION('',(0.,0.,1.));
#5335 = PLANE('',#5336);
#5336 = AXIS2_PLACEMENT_3D('',#5337,#5338,#5339);
#5337 = CARTESIAN_POINT('',(11.233102798462,2.420101046562,3.));
#5338 = DIRECTION('',(-0.453990234318,-0.891006659428,-0.));
#5339 = DIRECTION('',(-0.891006659428,0.453990234318,0.));
#5340 = ADVANCED_FACE('',(#5341),#5352,.T.);
#5341 = FACE_BOUND('',#5342,.T.);
#5342 = EDGE_LOOP('',(#5343,#5344,#5345,#5346));
#5343 = ORIENTED_EDGE('',*,*,#4473,.F.);
#5344 = ORIENTED_EDGE('',*,*,#5330,.T.);
#5345 = ORIENTED_EDGE('',*,*,#4335,.T.);
#5346 = ORIENTED_EDGE('',*,*,#5347,.F.);
#5347 = EDGE_CURVE('',#4474,#4328,#5348,.T.);
#5348 = LINE('',#5349,#5350);
#5349 = CARTESIAN_POINT('',(10.,2.75,0.));
#5350 = VECTOR('',#5351,1.);
#5351 = DIRECTION('',(0.,0.,1.));
#5352 = PLANE('',#5353);
#5353 = AXIS2_PLACEMENT_3D('',#5354,#5355,#5356);
#5354 = CARTESIAN_POINT('',(10.424898147583,2.682702660561,3.));
#5355 = DIRECTION('',(-0.156434655839,-0.987688310376,-0.));
#5356 = DIRECTION('',(-0.987688310376,0.156434655839,0.));
#5357 = ADVANCED_FACE('',(#5358),#5369,.T.);
#5358 = FACE_BOUND('',#5359,.T.);
#5359 = EDGE_LOOP('',(#5360,#5361,#5362,#5363));
#5360 = ORIENTED_EDGE('',*,*,#4481,.F.);
#5361 = ORIENTED_EDGE('',*,*,#5347,.T.);
#5362 = ORIENTED_EDGE('',*,*,#4327,.T.);
#5363 = ORIENTED_EDGE('',*,*,#5364,.F.);
#5364 = EDGE_CURVE('',#4482,#4320,#5365,.T.);
#5365 = LINE('',#5366,#5367);
#5366 = CARTESIAN_POINT('',(9.150203704834,2.615405321121,0.));
#5367 = VECTOR('',#5368,1.);
#5368 = DIRECTION('',(0.,0.,1.));
#5369 = PLANE('',#5370);
#5370 = AXIS2_PLACEMENT_3D('',#5371,#5372,#5373);
#5371 = CARTESIAN_POINT('',(9.575101852417,2.682702660561,3.));
#5372 = DIRECTION('',(0.156434655839,-0.987688310376,-0.));
#5373 = DIRECTION('',(-0.987688310376,-0.156434655839,0.));
#5374 = ADVANCED_FACE('',(#5375),#5386,.T.);
#5375 = FACE_BOUND('',#5376,.T.);
#5376 = EDGE_LOOP('',(#5377,#5378,#5379,#5380));
#5377 = ORIENTED_EDGE('',*,*,#4489,.F.);
#5378 = ORIENTED_EDGE('',*,*,#5364,.T.);
#5379 = ORIENTED_EDGE('',*,*,#4319,.T.);
#5380 = ORIENTED_EDGE('',*,*,#5381,.F.);
#5381 = EDGE_CURVE('',#4490,#4312,#5382,.T.);
#5382 = LINE('',#5383,#5384);
#5383 = CARTESIAN_POINT('',(8.383590698242,2.224796772003,0.));
#5384 = VECTOR('',#5385,1.);
#5385 = DIRECTION('',(0.,0.,1.));
#5386 = PLANE('',#5387);
#5387 = AXIS2_PLACEMENT_3D('',#5388,#5389,#5390);
#5388 = CARTESIAN_POINT('',(8.766897201538,2.420101046562,3.));
#5389 = DIRECTION('',(0.453990234318,-0.891006659428,-0.));
#5390 = DIRECTION('',(-0.891006659428,-0.453990234318,0.));
#5391 = ADVANCED_FACE('',(#5392),#5403,.T.);
#5392 = FACE_BOUND('',#5393,.T.);
#5393 = EDGE_LOOP('',(#5394,#5395,#5396,#5397));
#5394 = ORIENTED_EDGE('',*,*,#4497,.F.);
#5395 = ORIENTED_EDGE('',*,*,#5381,.T.);
#5396 = ORIENTED_EDGE('',*,*,#4311,.T.);
#5397 = ORIENTED_EDGE('',*,*,#5398,.F.);
#5398 = EDGE_CURVE('',#4498,#4304,#5399,.T.);
#5399 = LINE('',#5400,#5401);
#5400 = CARTESIAN_POINT('',(7.775203227997,1.616409420967,0.));
#5401 = VECTOR('',#5402,1.);
#5402 = DIRECTION('',(0.,0.,1.));
#5403 = PLANE('',#5404);
#5404 = AXIS2_PLACEMENT_3D('',#5405,#5406,#5407);
#5405 = CARTESIAN_POINT('',(8.07939696312,1.920603096485,3.));
#5406 = DIRECTION('',(0.70710671191,-0.707106850463,-0.));
#5407 = DIRECTION('',(-0.707106850463,-0.70710671191,0.));
#5408 = ADVANCED_FACE('',(#5409),#5420,.T.);
#5409 = FACE_BOUND('',#5410,.T.);
#5410 = EDGE_LOOP('',(#5411,#5412,#5413,#5414));
#5411 = ORIENTED_EDGE('',*,*,#4505,.F.);
#5412 = ORIENTED_EDGE('',*,*,#5398,.T.);
#5413 = ORIENTED_EDGE('',*,*,#4303,.T.);
#5414 = ORIENTED_EDGE('',*,*,#5415,.F.);
#5415 = EDGE_CURVE('',#4506,#4296,#5416,.T.);
#5416 = LINE('',#5417,#5418);
#5417 = CARTESIAN_POINT('',(7.38459444046,0.849796712399,0.));
#5418 = VECTOR('',#5419,1.);
#5419 = DIRECTION('',(0.,0.,1.));
#5420 = PLANE('',#5421);
#5421 = AXIS2_PLACEMENT_3D('',#5422,#5423,#5424);
#5422 = CARTESIAN_POINT('',(7.579898834229,1.233103066683,3.));
#5423 = DIRECTION('',(0.891006475944,-0.453990594424,0.));
#5424 = DIRECTION('',(0.453990594424,0.891006475944,0.));
#5425 = ADVANCED_FACE('',(#5426),#5432,.T.);
#5426 = FACE_BOUND('',#5427,.T.);
#5427 = EDGE_LOOP('',(#5428,#5429,#5430,#5431));
#5428 = ORIENTED_EDGE('',*,*,#4513,.F.);
#5429 = ORIENTED_EDGE('',*,*,#5415,.T.);
#5430 = ORIENTED_EDGE('',*,*,#4295,.T.);
#5431 = ORIENTED_EDGE('',*,*,#5102,.F.);
#5432 = PLANE('',#5433);
#5433 = AXIS2_PLACEMENT_3D('',#5434,#5435,#5436);
#5434 = CARTESIAN_POINT('',(7.31729722023,0.424898356199,3.));
#5435 = DIRECTION('',(0.987688365058,-0.156434310588,0.));
#5436 = DIRECTION('',(0.156434310588,0.987688365058,0.));
#5437 = ADVANCED_FACE('',(#5438),#5457,.T.);
#5438 = FACE_BOUND('',#5439,.T.);
#5439 = EDGE_LOOP('',(#5440,#5441,#5442,#5443,#5451));
#5440 = ORIENTED_EDGE('',*,*,#4067,.F.);
#5441 = ORIENTED_EDGE('',*,*,#4026,.F.);
#5442 = ORIENTED_EDGE('',*,*,#3095,.T.);
#5443 = ORIENTED_EDGE('',*,*,#5444,.T.);
#5444 = EDGE_CURVE('',#2616,#5445,#5447,.T.);
#5445 = VERTEX_POINT('',#5446);
#5446 = CARTESIAN_POINT('',(0.,7.,20.));
#5447 = LINE('',#5448,#5449);
#5448 = CARTESIAN_POINT('',(34.305088043213,7.,20.));
#5449 = VECTOR('',#5450,1.);
#5450 = DIRECTION('',(-1.,0.,0.));
#5451 = ORIENTED_EDGE('',*,*,#5452,.T.);
#5452 = EDGE_CURVE('',#5445,#4068,#5453,.T.);
#5453 = LINE('',#5454,#5455);
#5454 = CARTESIAN_POINT('',(0.,7.,20.));
#5455 = VECTOR('',#5456,1.);
#5456 = DIRECTION('',(0.,0.,-1.));
#5457 = PLANE('',#5458);
#5458 = AXIS2_PLACEMENT_3D('',#5459,#5460,#5461);
#5459 = CARTESIAN_POINT('',(17.077227693593,7.,13.031119971071));
#5460 = DIRECTION('',(-0.,-1.,-0.));
#5461 = DIRECTION('',(0.,0.,-1.));
#5462 = ADVANCED_FACE('',(#5463),#5474,.T.);
#5463 = FACE_BOUND('',#5464,.T.);
#5464 = EDGE_LOOP('',(#5465,#5471,#5472,#5473));
#5465 = ORIENTED_EDGE('',*,*,#5466,.T.);
#5466 = EDGE_CURVE('',#3989,#5445,#5467,.T.);
#5467 = LINE('',#5468,#5469);
#5468 = CARTESIAN_POINT('',(0.,-7.,20.));
#5469 = VECTOR('',#5470,1.);
#5470 = DIRECTION('',(0.,1.,0.));
#5471 = ORIENTED_EDGE('',*,*,#5444,.F.);
#5472 = ORIENTED_EDGE('',*,*,#2843,.T.);
#5473 = ORIENTED_EDGE('',*,*,#3996,.F.);
#5474 = PLANE('',#5475);
#5475 = AXIS2_PLACEMENT_3D('',#5476,#5477,#5478);
#5476 = CARTESIAN_POINT('',(17.152544021606,0.,20.));
#5477 = DIRECTION('',(-0.,-0.,-1.));
#5478 = DIRECTION('',(-1.,0.,0.));
#5479 = ADVANCED_FACE('',(#5480,#5491),#5497,.T.);
#5480 = FACE_BOUND('',#5481,.T.);
#5481 = EDGE_LOOP('',(#5482,#5483,#5484,#5490));
#5482 = ORIENTED_EDGE('',*,*,#3971,.T.);
#5483 = ORIENTED_EDGE('',*,*,#4413,.F.);
#5484 = ORIENTED_EDGE('',*,*,#5485,.T.);
#5485 = EDGE_CURVE('',#4414,#3213,#5486,.T.);
#5486 = LINE('',#5487,#5488);
#5487 = CARTESIAN_POINT('',(0.,-13.,0.));
#5488 = VECTOR('',#5489,1.);
#5489 = DIRECTION('',(0.,0.,1.));
#5490 = ORIENTED_EDGE('',*,*,#3828,.T.);
#5491 = FACE_BOUND('',#5492,.T.);
#5492 = EDGE_LOOP('',(#5493,#5494,#5495,#5496));
#5493 = ORIENTED_EDGE('',*,*,#5452,.F.);
#5494 = ORIENTED_EDGE('',*,*,#5466,.F.);
#5495 = ORIENTED_EDGE('',*,*,#3986,.F.);
#5496 = ORIENTED_EDGE('',*,*,#4075,.F.);
#5497 = PLANE('',#5498);
#5498 = AXIS2_PLACEMENT_3D('',#5499,#5500,#5501);
#5499 = CARTESIAN_POINT('',(0.,0.,13.));
#5500 = DIRECTION('',(-1.,-0.,-0.));
#5501 = DIRECTION('',(0.,0.,-1.));
#5502 = ADVANCED_FACE('',(#5503),#5516,.T.);
#5503 = FACE_BOUND('',#5504,.T.);
#5504 = EDGE_LOOP('',(#5505,#5506,#5507,#5508,#5514,#5515));
#5505 = ORIENTED_EDGE('',*,*,#4423,.F.);
#5506 = ORIENTED_EDGE('',*,*,#4042,.F.);
#5507 = ORIENTED_EDGE('',*,*,#2896,.T.);
#5508 = ORIENTED_EDGE('',*,*,#5509,.T.);
#5509 = EDGE_CURVE('',#2889,#3182,#5510,.T.);
#5510 = LINE('',#5511,#5512);
#5511 = CARTESIAN_POINT('',(38.972347259521,-13.,24.667261123657));
#5512 = VECTOR('',#5513,1.);
#5513 = DIRECTION('',(-0.707106747724,0.,0.707106814649));
#5514 = ORIENTED_EDGE('',*,*,#3220,.T.);
#5515 = ORIENTED_EDGE('',*,*,#5485,.F.);
#5516 = PLANE('',#5517);
#5517 = AXIS2_PLACEMENT_3D('',#5518,#5519,#5520);
#5518 = CARTESIAN_POINT('',(18.176417841985,-13.,18.475153372224));
#5519 = DIRECTION('',(-0.,-1.,-0.));
#5520 = DIRECTION('',(0.,0.,-1.));
#5521 = ADVANCED_FACE('',(#5522),#5528,.T.);
#5522 = FACE_BOUND('',#5523,.T.);
#5523 = EDGE_LOOP('',(#5524,#5525,#5526,#5527));
#5524 = ORIENTED_EDGE('',*,*,#5509,.F.);
#5525 = ORIENTED_EDGE('',*,*,#3863,.T.);
#5526 = ORIENTED_EDGE('',*,*,#520,.F.);
#5527 = ORIENTED_EDGE('',*,*,#3769,.T.);
#5528 = PLANE('',#5529);
#5529 = AXIS2_PLACEMENT_3D('',#5530,#5531,#5532);
#5530 = CARTESIAN_POINT('',(29.851678848267,-12.85795927047,
    35.699135780334));
#5531 = DIRECTION('',(7.391284528389E-02,-0.994521886958,
    7.391283828837E-02));
#5532 = DIRECTION('',(-0.997249658714,-7.411557322227E-02,
    -1.095450712852E-19));
#5533 = ADVANCED_FACE('',(#5534),#5545,.T.);
#5534 = FACE_BOUND('',#5535,.T.);
#5535 = EDGE_LOOP('',(#5536,#5537,#5538,#5544));
#5536 = ORIENTED_EDGE('',*,*,#680,.F.);
#5537 = ORIENTED_EDGE('',*,*,#1630,.T.);
#5538 = ORIENTED_EDGE('',*,*,#5539,.T.);
#5539 = EDGE_CURVE('',#1623,#574,#5540,.T.);
#5540 = LINE('',#5541,#5542);
#5541 = CARTESIAN_POINT('',(22.608673095703,-8.443279266357,
    48.608673095703));
#5542 = VECTOR('',#5543,1.);
#5543 = DIRECTION('',(-0.639809761073,-0.425779183318,-0.639809000162));
#5544 = ORIENTED_EDGE('',*,*,#595,.F.);
#5545 = PLANE('',#5546);
#5546 = AXIS2_PLACEMENT_3D('',#5547,#5548,#5549);
#5547 = CARTESIAN_POINT('',(22.603067878892,-10.11468239253,
    48.603067873377));
#5548 = DIRECTION('',(-0.707106364196,-1.296473961954E-08,0.707107198177
    ));
#5549 = DIRECTION('',(0.707107198177,-9.971007308421E-26,0.707106364196)
  );
#5550 = ADVANCED_FACE('',(#5551),#5557,.T.);
#5551 = FACE_BOUND('',#5552,.T.);
#5552 = EDGE_LOOP('',(#5553,#5554,#5555,#5556));
#5553 = ORIENTED_EDGE('',*,*,#1644,.T.);
#5554 = ORIENTED_EDGE('',*,*,#3922,.F.);
#5555 = ORIENTED_EDGE('',*,*,#1175,.F.);
#5556 = ORIENTED_EDGE('',*,*,#1362,.F.);
#5557 = PLANE('',#5558);
#5558 = AXIS2_PLACEMENT_3D('',#5559,#5560,#5561);
#5559 = CARTESIAN_POINT('',(26.166532937491,5.962939805909,
    52.166532379286));
#5560 = DIRECTION('',(-0.707107073684,-2.393674627228E-07,0.707106488689
    ));
#5561 = DIRECTION('',(-0.707106488689,5.692940754237E-24,-0.707107073684
    ));
#5562 = ADVANCED_FACE('',(#5563),#5574,.T.);
#5563 = FACE_BOUND('',#5564,.T.);
#5564 = EDGE_LOOP('',(#5565,#5566,#5572,#5573));
#5565 = ORIENTED_EDGE('',*,*,#365,.F.);
#5566 = ORIENTED_EDGE('',*,*,#5567,.T.);
#5567 = EDGE_CURVE('',#358,#250,#5568,.T.);
#5568 = LINE('',#5569,#5570);
#5569 = CARTESIAN_POINT('',(25.890872955322,0.,51.890872955322));
#5570 = VECTOR('',#5571,1.);
#5571 = DIRECTION('',(0.707106644947,0.,-0.707106917426));
#5572 = ORIENTED_EDGE('',*,*,#249,.T.);
#5573 = ORIENTED_EDGE('',*,*,#1757,.F.);
#5574 = PLANE('',#5575);
#5575 = AXIS2_PLACEMENT_3D('',#5576,#5577,#5578);
#5576 = CARTESIAN_POINT('',(28.254671096802,-1.243449449539,
    49.30492401123));
#5577 = DIRECTION('',(-0.701531205463,0.125332816183,-0.701530935133));
#5578 = DIRECTION('',(0.707106644947,-2.333725788493E-18,-0.707106917426
    ));
#5579 = ADVANCED_FACE('',(#5580),#5596,.T.);
#5580 = FACE_BOUND('',#5581,.T.);
#5581 = EDGE_LOOP('',(#5582,#5583,#5584,#5590));
#5582 = ORIENTED_EDGE('',*,*,#1622,.F.);
#5583 = ORIENTED_EDGE('',*,*,#1888,.T.);
#5584 = ORIENTED_EDGE('',*,*,#5585,.T.);
#5585 = EDGE_CURVE('',#1881,#133,#5586,.T.);
#5586 = LINE('',#5587,#5588);
#5587 = CARTESIAN_POINT('',(28.924139022827,-6.845470905304,
    45.024642944336));
#5588 = VECTOR('',#5589,1.);
#5589 = DIRECTION('',(-0.544835091263,-0.637424071287,-0.544835091263));
#5590 = ORIENTED_EDGE('',*,*,#5591,.F.);
#5591 = EDGE_CURVE('',#1623,#133,#5592,.T.);
#5592 = LINE('',#5593,#5594);
#5593 = CARTESIAN_POINT('',(22.608673095703,-8.443279266357,
    48.608673095703));
#5594 = VECTOR('',#5595,1.);
#5595 = DIRECTION('',(0.707106644947,0.,-0.707106917426));
#5596 = PLANE('',#5597);
#5597 = AXIS2_PLACEMENT_3D('',#5598,#5599,#5600);
#5598 = CARTESIAN_POINT('',(25.766406059265,-7.644375085831,
    46.81665802002));
#5599 = DIRECTION('',(-0.450726970141,0.770513175321,-0.450726796456));
#5600 = DIRECTION('',(0.863163458797,0.504924591793,-1.897740027767E-17)
  );
#5601 = ADVANCED_FACE('',(#5602),#5613,.T.);
#5602 = FACE_BOUND('',#5603,.T.);
#5603 = EDGE_LOOP('',(#5604,#5605,#5606,#5607));
#5604 = ORIENTED_EDGE('',*,*,#5539,.F.);
#5605 = ORIENTED_EDGE('',*,*,#5591,.T.);
#5606 = ORIENTED_EDGE('',*,*,#171,.T.);
#5607 = ORIENTED_EDGE('',*,*,#5608,.F.);
#5608 = EDGE_CURVE('',#574,#164,#5609,.T.);
#5609 = LINE('',#5610,#5611);
#5610 = CARTESIAN_POINT('',(21.004884719849,-9.510564804077,
    47.004886627197));
#5611 = VECTOR('',#5612,1.);
#5612 = DIRECTION('',(0.707106644947,0.,-0.707106917426));
#5613 = PLANE('',#5614);
#5614 = AXIS2_PLACEMENT_3D('',#5615,#5616,#5617);
#5615 = CARTESIAN_POINT('',(24.281652450562,-8.976922035217,
    45.33190536499));
#5616 = DIRECTION('',(-0.30107140582,0.904827103403,-0.301071289804));
#5617 = DIRECTION('',(0.948852298595,0.315720312067,1.463274579E-17));
#5618 = ADVANCED_FACE('',(#5619),#5630,.T.);
#5619 = FACE_BOUND('',#5620,.T.);
#5620 = EDGE_LOOP('',(#5621,#5622,#5623,#5624));
#5621 = ORIENTED_EDGE('',*,*,#581,.F.);
#5622 = ORIENTED_EDGE('',*,*,#5608,.T.);
#5623 = ORIENTED_EDGE('',*,*,#193,.T.);
#5624 = ORIENTED_EDGE('',*,*,#5625,.F.);
#5625 = EDGE_CURVE('',#566,#186,#5626,.T.);
#5626 = LINE('',#5627,#5628);
#5627 = CARTESIAN_POINT('',(19.263801574707,-9.980267524719,
    45.263801574707));
#5628 = VECTOR('',#5629,1.);
#5629 = DIRECTION('',(0.707106644947,0.,-0.707106917426));
#5630 = PLANE('',#5631);
#5631 = AXIS2_PLACEMENT_3D('',#5632,#5633,#5634);
#5632 = CARTESIAN_POINT('',(22.609216690063,-9.745416164398,
    43.659469604492));
#5633 = DIRECTION('',(-0.132498787003,0.982287206684,-0.132498735946));
#5634 = DIRECTION('',(0.991024900518,0.133677397318,2.127793607965E-18)
  );
#5635 = ADVANCED_FACE('',(#5636),#5647,.T.);
#5636 = FACE_BOUND('',#5637,.T.);
#5637 = EDGE_LOOP('',(#5638,#5639,#5640,#5646));
#5638 = ORIENTED_EDGE('',*,*,#3776,.F.);
#5639 = ORIENTED_EDGE('',*,*,#5625,.T.);
#5640 = ORIENTED_EDGE('',*,*,#5641,.T.);
#5641 = EDGE_CURVE('',#186,#3327,#5642,.T.);
#5642 = LINE('',#5643,#5644);
#5643 = CARTESIAN_POINT('',(24.213548660278,-9.980267524719,
    40.314052581787));
#5644 = VECTOR('',#5645,1.);
#5645 = DIRECTION('',(-0.70571145701,6.279075480477E-02,-0.70571145701)
  );
#5646 = ORIENTED_EDGE('',*,*,#3335,.F.);
#5647 = PLANE('',#5648);
#5648 = AXIS2_PLACEMENT_3D('',#5649,#5650,#5651);
#5649 = CARTESIAN_POINT('',(20.854184150696,-9.901569843292,
    41.90443611145));
#5650 = DIRECTION('',(4.439977707284E-02,0.998026713626,
    4.439975996372E-02));
#5651 = DIRECTION('',(0.999011894794,-4.44436053829E-02,
    4.697900046048E-19));
#5652 = ADVANCED_FACE('',(#5653),#5664,.T.);
#5653 = FACE_BOUND('',#5654,.T.);
#5654 = EDGE_LOOP('',(#5655,#5656,#5657,#5663));
#5655 = ORIENTED_EDGE('',*,*,#3821,.F.);
#5656 = ORIENTED_EDGE('',*,*,#3446,.T.);
#5657 = ORIENTED_EDGE('',*,*,#5658,.T.);
#5658 = EDGE_CURVE('',#3439,#2168,#5659,.T.);
#5659 = LINE('',#5660,#5661);
#5660 = CARTESIAN_POINT('',(16.754241943359,-1.25333237648,
    32.854747772217));
#5661 = VECTOR('',#5662,1.);
#5662 = DIRECTION('',(0.,1.,0.));
#5663 = ORIENTED_EDGE('',*,*,#2344,.F.);
#5664 = PLANE('',#5665);
#5665 = AXIS2_PLACEMENT_3D('',#5666,#5667,#5668);
#5666 = CARTESIAN_POINT('',(14.279368400574,0.,35.329620361328));
#5667 = DIRECTION('',(0.707106644947,0.,0.707106917426));
#5668 = DIRECTION('',(0.707106917426,0.,-0.707106644947));
#5669 = ADVANCED_FACE('',(#5670),#5693,.T.);
#5670 = FACE_BOUND('',#5671,.T.);
#5671 = EDGE_LOOP('',(#5672,#5678,#5679,#5687));
#5672 = ORIENTED_EDGE('',*,*,#5673,.T.);
#5673 = EDGE_CURVE('',#77,#1560,#5674,.T.);
#5674 = LINE('',#5675,#5676);
#5675 = CARTESIAN_POINT('',(24.213548660278,9.980267524719,
    40.314052581787));
#5676 = VECTOR('',#5677,1.);
#5677 = DIRECTION('',(-0.707106644947,0.,0.707106917426));
#5678 = ORIENTED_EDGE('',*,*,#3799,.F.);
#5679 = ORIENTED_EDGE('',*,*,#5680,.F.);
#5680 = EDGE_CURVE('',#5681,#3792,#5683,.T.);
#5681 = VERTEX_POINT('',#5682);
#5682 = CARTESIAN_POINT('',(23.769552230835,10.,39.870056152344));
#5683 = LINE('',#5684,#5685);
#5684 = CARTESIAN_POINT('',(23.769552230835,10.,39.870056152344));
#5685 = VECTOR('',#5686,1.);
#5686 = DIRECTION('',(-0.707106644947,0.,0.707106917426));
#5687 = ORIENTED_EDGE('',*,*,#5688,.T.);
#5688 = EDGE_CURVE('',#5681,#77,#5689,.T.);
#5689 = LINE('',#5690,#5691);
#5690 = CARTESIAN_POINT('',(23.769552230835,10.,39.870056152344));
#5691 = VECTOR('',#5692,1.);
#5692 = DIRECTION('',(0.706757875812,-3.141034789724E-02,0.706757875812)
  );
#5693 = PLANE('',#5694);
#5694 = AXIS2_PLACEMENT_3D('',#5695,#5696,#5697);
#5695 = CARTESIAN_POINT('',(21.516676902771,9.99013376236,
    42.566928863525));
#5696 = DIRECTION('',(-2.221047427688E-02,-0.999506573288,
    -2.221046571824E-02));
#5697 = DIRECTION('',(-0.999753195225,2.22159545712E-02,
    4.382766630627E-20));
#5698 = ADVANCED_FACE('',(#5699),#5710,.T.);
#5699 = FACE_BOUND('',#5700,.T.);
#5700 = EDGE_LOOP('',(#5701,#5707,#5708,#5709));
#5701 = ORIENTED_EDGE('',*,*,#5702,.T.);
#5702 = EDGE_CURVE('',#2450,#5681,#5703,.T.);
#5703 = LINE('',#5704,#5705);
#5704 = CARTESIAN_POINT('',(22.444566726685,9.822872161865,
    38.545070648193));
#5705 = VECTOR('',#5706,1.);
#5706 = DIRECTION('',(0.703968601855,9.410852886369E-02,0.703968601855)
  );
#5707 = ORIENTED_EDGE('',*,*,#5680,.T.);
#5708 = ORIENTED_EDGE('',*,*,#3791,.F.);
#5709 = ORIENTED_EDGE('',*,*,#2457,.T.);
#5710 = PLANE('',#5711);
#5711 = AXIS2_PLACEMENT_3D('',#5712,#5713,#5714);
#5712 = CARTESIAN_POINT('',(20.632185935974,9.911436080933,
    41.682437896729));
#5713 = DIRECTION('',(6.654479174828E-02,-0.995561944228,
    6.654476610574E-02));
#5714 = DIRECTION('',(-0.997773568727,-6.669261990959E-02,
    5.322969208271E-19));
#5715 = ADVANCED_FACE('',(#5716),#5727,.T.);
#5716 = FACE_BOUND('',#5717,.T.);
#5717 = EDGE_LOOP('',(#5718,#5719,#5720,#5721));
#5718 = ORIENTED_EDGE('',*,*,#1567,.F.);
#5719 = ORIENTED_EDGE('',*,*,#5673,.F.);
#5720 = ORIENTED_EDGE('',*,*,#85,.T.);
#5721 = ORIENTED_EDGE('',*,*,#5722,.F.);
#5722 = EDGE_CURVE('',#1537,#32,#5723,.T.);
#5723 = LINE('',#5724,#5725);
#5724 = CARTESIAN_POINT('',(21.004884719849,9.510564804077,
    47.004886627197));
#5725 = VECTOR('',#5726,1.);
#5726 = DIRECTION('',(0.707106644947,0.,-0.707106917426));
#5727 = PLANE('',#5728);
#5728 = AXIS2_PLACEMENT_3D('',#5729,#5730,#5731);
#5729 = CARTESIAN_POINT('',(22.609216690063,9.745416164398,
    43.659469604492));
#5730 = DIRECTION('',(-0.132498787003,-0.982287206684,-0.132498735946));
#5731 = DIRECTION('',(-0.991024900518,0.133677397318,-2.127793607965E-18
    ));
#5732 = ADVANCED_FACE('',(#5733),#5744,.T.);
#5733 = FACE_BOUND('',#5734,.T.);
#5734 = EDGE_LOOP('',(#5735,#5736,#5737,#5738));
#5735 = ORIENTED_EDGE('',*,*,#3843,.F.);
#5736 = ORIENTED_EDGE('',*,*,#5722,.T.);
#5737 = ORIENTED_EDGE('',*,*,#31,.T.);
#5738 = ORIENTED_EDGE('',*,*,#5739,.F.);
#5739 = EDGE_CURVE('',#1325,#24,#5740,.T.);
#5740 = LINE('',#5741,#5742);
#5741 = CARTESIAN_POINT('',(22.608673095703,8.443279266357,
    48.608673095703));
#5742 = VECTOR('',#5743,1.);
#5743 = DIRECTION('',(0.707106644947,0.,-0.707106917426));
#5744 = PLANE('',#5745);
#5745 = AXIS2_PLACEMENT_3D('',#5746,#5747,#5748);
#5746 = CARTESIAN_POINT('',(24.281652450562,8.976922035217,
    45.33190536499));
#5747 = DIRECTION('',(-0.30107140582,-0.904827103403,-0.301071289804));
#5748 = DIRECTION('',(-0.948852298595,0.315720312067,1.652578437674E-17)
  );
#5749 = ADVANCED_FACE('',(#5750),#5761,.T.);
#5750 = FACE_BOUND('',#5751,.T.);
#5751 = EDGE_LOOP('',(#5752,#5753,#5754,#5760));
#5752 = ORIENTED_EDGE('',*,*,#1332,.F.);
#5753 = ORIENTED_EDGE('',*,*,#5739,.T.);
#5754 = ORIENTED_EDGE('',*,*,#5755,.T.);
#5755 = EDGE_CURVE('',#24,#1795,#5756,.T.);
#5756 = LINE('',#5757,#5758);
#5757 = CARTESIAN_POINT('',(27.558420181274,8.443279266357,
    43.658924102783));
#5758 = VECTOR('',#5759,1.);
#5759 = DIRECTION('',(0.544835091263,-0.637424071287,0.544835091263));
#5760 = ORIENTED_EDGE('',*,*,#1803,.F.);
#5761 = PLANE('',#5762);
#5762 = AXIS2_PLACEMENT_3D('',#5763,#5764,#5765);
#5763 = CARTESIAN_POINT('',(25.766406059265,7.644375085831,
    46.81665802002));
#5764 = DIRECTION('',(-0.450726970141,-0.770513175321,-0.450726796456));
#5765 = DIRECTION('',(-0.863163458797,0.504924591793,-6.427696786694E-18
    ));
#5766 = ADVANCED_FACE('',(#5767),#5773,.T.);
#5767 = FACE_BOUND('',#5768,.T.);
#5768 = EDGE_LOOP('',(#5769,#5770,#5771,#5772));
#5769 = ORIENTED_EDGE('',*,*,#1703,.F.);
#5770 = ORIENTED_EDGE('',*,*,#1849,.T.);
#5771 = ORIENTED_EDGE('',*,*,#2047,.T.);
#5772 = ORIENTED_EDGE('',*,*,#5567,.F.);
#5773 = PLANE('',#5774);
#5774 = AXIS2_PLACEMENT_3D('',#5775,#5776,#5777);
#5775 = CARTESIAN_POINT('',(28.254671096802,1.243449449539,
    49.30492401123));
#5776 = DIRECTION('',(-0.701531205463,-0.125332816183,-0.701530935133));
#5777 = DIRECTION('',(0.707106644947,2.333725788493E-18,-0.707106917426)
  );
#5778 = ADVANCED_FACE('',(#5779),#5785,.T.);
#5779 = FACE_BOUND('',#5780,.T.);
#5780 = EDGE_LOOP('',(#5781,#5782,#5783,#5784));
#5781 = ORIENTED_EDGE('',*,*,#5755,.F.);
#5782 = ORIENTED_EDGE('',*,*,#62,.T.);
#5783 = ORIENTED_EDGE('',*,*,#1220,.F.);
#5784 = ORIENTED_EDGE('',*,*,#1918,.F.);
#5785 = PLANE('',#5786);
#5786 = AXIS2_PLACEMENT_3D('',#5787,#5788,#5789);
#5787 = CARTESIAN_POINT('',(26.986811758475,5.263631710831,
    43.087316552826));
#5788 = DIRECTION('',(-0.70710668585,1.587446121871E-07,0.707106876524)
  );
#5789 = DIRECTION('',(0.707106876524,-4.194298595942E-24,0.70710668585)
  );
#5790 = ADVANCED_FACE('',(#5791),#5799,.T.);
#5791 = FACE_BOUND('',#5792,.T.);
#5792 = EDGE_LOOP('',(#5793,#5794,#5795,#5796,#5797,#5798));
#5793 = ORIENTED_EDGE('',*,*,#76,.T.);
#5794 = ORIENTED_EDGE('',*,*,#5688,.F.);
#5795 = ORIENTED_EDGE('',*,*,#5702,.F.);
#5796 = ORIENTED_EDGE('',*,*,#2561,.T.);
#5797 = ORIENTED_EDGE('',*,*,#3703,.F.);
#5798 = ORIENTED_EDGE('',*,*,#3734,.F.);
#5799 = PLANE('',#5800);
#5800 = AXIS2_PLACEMENT_3D('',#5801,#5802,#5803);
#5801 = CARTESIAN_POINT('',(23.551015684483,6.688799544638,
    39.651519605992));
#5802 = DIRECTION('',(-0.707106781187,-0.,0.707106781187));
#5803 = DIRECTION('',(0.707106781187,0.,0.707106781187));
#5804 = ADVANCED_FACE('',(#5805),#5812,.T.);
#5805 = FACE_BOUND('',#5806,.T.);
#5806 = EDGE_LOOP('',(#5807,#5808,#5809,#5810,#5811));
#5807 = ORIENTED_EDGE('',*,*,#5641,.F.);
#5808 = ORIENTED_EDGE('',*,*,#185,.F.);
#5809 = ORIENTED_EDGE('',*,*,#2073,.F.);
#5810 = ORIENTED_EDGE('',*,*,#2104,.F.);
#5811 = ORIENTED_EDGE('',*,*,#3598,.T.);
#5812 = PLANE('',#5813);
#5813 = AXIS2_PLACEMENT_3D('',#5814,#5815,#5816);
#5814 = CARTESIAN_POINT('',(23.551153849401,-6.683988429467,
    39.65165777091));
#5815 = DIRECTION('',(-0.707106781187,-0.,0.707106781187));
#5816 = DIRECTION('',(0.707106781187,0.,0.707106781187));
#5817 = ADVANCED_FACE('',(#5818),#5825,.T.);
#5818 = FACE_BOUND('',#5819,.T.);
#5819 = EDGE_LOOP('',(#5820,#5821,#5822,#5823,#5824));
#5820 = ORIENTED_EDGE('',*,*,#2167,.T.);
#5821 = ORIENTED_EDGE('',*,*,#5658,.F.);
#5822 = ORIENTED_EDGE('',*,*,#3519,.F.);
#5823 = ORIENTED_EDGE('',*,*,#3645,.F.);
#5824 = ORIENTED_EDGE('',*,*,#3669,.F.);
#5825 = PLANE('',#5826);
#5826 = AXIS2_PLACEMENT_3D('',#5827,#5828,#5829);
#5827 = CARTESIAN_POINT('',(19.036354389627,5.087566880811E-17,
    35.13685928169));
#5828 = DIRECTION('',(-0.707106636076,0.,0.707106926297));
#5829 = DIRECTION('',(0.707106926297,0.,0.707106636076));
#5830 = ADVANCED_FACE('',(#5831),#5837,.T.);
#5831 = FACE_BOUND('',#5832,.T.);
#5832 = EDGE_LOOP('',(#5833,#5834,#5835,#5836));
#5833 = ORIENTED_EDGE('',*,*,#2014,.T.);
#5834 = ORIENTED_EDGE('',*,*,#859,.F.);
#5835 = ORIENTED_EDGE('',*,*,#140,.F.);
#5836 = ORIENTED_EDGE('',*,*,#5585,.F.);
#5837 = PLANE('',#5838);
#5838 = AXIS2_PLACEMENT_3D('',#5839,#5840,#5841);
#5839 = CARTESIAN_POINT('',(26.986811758475,-5.263631710831,
    43.087316552826));
#5840 = DIRECTION('',(-0.70710668585,-1.587446123717E-07,0.707106876524)
  );
#5841 = DIRECTION('',(0.707106876524,2.159039914079E-24,0.70710668585));
#5842 = ( GEOMETRIC_REPRESENTATION_CONTEXT(3) 
GLOBAL_UNCERTAINTY_ASSIGNED_CONTEXT((#5846)) 
GLOBAL_UNIT_ASSIGNED_CONTEXT((#5843,#5844,#5845)) REPRESENTATION_CONTEXT
('Context #1','3D Context with UNIT and UNCERTAINTY') );
#5843 = ( LENGTH_UNIT() NAMED_UNIT(*) SI_UNIT(.MILLI.,.METRE.) );
#5844 = ( NAMED_UNIT(*) PLANE_ANGLE_UNIT() SI_UNIT($,.RADIAN.) );
#5845 = ( NAMED_UNIT(*) SI_UNIT($,.STERADIAN.) SOLID_ANGLE_UNIT() );
#5846 = UNCERTAINTY_MEASURE_WITH_UNIT(LENGTH_MEASURE(1.E-07),#5843,
  'distance_accuracy_value','confusion accuracy');
#5847 = PRODUCT_RELATED_PRODUCT_CATEGORY('part',$,(#7));
#5848 = MECHANICAL_DESIGN_GEOMETRIC_PRESENTATION_REPRESENTATION('',(
    #5849),#5842);
#5849 = STYLED_ITEM('color',(#5850),#15);
#5850 = PRESENTATION_STYLE_ASSIGNMENT((#5851,#5857));
#5851 = SURFACE_STYLE_USAGE(.BOTH.,#5852);
#5852 = SURFACE_SIDE_STYLE('',(#5853));
#5853 = SURFACE_STYLE_FILL_AREA(#5854);
#5854 = FILL_AREA_STYLE('',(#5855));
#5855 = FILL_AREA_STYLE_COLOUR('',#5856);
#5856 = COLOUR_RGB('',0.447058818107,0.474509808674,0.501960817233);
#5857 = CURVE_STYLE('',#5858,POSITIVE_LENGTH_MEASURE(0.1),#5859);
#5858 = DRAUGHTING_PRE_DEFINED_CURVE_FONT('continuous');
#5859 = COLOUR_RGB('',9.803921802644E-02,9.803921802644E-02,
  9.803921802644E-02);
ENDSEC;
END-ISO-10303-21;
