ISO-10303-21;
HEADER;
/* Generated by software containing ST-Developer
 * from STEP Tools, Inc. (www.steptools.com) 
 */

FILE_DESCRIPTION(
/* description */ ('FreeCAD Model'),
/* implementation_level */ '2;1');

FILE_NAME(
/* name */ 'slider sprint 23mm.step',
/* time_stamp */ '2026-09-13T17:41:24+02:00',
/* author */ (''),
/* organization */ (''),
/* preprocessor_version */ 'ST-DEVELOPER v20.1',
/* originating_system */ 'Autodesk Translation Framework v15.8.0.0',
/* authorisation */ '');

FILE_SCHEMA (('AUTOMOTIVE_DESIGN { 1 0 10303 214 3 1 1 }'));
ENDSEC;

DATA;
#10=MECHANICAL_DESIGN_GEOMETRIC_PRESENTATION_REPRESENTATION('',(#13),#4088);
#11=SHAPE_REPRESENTATION_RELATIONSHIP('SRR','None',#4095,#12);
#12=ADVANCED_BREP_SHAPE_REPRESENTATION('',(#14),#4087);
#13=STYLED_ITEM('',(#4105),#14);
#14=MANIFOLD_SOLID_BREP('Body1',#2592);
#15=FACE_BOUND('',#277,.T.);
#16=FACE_BOUND('',#280,.T.);
#17=FACE_BOUND('',#294,.T.);
#18=FACE_BOUND('',#295,.T.);
#19=FACE_BOUND('',#296,.T.);
#20=FACE_BOUND('',#298,.T.);
#21=FACE_BOUND('',#301,.T.);
#22=FACE_BOUND('',#343,.T.);
#23=FACE_BOUND('',#345,.T.);
#24=PLANE('',#2609);
#25=PLANE('',#2610);
#26=PLANE('',#2611);
#27=PLANE('',#2612);
#28=PLANE('',#2613);
#29=PLANE('',#2614);
#30=PLANE('',#2615);
#31=PLANE('',#2616);
#32=PLANE('',#2617);
#33=PLANE('',#2618);
#34=PLANE('',#2619);
#35=PLANE('',#2620);
#36=PLANE('',#2621);
#37=PLANE('',#2622);
#38=PLANE('',#2623);
#39=PLANE('',#2624);
#40=PLANE('',#2625);
#41=PLANE('',#2626);
#42=PLANE('',#2627);
#43=PLANE('',#2628);
#44=PLANE('',#2629);
#45=PLANE('',#2630);
#46=PLANE('',#2631);
#47=PLANE('',#2632);
#48=PLANE('',#2633);
#49=PLANE('',#2634);
#50=PLANE('',#2635);
#51=PLANE('',#2636);
#52=PLANE('',#2637);
#53=PLANE('',#2638);
#54=PLANE('',#2639);
#55=PLANE('',#2640);
#56=PLANE('',#2641);
#57=PLANE('',#2642);
#58=PLANE('',#2643);
#59=PLANE('',#2644);
#60=PLANE('',#2645);
#61=PLANE('',#2646);
#62=PLANE('',#2647);
#63=PLANE('',#2648);
#64=PLANE('',#2649);
#65=PLANE('',#2650);
#66=PLANE('',#2651);
#67=PLANE('',#2652);
#68=PLANE('',#2653);
#69=PLANE('',#2654);
#70=PLANE('',#2655);
#71=PLANE('',#2656);
#72=PLANE('',#2657);
#73=PLANE('',#2658);
#74=PLANE('',#2659);
#75=PLANE('',#2660);
#76=PLANE('',#2661);
#77=PLANE('',#2662);
#78=PLANE('',#2663);
#79=PLANE('',#2664);
#80=PLANE('',#2665);
#81=PLANE('',#2666);
#82=PLANE('',#2667);
#83=PLANE('',#2668);
#84=PLANE('',#2669);
#85=PLANE('',#2670);
#86=PLANE('',#2671);
#87=PLANE('',#2672);
#88=PLANE('',#2673);
#89=PLANE('',#2674);
#90=PLANE('',#2675);
#91=PLANE('',#2676);
#92=PLANE('',#2677);
#93=PLANE('',#2678);
#94=PLANE('',#2679);
#95=PLANE('',#2680);
#96=PLANE('',#2681);
#97=PLANE('',#2682);
#98=PLANE('',#2683);
#99=PLANE('',#2684);
#100=PLANE('',#2685);
#101=PLANE('',#2686);
#102=PLANE('',#2687);
#103=PLANE('',#2688);
#104=PLANE('',#2689);
#105=PLANE('',#2690);
#106=PLANE('',#2691);
#107=PLANE('',#2692);
#108=PLANE('',#2693);
#109=PLANE('',#2694);
#110=PLANE('',#2695);
#111=PLANE('',#2696);
#112=PLANE('',#2697);
#113=PLANE('',#2698);
#114=PLANE('',#2699);
#115=PLANE('',#2700);
#116=PLANE('',#2701);
#117=PLANE('',#2702);
#118=PLANE('',#2703);
#119=PLANE('',#2704);
#120=PLANE('',#2705);
#121=PLANE('',#2706);
#122=PLANE('',#2707);
#123=PLANE('',#2708);
#124=PLANE('',#2709);
#125=PLANE('',#2710);
#126=PLANE('',#2711);
#127=PLANE('',#2712);
#128=PLANE('',#2713);
#129=PLANE('',#2714);
#130=PLANE('',#2715);
#131=PLANE('',#2716);
#132=PLANE('',#2717);
#133=PLANE('',#2718);
#134=PLANE('',#2719);
#135=PLANE('',#2720);
#136=PLANE('',#2721);
#137=PLANE('',#2722);
#138=PLANE('',#2723);
#139=PLANE('',#2724);
#140=PLANE('',#2725);
#141=PLANE('',#2726);
#142=PLANE('',#2727);
#143=PLANE('',#2728);
#144=PLANE('',#2729);
#145=PLANE('',#2730);
#146=PLANE('',#2731);
#147=PLANE('',#2732);
#148=PLANE('',#2733);
#149=FACE_OUTER_BOUND('',#275,.T.);
#150=FACE_OUTER_BOUND('',#276,.T.);
#151=FACE_OUTER_BOUND('',#278,.T.);
#152=FACE_OUTER_BOUND('',#279,.T.);
#153=FACE_OUTER_BOUND('',#281,.T.);
#154=FACE_OUTER_BOUND('',#282,.T.);
#155=FACE_OUTER_BOUND('',#283,.T.);
#156=FACE_OUTER_BOUND('',#284,.T.);
#157=FACE_OUTER_BOUND('',#285,.T.);
#158=FACE_OUTER_BOUND('',#286,.T.);
#159=FACE_OUTER_BOUND('',#287,.T.);
#160=FACE_OUTER_BOUND('',#288,.T.);
#161=FACE_OUTER_BOUND('',#289,.T.);
#162=FACE_OUTER_BOUND('',#290,.T.);
#163=FACE_OUTER_BOUND('',#291,.T.);
#164=FACE_OUTER_BOUND('',#292,.T.);
#165=FACE_OUTER_BOUND('',#293,.T.);
#166=FACE_OUTER_BOUND('',#297,.T.);
#167=FACE_OUTER_BOUND('',#299,.T.);
#168=FACE_OUTER_BOUND('',#300,.T.);
#169=FACE_OUTER_BOUND('',#302,.T.);
#170=FACE_OUTER_BOUND('',#303,.T.);
#171=FACE_OUTER_BOUND('',#304,.T.);
#172=FACE_OUTER_BOUND('',#305,.T.);
#173=FACE_OUTER_BOUND('',#306,.T.);
#174=FACE_OUTER_BOUND('',#307,.T.);
#175=FACE_OUTER_BOUND('',#308,.T.);
#176=FACE_OUTER_BOUND('',#309,.T.);
#177=FACE_OUTER_BOUND('',#310,.T.);
#178=FACE_OUTER_BOUND('',#311,.T.);
#179=FACE_OUTER_BOUND('',#312,.T.);
#180=FACE_OUTER_BOUND('',#313,.T.);
#181=FACE_OUTER_BOUND('',#314,.T.);
#182=FACE_OUTER_BOUND('',#315,.T.);
#183=FACE_OUTER_BOUND('',#316,.T.);
#184=FACE_OUTER_BOUND('',#317,.T.);
#185=FACE_OUTER_BOUND('',#318,.T.);
#186=FACE_OUTER_BOUND('',#319,.T.);
#187=FACE_OUTER_BOUND('',#320,.T.);
#188=FACE_OUTER_BOUND('',#321,.T.);
#189=FACE_OUTER_BOUND('',#322,.T.);
#190=FACE_OUTER_BOUND('',#323,.T.);
#191=FACE_OUTER_BOUND('',#324,.T.);
#192=FACE_OUTER_BOUND('',#325,.T.);
#193=FACE_OUTER_BOUND('',#326,.T.);
#194=FACE_OUTER_BOUND('',#327,.T.);
#195=FACE_OUTER_BOUND('',#328,.T.);
#196=FACE_OUTER_BOUND('',#329,.T.);
#197=FACE_OUTER_BOUND('',#330,.T.);
#198=FACE_OUTER_BOUND('',#331,.T.);
#199=FACE_OUTER_BOUND('',#332,.T.);
#200=FACE_OUTER_BOUND('',#333,.T.);
#201=FACE_OUTER_BOUND('',#334,.T.);
#202=FACE_OUTER_BOUND('',#335,.T.);
#203=FACE_OUTER_BOUND('',#336,.T.);
#204=FACE_OUTER_BOUND('',#337,.T.);
#205=FACE_OUTER_BOUND('',#338,.T.);
#206=FACE_OUTER_BOUND('',#339,.T.);
#207=FACE_OUTER_BOUND('',#340,.T.);
#208=FACE_OUTER_BOUND('',#341,.T.);
#209=FACE_OUTER_BOUND('',#342,.T.);
#210=FACE_OUTER_BOUND('',#344,.T.);
#211=FACE_OUTER_BOUND('',#346,.T.);
#212=FACE_OUTER_BOUND('',#347,.T.);
#213=FACE_OUTER_BOUND('',#348,.T.);
#214=FACE_OUTER_BOUND('',#349,.T.);
#215=FACE_OUTER_BOUND('',#350,.T.);
#216=FACE_OUTER_BOUND('',#351,.T.);
#217=FACE_OUTER_BOUND('',#352,.T.);
#218=FACE_OUTER_BOUND('',#353,.T.);
#219=FACE_OUTER_BOUND('',#354,.T.);
#220=FACE_OUTER_BOUND('',#355,.T.);
#221=FACE_OUTER_BOUND('',#356,.T.);
#222=FACE_OUTER_BOUND('',#357,.T.);
#223=FACE_OUTER_BOUND('',#358,.T.);
#224=FACE_OUTER_BOUND('',#359,.T.);
#225=FACE_OUTER_BOUND('',#360,.T.);
#226=FACE_OUTER_BOUND('',#361,.T.);
#227=FACE_OUTER_BOUND('',#362,.T.);
#228=FACE_OUTER_BOUND('',#363,.T.);
#229=FACE_OUTER_BOUND('',#364,.T.);
#230=FACE_OUTER_BOUND('',#365,.T.);
#231=FACE_OUTER_BOUND('',#366,.T.);
#232=FACE_OUTER_BOUND('',#367,.T.);
#233=FACE_OUTER_BOUND('',#368,.T.);
#234=FACE_OUTER_BOUND('',#369,.T.);
#235=FACE_OUTER_BOUND('',#370,.T.);
#236=FACE_OUTER_BOUND('',#371,.T.);
#237=FACE_OUTER_BOUND('',#372,.T.);
#238=FACE_OUTER_BOUND('',#373,.T.);
#239=FACE_OUTER_BOUND('',#374,.T.);
#240=FACE_OUTER_BOUND('',#375,.T.);
#241=FACE_OUTER_BOUND('',#376,.T.);
#242=FACE_OUTER_BOUND('',#377,.T.);
#243=FACE_OUTER_BOUND('',#378,.T.);
#244=FACE_OUTER_BOUND('',#379,.T.);
#245=FACE_OUTER_BOUND('',#380,.T.);
#246=FACE_OUTER_BOUND('',#381,.T.);
#247=FACE_OUTER_BOUND('',#382,.T.);
#248=FACE_OUTER_BOUND('',#383,.T.);
#249=FACE_OUTER_BOUND('',#384,.T.);
#250=FACE_OUTER_BOUND('',#385,.T.);
#251=FACE_OUTER_BOUND('',#386,.T.);
#252=FACE_OUTER_BOUND('',#387,.T.);
#253=FACE_OUTER_BOUND('',#388,.T.);
#254=FACE_OUTER_BOUND('',#389,.T.);
#255=FACE_OUTER_BOUND('',#390,.T.);
#256=FACE_OUTER_BOUND('',#391,.T.);
#257=FACE_OUTER_BOUND('',#392,.T.);
#258=FACE_OUTER_BOUND('',#393,.T.);
#259=FACE_OUTER_BOUND('',#394,.T.);
#260=FACE_OUTER_BOUND('',#395,.T.);
#261=FACE_OUTER_BOUND('',#396,.T.);
#262=FACE_OUTER_BOUND('',#397,.T.);
#263=FACE_OUTER_BOUND('',#398,.T.);
#264=FACE_OUTER_BOUND('',#399,.T.);
#265=FACE_OUTER_BOUND('',#400,.T.);
#266=FACE_OUTER_BOUND('',#401,.T.);
#267=FACE_OUTER_BOUND('',#402,.T.);
#268=FACE_OUTER_BOUND('',#403,.T.);
#269=FACE_OUTER_BOUND('',#404,.T.);
#270=FACE_OUTER_BOUND('',#405,.T.);
#271=FACE_OUTER_BOUND('',#406,.T.);
#272=FACE_OUTER_BOUND('',#407,.T.);
#273=FACE_OUTER_BOUND('',#408,.T.);
#274=FACE_OUTER_BOUND('',#409,.T.);
#275=EDGE_LOOP('',(#1739,#1740,#1741,#1742));
#276=EDGE_LOOP('',(#1743,#1744,#1745,#1746,#1747,#1748,#1749,#1750,#1751,
#1752,#1753,#1754,#1755,#1756,#1757));
#277=EDGE_LOOP('',(#1758,#1759,#1760,#1761,#1762,#1763,#1764,#1765,#1766,
#1767,#1768,#1769,#1770,#1771,#1772,#1773,#1774,#1775,#1776,#1777));
#278=EDGE_LOOP('',(#1778,#1779,#1780,#1781));
#279=EDGE_LOOP('',(#1782,#1783,#1784,#1785,#1786,#1787,#1788,#1789,#1790,
#1791,#1792,#1793,#1794,#1795,#1796));
#280=EDGE_LOOP('',(#1797,#1798,#1799,#1800,#1801,#1802,#1803,#1804,#1805,
#1806,#1807,#1808,#1809,#1810,#1811,#1812,#1813,#1814,#1815,#1816));
#281=EDGE_LOOP('',(#1817,#1818,#1819,#1820));
#282=EDGE_LOOP('',(#1821,#1822,#1823,#1824));
#283=EDGE_LOOP('',(#1825,#1826,#1827,#1828));
#284=EDGE_LOOP('',(#1829,#1830,#1831,#1832));
#285=EDGE_LOOP('',(#1833,#1834,#1835,#1836));
#286=EDGE_LOOP('',(#1837,#1838,#1839,#1840));
#287=EDGE_LOOP('',(#1841,#1842,#1843,#1844));
#288=EDGE_LOOP('',(#1845,#1846,#1847,#1848));
#289=EDGE_LOOP('',(#1849,#1850,#1851,#1852));
#290=EDGE_LOOP('',(#1853,#1854,#1855,#1856));
#291=EDGE_LOOP('',(#1857,#1858,#1859,#1860));
#292=EDGE_LOOP('',(#1861,#1862,#1863,#1864));
#293=EDGE_LOOP('',(#1865,#1866,#1867,#1868,#1869,#1870,#1871,#1872,#1873,
#1874,#1875,#1876,#1877,#1878,#1879,#1880,#1881,#1882,#1883,#1884,#1885,
#1886,#1887,#1888,#1889,#1890,#1891,#1892,#1893,#1894));
#294=EDGE_LOOP('',(#1895,#1896,#1897,#1898));
#295=EDGE_LOOP('',(#1899,#1900,#1901,#1902));
#296=EDGE_LOOP('',(#1903,#1904,#1905,#1906,#1907,#1908,#1909,#1910,#1911,
#1912,#1913,#1914,#1915,#1916,#1917,#1918,#1919,#1920,#1921,#1922));
#297=EDGE_LOOP('',(#1923,#1924,#1925,#1926,#1927,#1928,#1929,#1930,#1931,
#1932,#1933,#1934,#1935,#1936,#1937));
#298=EDGE_LOOP('',(#1938,#1939,#1940,#1941,#1942,#1943,#1944,#1945,#1946,
#1947,#1948,#1949,#1950,#1951,#1952,#1953,#1954,#1955,#1956,#1957));
#299=EDGE_LOOP('',(#1958,#1959,#1960,#1961));
#300=EDGE_LOOP('',(#1962,#1963,#1964,#1965,#1966,#1967,#1968,#1969,#1970,
#1971,#1972,#1973,#1974,#1975,#1976));
#301=EDGE_LOOP('',(#1977,#1978,#1979,#1980,#1981,#1982,#1983,#1984,#1985,
#1986,#1987,#1988,#1989,#1990,#1991,#1992,#1993,#1994,#1995,#1996));
#302=EDGE_LOOP('',(#1997,#1998,#1999,#2000));
#303=EDGE_LOOP('',(#2001,#2002,#2003,#2004));
#304=EDGE_LOOP('',(#2005,#2006,#2007,#2008));
#305=EDGE_LOOP('',(#2009,#2010,#2011,#2012));
#306=EDGE_LOOP('',(#2013,#2014,#2015,#2016));
#307=EDGE_LOOP('',(#2017,#2018,#2019,#2020));
#308=EDGE_LOOP('',(#2021,#2022,#2023,#2024));
#309=EDGE_LOOP('',(#2025,#2026,#2027,#2028));
#310=EDGE_LOOP('',(#2029,#2030,#2031,#2032));
#311=EDGE_LOOP('',(#2033,#2034,#2035,#2036));
#312=EDGE_LOOP('',(#2037,#2038,#2039,#2040));
#313=EDGE_LOOP('',(#2041,#2042,#2043,#2044));
#314=EDGE_LOOP('',(#2045,#2046,#2047,#2048));
#315=EDGE_LOOP('',(#2049,#2050,#2051,#2052));
#316=EDGE_LOOP('',(#2053,#2054,#2055,#2056));
#317=EDGE_LOOP('',(#2057,#2058,#2059,#2060));
#318=EDGE_LOOP('',(#2061,#2062,#2063,#2064));
#319=EDGE_LOOP('',(#2065,#2066,#2067,#2068));
#320=EDGE_LOOP('',(#2069,#2070,#2071,#2072));
#321=EDGE_LOOP('',(#2073,#2074,#2075,#2076));
#322=EDGE_LOOP('',(#2077,#2078,#2079,#2080));
#323=EDGE_LOOP('',(#2081,#2082,#2083,#2084));
#324=EDGE_LOOP('',(#2085,#2086,#2087,#2088));
#325=EDGE_LOOP('',(#2089,#2090,#2091,#2092));
#326=EDGE_LOOP('',(#2093,#2094,#2095,#2096));
#327=EDGE_LOOP('',(#2097,#2098,#2099,#2100));
#328=EDGE_LOOP('',(#2101,#2102,#2103,#2104));
#329=EDGE_LOOP('',(#2105,#2106,#2107,#2108));
#330=EDGE_LOOP('',(#2109,#2110,#2111,#2112));
#331=EDGE_LOOP('',(#2113,#2114,#2115,#2116));
#332=EDGE_LOOP('',(#2117,#2118,#2119,#2120));
#333=EDGE_LOOP('',(#2121,#2122,#2123,#2124));
#334=EDGE_LOOP('',(#2125,#2126,#2127,#2128));
#335=EDGE_LOOP('',(#2129,#2130,#2131,#2132));
#336=EDGE_LOOP('',(#2133,#2134,#2135,#2136));
#337=EDGE_LOOP('',(#2137,#2138,#2139,#2140));
#338=EDGE_LOOP('',(#2141,#2142,#2143,#2144));
#339=EDGE_LOOP('',(#2145,#2146,#2147,#2148));
#340=EDGE_LOOP('',(#2149,#2150,#2151,#2152));
#341=EDGE_LOOP('',(#2153,#2154,#2155,#2156));
#342=EDGE_LOOP('',(#2157,#2158,#2159,#2160,#2161,#2162,#2163,#2164,#2165,
#2166,#2167,#2168,#2169,#2170,#2171,#2172,#2173,#2174,#2175,#2176,#2177,
#2178,#2179,#2180,#2181,#2182,#2183,#2184,#2185,#2186));
#343=EDGE_LOOP('',(#2187));
#344=EDGE_LOOP('',(#2188));
#345=EDGE_LOOP('',(#2189,#2190,#2191,#2192,#2193,#2194,#2195,#2196,#2197,
#2198,#2199,#2200,#2201,#2202,#2203,#2204,#2205,#2206,#2207,#2208));
#346=EDGE_LOOP('',(#2209,#2210,#2211,#2212));
#347=EDGE_LOOP('',(#2213,#2214,#2215,#2216));
#348=EDGE_LOOP('',(#2217,#2218,#2219,#2220));
#349=EDGE_LOOP('',(#2221,#2222,#2223,#2224));
#350=EDGE_LOOP('',(#2225,#2226,#2227,#2228));
#351=EDGE_LOOP('',(#2229,#2230,#2231,#2232));
#352=EDGE_LOOP('',(#2233,#2234,#2235,#2236));
#353=EDGE_LOOP('',(#2237,#2238,#2239,#2240));
#354=EDGE_LOOP('',(#2241,#2242,#2243,#2244));
#355=EDGE_LOOP('',(#2245,#2246,#2247,#2248));
#356=EDGE_LOOP('',(#2249,#2250,#2251,#2252));
#357=EDGE_LOOP('',(#2253,#2254,#2255,#2256));
#358=EDGE_LOOP('',(#2257,#2258,#2259,#2260));
#359=EDGE_LOOP('',(#2261,#2262,#2263,#2264));
#360=EDGE_LOOP('',(#2265,#2266,#2267,#2268));
#361=EDGE_LOOP('',(#2269,#2270,#2271,#2272));
#362=EDGE_LOOP('',(#2273,#2274,#2275,#2276));
#363=EDGE_LOOP('',(#2277,#2278,#2279,#2280));
#364=EDGE_LOOP('',(#2281,#2282,#2283,#2284));
#365=EDGE_LOOP('',(#2285,#2286,#2287,#2288));
#366=EDGE_LOOP('',(#2289,#2290,#2291,#2292));
#367=EDGE_LOOP('',(#2293,#2294,#2295,#2296));
#368=EDGE_LOOP('',(#2297,#2298,#2299,#2300));
#369=EDGE_LOOP('',(#2301,#2302,#2303,#2304));
#370=EDGE_LOOP('',(#2305,#2306,#2307,#2308));
#371=EDGE_LOOP('',(#2309,#2310,#2311,#2312));
#372=EDGE_LOOP('',(#2313,#2314,#2315,#2316));
#373=EDGE_LOOP('',(#2317,#2318,#2319,#2320));
#374=EDGE_LOOP('',(#2321,#2322,#2323,#2324));
#375=EDGE_LOOP('',(#2325,#2326,#2327,#2328));
#376=EDGE_LOOP('',(#2329,#2330,#2331,#2332));
#377=EDGE_LOOP('',(#2333,#2334,#2335,#2336));
#378=EDGE_LOOP('',(#2337,#2338,#2339,#2340));
#379=EDGE_LOOP('',(#2341,#2342,#2343,#2344));
#380=EDGE_LOOP('',(#2345,#2346,#2347,#2348));
#381=EDGE_LOOP('',(#2349,#2350,#2351,#2352));
#382=EDGE_LOOP('',(#2353,#2354,#2355,#2356));
#383=EDGE_LOOP('',(#2357,#2358,#2359,#2360));
#384=EDGE_LOOP('',(#2361,#2362,#2363,#2364));
#385=EDGE_LOOP('',(#2365,#2366,#2367,#2368));
#386=EDGE_LOOP('',(#2369,#2370,#2371,#2372));
#387=EDGE_LOOP('',(#2373,#2374,#2375,#2376));
#388=EDGE_LOOP('',(#2377,#2378,#2379,#2380));
#389=EDGE_LOOP('',(#2381,#2382,#2383,#2384));
#390=EDGE_LOOP('',(#2385,#2386,#2387,#2388));
#391=EDGE_LOOP('',(#2389,#2390,#2391,#2392));
#392=EDGE_LOOP('',(#2393,#2394,#2395,#2396));
#393=EDGE_LOOP('',(#2397,#2398,#2399,#2400));
#394=EDGE_LOOP('',(#2401,#2402,#2403,#2404));
#395=EDGE_LOOP('',(#2405,#2406,#2407,#2408));
#396=EDGE_LOOP('',(#2409,#2410,#2411,#2412));
#397=EDGE_LOOP('',(#2413,#2414,#2415,#2416));
#398=EDGE_LOOP('',(#2417,#2418,#2419,#2420));
#399=EDGE_LOOP('',(#2421,#2422,#2423,#2424));
#400=EDGE_LOOP('',(#2425,#2426,#2427,#2428));
#401=EDGE_LOOP('',(#2429,#2430,#2431,#2432));
#402=EDGE_LOOP('',(#2433,#2434,#2435,#2436));
#403=EDGE_LOOP('',(#2437,#2438,#2439,#2440));
#404=EDGE_LOOP('',(#2441,#2442,#2443,#2444));
#405=EDGE_LOOP('',(#2445,#2446,#2447,#2448));
#406=EDGE_LOOP('',(#2449,#2450,#2451,#2452));
#407=EDGE_LOOP('',(#2453,#2454,#2455,#2456));
#408=EDGE_LOOP('',(#2457,#2458,#2459,#2460));
#409=EDGE_LOOP('',(#2461,#2462,#2463,#2464));
#410=LINE('',#3358,#771);
#411=LINE('',#3363,#772);
#412=LINE('',#3365,#773);
#413=LINE('',#3367,#774);
#414=LINE('',#3369,#775);
#415=LINE('',#3371,#776);
#416=LINE('',#3373,#777);
#417=LINE('',#3375,#778);
#418=LINE('',#3377,#779);
#419=LINE('',#3379,#780);
#420=LINE('',#3381,#781);
#421=LINE('',#3383,#782);
#422=LINE('',#3385,#783);
#423=LINE('',#3387,#784);
#424=LINE('',#3389,#785);
#425=LINE('',#3390,#786);
#426=LINE('',#3393,#787);
#427=LINE('',#3395,#788);
#428=LINE('',#3397,#789);
#429=LINE('',#3399,#790);
#430=LINE('',#3401,#791);
#431=LINE('',#3403,#792);
#432=LINE('',#3405,#793);
#433=LINE('',#3407,#794);
#434=LINE('',#3409,#795);
#435=LINE('',#3411,#796);
#436=LINE('',#3413,#797);
#437=LINE('',#3415,#798);
#438=LINE('',#3417,#799);
#439=LINE('',#3419,#800);
#440=LINE('',#3421,#801);
#441=LINE('',#3423,#802);
#442=LINE('',#3425,#803);
#443=LINE('',#3427,#804);
#444=LINE('',#3429,#805);
#445=LINE('',#3430,#806);
#446=LINE('',#3433,#807);
#447=LINE('',#3435,#808);
#448=LINE('',#3436,#809);
#449=LINE('',#3440,#810);
#450=LINE('',#3442,#811);
#451=LINE('',#3444,#812);
#452=LINE('',#3446,#813);
#453=LINE('',#3448,#814);
#454=LINE('',#3450,#815);
#455=LINE('',#3452,#816);
#456=LINE('',#3453,#817);
#457=LINE('',#3455,#818);
#458=LINE('',#3457,#819);
#459=LINE('',#3459,#820);
#460=LINE('',#3461,#821);
#461=LINE('',#3463,#822);
#462=LINE('',#3464,#823);
#463=LINE('',#3467,#824);
#464=LINE('',#3469,#825);
#465=LINE('',#3471,#826);
#466=LINE('',#3473,#827);
#467=LINE('',#3475,#828);
#468=LINE('',#3477,#829);
#469=LINE('',#3479,#830);
#470=LINE('',#3481,#831);
#471=LINE('',#3483,#832);
#472=LINE('',#3485,#833);
#473=LINE('',#3487,#834);
#474=LINE('',#3489,#835);
#475=LINE('',#3491,#836);
#476=LINE('',#3493,#837);
#477=LINE('',#3495,#838);
#478=LINE('',#3497,#839);
#479=LINE('',#3499,#840);
#480=LINE('',#3501,#841);
#481=LINE('',#3503,#842);
#482=LINE('',#3504,#843);
#483=LINE('',#3506,#844);
#484=LINE('',#3508,#845);
#485=LINE('',#3510,#846);
#486=LINE('',#3512,#847);
#487=LINE('',#3514,#848);
#488=LINE('',#3516,#849);
#489=LINE('',#3518,#850);
#490=LINE('',#3520,#851);
#491=LINE('',#3522,#852);
#492=LINE('',#3524,#853);
#493=LINE('',#3526,#854);
#494=LINE('',#3528,#855);
#495=LINE('',#3532,#856);
#496=LINE('',#3534,#857);
#497=LINE('',#3536,#858);
#498=LINE('',#3538,#859);
#499=LINE('',#3540,#860);
#500=LINE('',#3542,#861);
#501=LINE('',#3544,#862);
#502=LINE('',#3546,#863);
#503=LINE('',#3548,#864);
#504=LINE('',#3550,#865);
#505=LINE('',#3552,#866);
#506=LINE('',#3554,#867);
#507=LINE('',#3556,#868);
#508=LINE('',#3558,#869);
#509=LINE('',#3560,#870);
#510=LINE('',#3562,#871);
#511=LINE('',#3564,#872);
#512=LINE('',#3566,#873);
#513=LINE('',#3568,#874);
#514=LINE('',#3570,#875);
#515=LINE('',#3572,#876);
#516=LINE('',#3574,#877);
#517=LINE('',#3576,#878);
#518=LINE('',#3578,#879);
#519=LINE('',#3580,#880);
#520=LINE('',#3582,#881);
#521=LINE('',#3584,#882);
#522=LINE('',#3586,#883);
#523=LINE('',#3588,#884);
#524=LINE('',#3589,#885);
#525=LINE('',#3590,#886);
#526=LINE('',#3593,#887);
#527=LINE('',#3595,#888);
#528=LINE('',#3597,#889);
#529=LINE('',#3598,#890);
#530=LINE('',#3601,#891);
#531=LINE('',#3603,#892);
#532=LINE('',#3605,#893);
#533=LINE('',#3607,#894);
#534=LINE('',#3609,#895);
#535=LINE('',#3611,#896);
#536=LINE('',#3613,#897);
#537=LINE('',#3615,#898);
#538=LINE('',#3617,#899);
#539=LINE('',#3619,#900);
#540=LINE('',#3621,#901);
#541=LINE('',#3623,#902);
#542=LINE('',#3625,#903);
#543=LINE('',#3627,#904);
#544=LINE('',#3629,#905);
#545=LINE('',#3631,#906);
#546=LINE('',#3633,#907);
#547=LINE('',#3635,#908);
#548=LINE('',#3637,#909);
#549=LINE('',#3638,#910);
#550=LINE('',#3641,#911);
#551=LINE('',#3643,#912);
#552=LINE('',#3645,#913);
#553=LINE('',#3647,#914);
#554=LINE('',#3649,#915);
#555=LINE('',#3651,#916);
#556=LINE('',#3653,#917);
#557=LINE('',#3655,#918);
#558=LINE('',#3657,#919);
#559=LINE('',#3659,#920);
#560=LINE('',#3661,#921);
#561=LINE('',#3663,#922);
#562=LINE('',#3665,#923);
#563=LINE('',#3666,#924);
#564=LINE('',#3669,#925);
#565=LINE('',#3671,#926);
#566=LINE('',#3673,#927);
#567=LINE('',#3675,#928);
#568=LINE('',#3677,#929);
#569=LINE('',#3679,#930);
#570=LINE('',#3681,#931);
#571=LINE('',#3683,#932);
#572=LINE('',#3685,#933);
#573=LINE('',#3687,#934);
#574=LINE('',#3689,#935);
#575=LINE('',#3691,#936);
#576=LINE('',#3693,#937);
#577=LINE('',#3695,#938);
#578=LINE('',#3697,#939);
#579=LINE('',#3699,#940);
#580=LINE('',#3701,#941);
#581=LINE('',#3703,#942);
#582=LINE('',#3705,#943);
#583=LINE('',#3706,#944);
#584=LINE('',#3709,#945);
#585=LINE('',#3711,#946);
#586=LINE('',#3712,#947);
#587=LINE('',#3714,#948);
#588=LINE('',#3716,#949);
#589=LINE('',#3718,#950);
#590=LINE('',#3720,#951);
#591=LINE('',#3722,#952);
#592=LINE('',#3724,#953);
#593=LINE('',#3726,#954);
#594=LINE('',#3728,#955);
#595=LINE('',#3730,#956);
#596=LINE('',#3732,#957);
#597=LINE('',#3734,#958);
#598=LINE('',#3736,#959);
#599=LINE('',#3737,#960);
#600=LINE('',#3740,#961);
#601=LINE('',#3742,#962);
#602=LINE('',#3744,#963);
#603=LINE('',#3746,#964);
#604=LINE('',#3748,#965);
#605=LINE('',#3750,#966);
#606=LINE('',#3752,#967);
#607=LINE('',#3754,#968);
#608=LINE('',#3756,#969);
#609=LINE('',#3758,#970);
#610=LINE('',#3760,#971);
#611=LINE('',#3762,#972);
#612=LINE('',#3764,#973);
#613=LINE('',#3766,#974);
#614=LINE('',#3768,#975);
#615=LINE('',#3770,#976);
#616=LINE('',#3772,#977);
#617=LINE('',#3774,#978);
#618=LINE('',#3776,#979);
#619=LINE('',#3777,#980);
#620=LINE('',#3779,#981);
#621=LINE('',#3781,#982);
#622=LINE('',#3783,#983);
#623=LINE('',#3785,#984);
#624=LINE('',#3787,#985);
#625=LINE('',#3789,#986);
#626=LINE('',#3791,#987);
#627=LINE('',#3793,#988);
#628=LINE('',#3795,#989);
#629=LINE('',#3797,#990);
#630=LINE('',#3799,#991);
#631=LINE('',#3803,#992);
#632=LINE('',#3805,#993);
#633=LINE('',#3806,#994);
#634=LINE('',#3809,#995);
#635=LINE('',#3810,#996);
#636=LINE('',#3813,#997);
#637=LINE('',#3814,#998);
#638=LINE('',#3817,#999);
#639=LINE('',#3818,#1000);
#640=LINE('',#3821,#1001);
#641=LINE('',#3822,#1002);
#642=LINE('',#3825,#1003);
#643=LINE('',#3826,#1004);
#644=LINE('',#3829,#1005);
#645=LINE('',#3831,#1006);
#646=LINE('',#3832,#1007);
#647=LINE('',#3835,#1008);
#648=LINE('',#3836,#1009);
#649=LINE('',#3839,#1010);
#650=LINE('',#3840,#1011);
#651=LINE('',#3843,#1012);
#652=LINE('',#3844,#1013);
#653=LINE('',#3847,#1014);
#654=LINE('',#3848,#1015);
#655=LINE('',#3851,#1016);
#656=LINE('',#3852,#1017);
#657=LINE('',#3855,#1018);
#658=LINE('',#3856,#1019);
#659=LINE('',#3859,#1020);
#660=LINE('',#3860,#1021);
#661=LINE('',#3863,#1022);
#662=LINE('',#3864,#1023);
#663=LINE('',#3867,#1024);
#664=LINE('',#3868,#1025);
#665=LINE('',#3871,#1026);
#666=LINE('',#3872,#1027);
#667=LINE('',#3875,#1028);
#668=LINE('',#3876,#1029);
#669=LINE('',#3879,#1030);
#670=LINE('',#3880,#1031);
#671=LINE('',#3883,#1032);
#672=LINE('',#3884,#1033);
#673=LINE('',#3887,#1034);
#674=LINE('',#3888,#1035);
#675=LINE('',#3891,#1036);
#676=LINE('',#3892,#1037);
#677=LINE('',#3895,#1038);
#678=LINE('',#3896,#1039);
#679=LINE('',#3899,#1040);
#680=LINE('',#3900,#1041);
#681=LINE('',#3903,#1042);
#682=LINE('',#3904,#1043);
#683=LINE('',#3907,#1044);
#684=LINE('',#3908,#1045);
#685=LINE('',#3910,#1046);
#686=LINE('',#3913,#1047);
#687=LINE('',#3914,#1048);
#688=LINE('',#3917,#1049);
#689=LINE('',#3918,#1050);
#690=LINE('',#3922,#1051);
#691=LINE('',#3924,#1052);
#692=LINE('',#3926,#1053);
#693=LINE('',#3928,#1054);
#694=LINE('',#3930,#1055);
#695=LINE('',#3932,#1056);
#696=LINE('',#3934,#1057);
#697=LINE('',#3936,#1058);
#698=LINE('',#3938,#1059);
#699=LINE('',#3940,#1060);
#700=LINE('',#3942,#1061);
#701=LINE('',#3944,#1062);
#702=LINE('',#3946,#1063);
#703=LINE('',#3948,#1064);
#704=LINE('',#3950,#1065);
#705=LINE('',#3952,#1066);
#706=LINE('',#3954,#1067);
#707=LINE('',#3956,#1068);
#708=LINE('',#3958,#1069);
#709=LINE('',#3959,#1070);
#710=LINE('',#3961,#1071);
#711=LINE('',#3962,#1072);
#712=LINE('',#3964,#1073);
#713=LINE('',#3966,#1074);
#714=LINE('',#3968,#1075);
#715=LINE('',#3970,#1076);
#716=LINE('',#3972,#1077);
#717=LINE('',#3974,#1078);
#718=LINE('',#3976,#1079);
#719=LINE('',#3978,#1080);
#720=LINE('',#3980,#1081);
#721=LINE('',#3982,#1082);
#722=LINE('',#3984,#1083);
#723=LINE('',#3986,#1084);
#724=LINE('',#3988,#1085);
#725=LINE('',#3990,#1086);
#726=LINE('',#3992,#1087);
#727=LINE('',#3994,#1088);
#728=LINE('',#3996,#1089);
#729=LINE('',#3998,#1090);
#730=LINE('',#4001,#1091);
#731=LINE('',#4006,#1092);
#732=LINE('',#4007,#1093);
#733=LINE('',#4009,#1094);
#734=LINE('',#4010,#1095);
#735=LINE('',#4012,#1096);
#736=LINE('',#4014,#1097);
#737=LINE('',#4016,#1098);
#738=LINE('',#4018,#1099);
#739=LINE('',#4020,#1100);
#740=LINE('',#4022,#1101);
#741=LINE('',#4024,#1102);
#742=LINE('',#4026,#1103);
#743=LINE('',#4028,#1104);
#744=LINE('',#4030,#1105);
#745=LINE('',#4032,#1106);
#746=LINE('',#4034,#1107);
#747=LINE('',#4036,#1108);
#748=LINE('',#4038,#1109);
#749=LINE('',#4040,#1110);
#750=LINE('',#4042,#1111);
#751=LINE('',#4044,#1112);
#752=LINE('',#4046,#1113);
#753=LINE('',#4048,#1114);
#754=LINE('',#4050,#1115);
#755=LINE('',#4052,#1116);
#756=LINE('',#4054,#1117);
#757=LINE('',#4056,#1118);
#758=LINE('',#4058,#1119);
#759=LINE('',#4060,#1120);
#760=LINE('',#4062,#1121);
#761=LINE('',#4064,#1122);
#762=LINE('',#4066,#1123);
#763=LINE('',#4068,#1124);
#764=LINE('',#4070,#1125);
#765=LINE('',#4072,#1126);
#766=LINE('',#4074,#1127);
#767=LINE('',#4076,#1128);
#768=LINE('',#4078,#1129);
#769=LINE('',#4080,#1130);
#770=LINE('',#4082,#1131);
#771=VECTOR('',#2740,10.5);
#772=VECTOR('',#2745,1.);
#773=VECTOR('',#2746,1.);
#774=VECTOR('',#2747,1.);
#775=VECTOR('',#2748,0.999999999999822);
#776=VECTOR('',#2749,1.00000000000024);
#777=VECTOR('',#2750,1.00000000000014);
#778=VECTOR('',#2751,1.00000000000049);
#779=VECTOR('',#2752,1.00000000000013);
#780=VECTOR('',#2753,1.00000000000011);
#781=VECTOR('',#2754,1.00000000000011);
#782=VECTOR('',#2755,1.00000000000013);
#783=VECTOR('',#2756,1.00000000000049);
#784=VECTOR('',#2757,1.00000000000014);
#785=VECTOR('',#2758,1.00000000000024);
#786=VECTOR('',#2759,0.999999999999822);
#787=VECTOR('',#2760,1.00000000000008);
#788=VECTOR('',#2761,0.999999999999901);
#789=VECTOR('',#2762,0.999999999999901);
#790=VECTOR('',#2763,1.00000000000008);
#791=VECTOR('',#2764,0.999999999999941);
#792=VECTOR('',#2765,1.00000000000018);
#793=VECTOR('',#2766,0.999999999999959);
#794=VECTOR('',#2767,0.999999999999959);
#795=VECTOR('',#2768,1.00000000000018);
#796=VECTOR('',#2769,0.999999999999941);
#797=VECTOR('',#2770,1.00000000000008);
#798=VECTOR('',#2771,0.999999999999901);
#799=VECTOR('',#2772,0.999999999999901);
#800=VECTOR('',#2773,1.00000000000008);
#801=VECTOR('',#2774,0.999999999999941);
#802=VECTOR('',#2775,1.00000000000018);
#803=VECTOR('',#2776,0.999999999999959);
#804=VECTOR('',#2777,0.999999999999959);
#805=VECTOR('',#2778,1.00000000000018);
#806=VECTOR('',#2779,0.999999999999941);
#807=VECTOR('',#2782,1.);
#808=VECTOR('',#2783,1.);
#809=VECTOR('',#2784,0.999999999999822);
#810=VECTOR('',#2787,1.00000000000013);
#811=VECTOR('',#2788,1.00000000000049);
#812=VECTOR('',#2789,1.00000000000014);
#813=VECTOR('',#2790,1.00000000000024);
#814=VECTOR('',#2791,0.999999999999822);
#815=VECTOR('',#2792,1.);
#816=VECTOR('',#2793,1.);
#817=VECTOR('',#2794,1.);
#818=VECTOR('',#2795,1.00000000000024);
#819=VECTOR('',#2796,1.00000000000014);
#820=VECTOR('',#2797,1.00000000000049);
#821=VECTOR('',#2798,1.00000000000013);
#822=VECTOR('',#2799,1.00000000000011);
#823=VECTOR('',#2800,1.00000000000011);
#824=VECTOR('',#2801,1.00000000000018);
#825=VECTOR('',#2802,0.999999999999959);
#826=VECTOR('',#2803,0.999999999999959);
#827=VECTOR('',#2804,1.00000000000018);
#828=VECTOR('',#2805,0.999999999999941);
#829=VECTOR('',#2806,1.00000000000008);
#830=VECTOR('',#2807,0.999999999999901);
#831=VECTOR('',#2808,0.999999999999901);
#832=VECTOR('',#2809,1.00000000000008);
#833=VECTOR('',#2810,0.999999999999941);
#834=VECTOR('',#2811,1.00000000000018);
#835=VECTOR('',#2812,0.999999999999959);
#836=VECTOR('',#2813,0.999999999999959);
#837=VECTOR('',#2814,1.00000000000018);
#838=VECTOR('',#2815,0.999999999999941);
#839=VECTOR('',#2816,1.00000000000008);
#840=VECTOR('',#2817,0.999999999999901);
#841=VECTOR('',#2818,0.999999999999901);
#842=VECTOR('',#2819,1.00000000000008);
#843=VECTOR('',#2820,0.999999999999941);
#844=VECTOR('',#2823,1.);
#845=VECTOR('',#2826,1.);
#846=VECTOR('',#2829,1.);
#847=VECTOR('',#2832,1.);
#848=VECTOR('',#2835,1.);
#849=VECTOR('',#2838,1.);
#850=VECTOR('',#2841,1.);
#851=VECTOR('',#2844,1.);
#852=VECTOR('',#2847,1.);
#853=VECTOR('',#2850,1.);
#854=VECTOR('',#2853,1.);
#855=VECTOR('',#2856,1.);
#856=VECTOR('',#2859,1.00000000000023);
#857=VECTOR('',#2860,1.00000000000041);
#858=VECTOR('',#2861,0.999999999999552);
#859=VECTOR('',#2862,0.999999999999953);
#860=VECTOR('',#2863,0.999999999999989);
#861=VECTOR('',#2864,0.999999999999783);
#862=VECTOR('',#2865,1.00000000000067);
#863=VECTOR('',#2866,1.);
#864=VECTOR('',#2867,0.999999999999599);
#865=VECTOR('',#2868,1.00000000000001);
#866=VECTOR('',#2869,1.);
#867=VECTOR('',#2870,1.00000000000001);
#868=VECTOR('',#2871,0.999999999999599);
#869=VECTOR('',#2872,1.);
#870=VECTOR('',#2873,1.00000000000067);
#871=VECTOR('',#2874,0.999999999999783);
#872=VECTOR('',#2875,0.999999999999989);
#873=VECTOR('',#2876,1.00000000000048);
#874=VECTOR('',#2877,1.00000000000041);
#875=VECTOR('',#2878,0.999999999999552);
#876=VECTOR('',#2879,1.00000000000041);
#877=VECTOR('',#2880,1.00000000000023);
#878=VECTOR('',#2881,1.00000000000038);
#879=VECTOR('',#2882,0.999999999999891);
#880=VECTOR('',#2883,0.999999999999865);
#881=VECTOR('',#2884,0.99999999999987);
#882=VECTOR('',#2885,0.99999999999987);
#883=VECTOR('',#2886,0.999999999999865);
#884=VECTOR('',#2887,0.999999999999891);
#885=VECTOR('',#2888,1.00000000000038);
#886=VECTOR('',#2889,1.);
#887=VECTOR('',#2890,1.);
#888=VECTOR('',#2891,1.);
#889=VECTOR('',#2892,1.);
#890=VECTOR('',#2893,1.);
#891=VECTOR('',#2894,1.00000000000005);
#892=VECTOR('',#2895,1.00000000000022);
#893=VECTOR('',#2896,1.00000000000064);
#894=VECTOR('',#2897,1.00000000000022);
#895=VECTOR('',#2898,1.00000000000005);
#896=VECTOR('',#2899,1.00000000000005);
#897=VECTOR('',#2900,1.00000000000022);
#898=VECTOR('',#2901,1.00000000000064);
#899=VECTOR('',#2902,1.00000000000022);
#900=VECTOR('',#2903,1.00000000000005);
#901=VECTOR('',#2904,1.00000000000005);
#902=VECTOR('',#2905,1.00000000000022);
#903=VECTOR('',#2906,1.00000000000064);
#904=VECTOR('',#2907,1.00000000000022);
#905=VECTOR('',#2908,1.00000000000005);
#906=VECTOR('',#2909,1.00000000000005);
#907=VECTOR('',#2910,1.00000000000022);
#908=VECTOR('',#2911,1.00000000000064);
#909=VECTOR('',#2912,1.00000000000022);
#910=VECTOR('',#2913,1.00000000000005);
#911=VECTOR('',#2916,1.);
#912=VECTOR('',#2917,1.);
#913=VECTOR('',#2918,0.999999999999822);
#914=VECTOR('',#2919,1.00000000000024);
#915=VECTOR('',#2920,1.00000000000014);
#916=VECTOR('',#2921,1.00000000000049);
#917=VECTOR('',#2922,1.00000000000013);
#918=VECTOR('',#2923,1.00000000000011);
#919=VECTOR('',#2924,1.00000000000011);
#920=VECTOR('',#2925,1.00000000000013);
#921=VECTOR('',#2926,1.00000000000049);
#922=VECTOR('',#2927,1.00000000000014);
#923=VECTOR('',#2928,1.00000000000024);
#924=VECTOR('',#2929,0.999999999999822);
#925=VECTOR('',#2930,1.00000000000008);
#926=VECTOR('',#2931,0.999999999999901);
#927=VECTOR('',#2932,0.999999999999901);
#928=VECTOR('',#2933,1.00000000000008);
#929=VECTOR('',#2934,0.999999999999941);
#930=VECTOR('',#2935,1.00000000000018);
#931=VECTOR('',#2936,0.999999999999959);
#932=VECTOR('',#2937,0.999999999999959);
#933=VECTOR('',#2938,1.00000000000018);
#934=VECTOR('',#2939,0.999999999999941);
#935=VECTOR('',#2940,1.00000000000008);
#936=VECTOR('',#2941,0.999999999999901);
#937=VECTOR('',#2942,0.999999999999901);
#938=VECTOR('',#2943,1.00000000000008);
#939=VECTOR('',#2944,0.999999999999941);
#940=VECTOR('',#2945,1.00000000000018);
#941=VECTOR('',#2946,0.999999999999959);
#942=VECTOR('',#2947,0.999999999999959);
#943=VECTOR('',#2948,1.00000000000018);
#944=VECTOR('',#2949,0.999999999999941);
#945=VECTOR('',#2952,1.);
#946=VECTOR('',#2953,1.);
#947=VECTOR('',#2954,0.999999999999822);
#948=VECTOR('',#2957,1.);
#949=VECTOR('',#2958,1.);
#950=VECTOR('',#2959,0.999999999999822);
#951=VECTOR('',#2960,1.00000000000024);
#952=VECTOR('',#2961,1.00000000000014);
#953=VECTOR('',#2962,1.00000000000049);
#954=VECTOR('',#2963,1.00000000000013);
#955=VECTOR('',#2964,1.00000000000011);
#956=VECTOR('',#2965,1.00000000000011);
#957=VECTOR('',#2966,1.00000000000013);
#958=VECTOR('',#2967,1.00000000000049);
#959=VECTOR('',#2968,1.00000000000014);
#960=VECTOR('',#2969,1.00000000000024);
#961=VECTOR('',#2970,0.999999999999959);
#962=VECTOR('',#2971,1.00000000000018);
#963=VECTOR('',#2972,0.999999999999941);
#964=VECTOR('',#2973,1.00000000000008);
#965=VECTOR('',#2974,0.999999999999901);
#966=VECTOR('',#2975,0.999999999999901);
#967=VECTOR('',#2976,1.00000000000008);
#968=VECTOR('',#2977,0.999999999999941);
#969=VECTOR('',#2978,1.00000000000018);
#970=VECTOR('',#2979,0.999999999999959);
#971=VECTOR('',#2980,0.999999999999959);
#972=VECTOR('',#2981,1.00000000000018);
#973=VECTOR('',#2982,0.999999999999941);
#974=VECTOR('',#2983,1.00000000000008);
#975=VECTOR('',#2984,0.999999999999901);
#976=VECTOR('',#2985,0.999999999999901);
#977=VECTOR('',#2986,1.00000000000008);
#978=VECTOR('',#2987,0.999999999999941);
#979=VECTOR('',#2988,1.00000000000018);
#980=VECTOR('',#2989,0.999999999999959);
#981=VECTOR('',#2992,1.);
#982=VECTOR('',#2995,1.);
#983=VECTOR('',#2998,1.);
#984=VECTOR('',#3001,1.);
#985=VECTOR('',#3004,1.);
#986=VECTOR('',#3007,1.);
#987=VECTOR('',#3010,1.);
#988=VECTOR('',#3013,1.);
#989=VECTOR('',#3016,1.);
#990=VECTOR('',#3019,1.);
#991=VECTOR('',#3022,1.);
#992=VECTOR('',#3027,1.);
#993=VECTOR('',#3028,1.);
#994=VECTOR('',#3029,0.999999999999865);
#995=VECTOR('',#3032,1.);
#996=VECTOR('',#3033,0.999999999999891);
#997=VECTOR('',#3036,1.);
#998=VECTOR('',#3037,1.00000000000038);
#999=VECTOR('',#3040,1.);
#1000=VECTOR('',#3041,1.00000000000023);
#1001=VECTOR('',#3044,1.);
#1002=VECTOR('',#3045,1.00000000000041);
#1003=VECTOR('',#3048,1.);
#1004=VECTOR('',#3049,0.999999999999552);
#1005=VECTOR('',#3052,1.);
#1006=VECTOR('',#3053,1.);
#1007=VECTOR('',#3054,0.999999999999783);
#1008=VECTOR('',#3057,1.);
#1009=VECTOR('',#3058,1.00000000000067);
#1010=VECTOR('',#3061,1.);
#1011=VECTOR('',#3062,1.);
#1012=VECTOR('',#3065,1.);
#1013=VECTOR('',#3066,0.999999999999599);
#1014=VECTOR('',#3069,1.);
#1015=VECTOR('',#3070,1.00000000000001);
#1016=VECTOR('',#3073,1.);
#1017=VECTOR('',#3074,1.);
#1018=VECTOR('',#3077,1.);
#1019=VECTOR('',#3078,1.00000000000001);
#1020=VECTOR('',#3081,1.);
#1021=VECTOR('',#3082,0.999999999999599);
#1022=VECTOR('',#3085,1.);
#1023=VECTOR('',#3086,1.);
#1024=VECTOR('',#3089,1.);
#1025=VECTOR('',#3090,1.00000000000067);
#1026=VECTOR('',#3093,1.);
#1027=VECTOR('',#3094,0.999999999999783);
#1028=VECTOR('',#3097,1.);
#1029=VECTOR('',#3098,0.999999999999989);
#1030=VECTOR('',#3101,1.);
#1031=VECTOR('',#3102,0.999999999999953);
#1032=VECTOR('',#3105,1.);
#1033=VECTOR('',#3106,0.999999999999552);
#1034=VECTOR('',#3109,1.);
#1035=VECTOR('',#3110,1.00000000000041);
#1036=VECTOR('',#3113,1.);
#1037=VECTOR('',#3114,1.00000000000023);
#1038=VECTOR('',#3117,1.);
#1039=VECTOR('',#3118,1.00000000000038);
#1040=VECTOR('',#3121,1.);
#1041=VECTOR('',#3122,0.999999999999891);
#1042=VECTOR('',#3125,1.);
#1043=VECTOR('',#3126,0.999999999999865);
#1044=VECTOR('',#3129,1.);
#1045=VECTOR('',#3130,0.99999999999987);
#1046=VECTOR('',#3133,0.99999999999987);
#1047=VECTOR('',#3136,1.);
#1048=VECTOR('',#3137,1.00000000000041);
#1049=VECTOR('',#3140,1.00000000000048);
#1050=VECTOR('',#3141,0.999999999999989);
#1051=VECTOR('',#3144,1.00000000000005);
#1052=VECTOR('',#3145,1.00000000000022);
#1053=VECTOR('',#3146,1.00000000000064);
#1054=VECTOR('',#3147,1.00000000000022);
#1055=VECTOR('',#3148,1.00000000000005);
#1056=VECTOR('',#3149,1.00000000000005);
#1057=VECTOR('',#3150,1.00000000000022);
#1058=VECTOR('',#3151,1.00000000000064);
#1059=VECTOR('',#3152,1.00000000000022);
#1060=VECTOR('',#3153,1.00000000000005);
#1061=VECTOR('',#3154,1.00000000000005);
#1062=VECTOR('',#3155,1.00000000000022);
#1063=VECTOR('',#3156,1.00000000000064);
#1064=VECTOR('',#3157,1.00000000000022);
#1065=VECTOR('',#3158,1.00000000000005);
#1066=VECTOR('',#3159,1.00000000000005);
#1067=VECTOR('',#3160,1.00000000000022);
#1068=VECTOR('',#3161,1.00000000000064);
#1069=VECTOR('',#3162,1.00000000000022);
#1070=VECTOR('',#3163,1.00000000000005);
#1071=VECTOR('',#3166,1.);
#1072=VECTOR('',#3167,1.);
#1073=VECTOR('',#3170,1.);
#1074=VECTOR('',#3173,1.);
#1075=VECTOR('',#3176,1.);
#1076=VECTOR('',#3179,1.);
#1077=VECTOR('',#3182,1.);
#1078=VECTOR('',#3185,1.);
#1079=VECTOR('',#3188,1.);
#1080=VECTOR('',#3191,1.);
#1081=VECTOR('',#3194,1.);
#1082=VECTOR('',#3197,1.);
#1083=VECTOR('',#3200,1.);
#1084=VECTOR('',#3203,1.);
#1085=VECTOR('',#3206,1.);
#1086=VECTOR('',#3209,1.);
#1087=VECTOR('',#3212,1.);
#1088=VECTOR('',#3215,1.);
#1089=VECTOR('',#3218,1.);
#1090=VECTOR('',#3221,1.);
#1091=VECTOR('',#3226,1.);
#1092=VECTOR('',#3235,1.);
#1093=VECTOR('',#3236,1.);
#1094=VECTOR('',#3239,1.);
#1095=VECTOR('',#3240,1.);
#1096=VECTOR('',#3243,1.);
#1097=VECTOR('',#3246,1.);
#1098=VECTOR('',#3249,1.);
#1099=VECTOR('',#3252,1.);
#1100=VECTOR('',#3255,1.);
#1101=VECTOR('',#3258,1.);
#1102=VECTOR('',#3261,1.);
#1103=VECTOR('',#3264,1.);
#1104=VECTOR('',#3267,1.);
#1105=VECTOR('',#3270,1.);
#1106=VECTOR('',#3273,1.);
#1107=VECTOR('',#3276,1.);
#1108=VECTOR('',#3279,1.);
#1109=VECTOR('',#3282,1.);
#1110=VECTOR('',#3285,1.);
#1111=VECTOR('',#3288,1.);
#1112=VECTOR('',#3291,1.);
#1113=VECTOR('',#3294,1.);
#1114=VECTOR('',#3297,1.);
#1115=VECTOR('',#3300,1.);
#1116=VECTOR('',#3303,1.);
#1117=VECTOR('',#3306,1.);
#1118=VECTOR('',#3309,1.);
#1119=VECTOR('',#3312,1.);
#1120=VECTOR('',#3315,1.);
#1121=VECTOR('',#3318,1.);
#1122=VECTOR('',#3321,1.);
#1123=VECTOR('',#3324,1.);
#1124=VECTOR('',#3327,1.);
#1125=VECTOR('',#3330,1.);
#1126=VECTOR('',#3333,1.);
#1127=VECTOR('',#3336,1.);
#1128=VECTOR('',#3339,1.);
#1129=VECTOR('',#3342,1.);
#1130=VECTOR('',#3345,1.);
#1131=VECTOR('',#3348,1.);
#1132=CIRCLE('',#2607,10.5);
#1133=CIRCLE('',#2608,10.5);
#1134=VERTEX_POINT('',#3355);
#1135=VERTEX_POINT('',#3357);
#1136=VERTEX_POINT('',#3361);
#1137=VERTEX_POINT('',#3362);
#1138=VERTEX_POINT('',#3364);
#1139=VERTEX_POINT('',#3366);
#1140=VERTEX_POINT('',#3368);
#1141=VERTEX_POINT('',#3370);
#1142=VERTEX_POINT('',#3372);
#1143=VERTEX_POINT('',#3374);
#1144=VERTEX_POINT('',#3376);
#1145=VERTEX_POINT('',#3378);
#1146=VERTEX_POINT('',#3380);
#1147=VERTEX_POINT('',#3382);
#1148=VERTEX_POINT('',#3384);
#1149=VERTEX_POINT('',#3386);
#1150=VERTEX_POINT('',#3388);
#1151=VERTEX_POINT('',#3391);
#1152=VERTEX_POINT('',#3392);
#1153=VERTEX_POINT('',#3394);
#1154=VERTEX_POINT('',#3396);
#1155=VERTEX_POINT('',#3398);
#1156=VERTEX_POINT('',#3400);
#1157=VERTEX_POINT('',#3402);
#1158=VERTEX_POINT('',#3404);
#1159=VERTEX_POINT('',#3406);
#1160=VERTEX_POINT('',#3408);
#1161=VERTEX_POINT('',#3410);
#1162=VERTEX_POINT('',#3412);
#1163=VERTEX_POINT('',#3414);
#1164=VERTEX_POINT('',#3416);
#1165=VERTEX_POINT('',#3418);
#1166=VERTEX_POINT('',#3420);
#1167=VERTEX_POINT('',#3422);
#1168=VERTEX_POINT('',#3424);
#1169=VERTEX_POINT('',#3426);
#1170=VERTEX_POINT('',#3428);
#1171=VERTEX_POINT('',#3432);
#1172=VERTEX_POINT('',#3434);
#1173=VERTEX_POINT('',#3438);
#1174=VERTEX_POINT('',#3439);
#1175=VERTEX_POINT('',#3441);
#1176=VERTEX_POINT('',#3443);
#1177=VERTEX_POINT('',#3445);
#1178=VERTEX_POINT('',#3447);
#1179=VERTEX_POINT('',#3449);
#1180=VERTEX_POINT('',#3451);
#1181=VERTEX_POINT('',#3454);
#1182=VERTEX_POINT('',#3456);
#1183=VERTEX_POINT('',#3458);
#1184=VERTEX_POINT('',#3460);
#1185=VERTEX_POINT('',#3462);
#1186=VERTEX_POINT('',#3465);
#1187=VERTEX_POINT('',#3466);
#1188=VERTEX_POINT('',#3468);
#1189=VERTEX_POINT('',#3470);
#1190=VERTEX_POINT('',#3472);
#1191=VERTEX_POINT('',#3474);
#1192=VERTEX_POINT('',#3476);
#1193=VERTEX_POINT('',#3478);
#1194=VERTEX_POINT('',#3480);
#1195=VERTEX_POINT('',#3482);
#1196=VERTEX_POINT('',#3484);
#1197=VERTEX_POINT('',#3486);
#1198=VERTEX_POINT('',#3488);
#1199=VERTEX_POINT('',#3490);
#1200=VERTEX_POINT('',#3492);
#1201=VERTEX_POINT('',#3494);
#1202=VERTEX_POINT('',#3496);
#1203=VERTEX_POINT('',#3498);
#1204=VERTEX_POINT('',#3500);
#1205=VERTEX_POINT('',#3502);
#1206=VERTEX_POINT('',#3530);
#1207=VERTEX_POINT('',#3531);
#1208=VERTEX_POINT('',#3533);
#1209=VERTEX_POINT('',#3535);
#1210=VERTEX_POINT('',#3537);
#1211=VERTEX_POINT('',#3539);
#1212=VERTEX_POINT('',#3541);
#1213=VERTEX_POINT('',#3543);
#1214=VERTEX_POINT('',#3545);
#1215=VERTEX_POINT('',#3547);
#1216=VERTEX_POINT('',#3549);
#1217=VERTEX_POINT('',#3551);
#1218=VERTEX_POINT('',#3553);
#1219=VERTEX_POINT('',#3555);
#1220=VERTEX_POINT('',#3557);
#1221=VERTEX_POINT('',#3559);
#1222=VERTEX_POINT('',#3561);
#1223=VERTEX_POINT('',#3563);
#1224=VERTEX_POINT('',#3565);
#1225=VERTEX_POINT('',#3567);
#1226=VERTEX_POINT('',#3569);
#1227=VERTEX_POINT('',#3571);
#1228=VERTEX_POINT('',#3573);
#1229=VERTEX_POINT('',#3575);
#1230=VERTEX_POINT('',#3577);
#1231=VERTEX_POINT('',#3579);
#1232=VERTEX_POINT('',#3581);
#1233=VERTEX_POINT('',#3583);
#1234=VERTEX_POINT('',#3585);
#1235=VERTEX_POINT('',#3587);
#1236=VERTEX_POINT('',#3591);
#1237=VERTEX_POINT('',#3592);
#1238=VERTEX_POINT('',#3594);
#1239=VERTEX_POINT('',#3596);
#1240=VERTEX_POINT('',#3599);
#1241=VERTEX_POINT('',#3600);
#1242=VERTEX_POINT('',#3602);
#1243=VERTEX_POINT('',#3604);
#1244=VERTEX_POINT('',#3606);
#1245=VERTEX_POINT('',#3608);
#1246=VERTEX_POINT('',#3610);
#1247=VERTEX_POINT('',#3612);
#1248=VERTEX_POINT('',#3614);
#1249=VERTEX_POINT('',#3616);
#1250=VERTEX_POINT('',#3618);
#1251=VERTEX_POINT('',#3620);
#1252=VERTEX_POINT('',#3622);
#1253=VERTEX_POINT('',#3624);
#1254=VERTEX_POINT('',#3626);
#1255=VERTEX_POINT('',#3628);
#1256=VERTEX_POINT('',#3630);
#1257=VERTEX_POINT('',#3632);
#1258=VERTEX_POINT('',#3634);
#1259=VERTEX_POINT('',#3636);
#1260=VERTEX_POINT('',#3640);
#1261=VERTEX_POINT('',#3642);
#1262=VERTEX_POINT('',#3644);
#1263=VERTEX_POINT('',#3646);
#1264=VERTEX_POINT('',#3648);
#1265=VERTEX_POINT('',#3650);
#1266=VERTEX_POINT('',#3652);
#1267=VERTEX_POINT('',#3654);
#1268=VERTEX_POINT('',#3656);
#1269=VERTEX_POINT('',#3658);
#1270=VERTEX_POINT('',#3660);
#1271=VERTEX_POINT('',#3662);
#1272=VERTEX_POINT('',#3664);
#1273=VERTEX_POINT('',#3667);
#1274=VERTEX_POINT('',#3668);
#1275=VERTEX_POINT('',#3670);
#1276=VERTEX_POINT('',#3672);
#1277=VERTEX_POINT('',#3674);
#1278=VERTEX_POINT('',#3676);
#1279=VERTEX_POINT('',#3678);
#1280=VERTEX_POINT('',#3680);
#1281=VERTEX_POINT('',#3682);
#1282=VERTEX_POINT('',#3684);
#1283=VERTEX_POINT('',#3686);
#1284=VERTEX_POINT('',#3688);
#1285=VERTEX_POINT('',#3690);
#1286=VERTEX_POINT('',#3692);
#1287=VERTEX_POINT('',#3694);
#1288=VERTEX_POINT('',#3696);
#1289=VERTEX_POINT('',#3698);
#1290=VERTEX_POINT('',#3700);
#1291=VERTEX_POINT('',#3702);
#1292=VERTEX_POINT('',#3704);
#1293=VERTEX_POINT('',#3708);
#1294=VERTEX_POINT('',#3710);
#1295=VERTEX_POINT('',#3715);
#1296=VERTEX_POINT('',#3717);
#1297=VERTEX_POINT('',#3719);
#1298=VERTEX_POINT('',#3721);
#1299=VERTEX_POINT('',#3723);
#1300=VERTEX_POINT('',#3725);
#1301=VERTEX_POINT('',#3727);
#1302=VERTEX_POINT('',#3729);
#1303=VERTEX_POINT('',#3731);
#1304=VERTEX_POINT('',#3733);
#1305=VERTEX_POINT('',#3735);
#1306=VERTEX_POINT('',#3738);
#1307=VERTEX_POINT('',#3739);
#1308=VERTEX_POINT('',#3741);
#1309=VERTEX_POINT('',#3743);
#1310=VERTEX_POINT('',#3745);
#1311=VERTEX_POINT('',#3747);
#1312=VERTEX_POINT('',#3749);
#1313=VERTEX_POINT('',#3751);
#1314=VERTEX_POINT('',#3753);
#1315=VERTEX_POINT('',#3755);
#1316=VERTEX_POINT('',#3757);
#1317=VERTEX_POINT('',#3759);
#1318=VERTEX_POINT('',#3761);
#1319=VERTEX_POINT('',#3763);
#1320=VERTEX_POINT('',#3765);
#1321=VERTEX_POINT('',#3767);
#1322=VERTEX_POINT('',#3769);
#1323=VERTEX_POINT('',#3771);
#1324=VERTEX_POINT('',#3773);
#1325=VERTEX_POINT('',#3775);
#1326=VERTEX_POINT('',#3802);
#1327=VERTEX_POINT('',#3804);
#1328=VERTEX_POINT('',#3808);
#1329=VERTEX_POINT('',#3812);
#1330=VERTEX_POINT('',#3816);
#1331=VERTEX_POINT('',#3820);
#1332=VERTEX_POINT('',#3824);
#1333=VERTEX_POINT('',#3828);
#1334=VERTEX_POINT('',#3830);
#1335=VERTEX_POINT('',#3834);
#1336=VERTEX_POINT('',#3838);
#1337=VERTEX_POINT('',#3842);
#1338=VERTEX_POINT('',#3846);
#1339=VERTEX_POINT('',#3850);
#1340=VERTEX_POINT('',#3854);
#1341=VERTEX_POINT('',#3858);
#1342=VERTEX_POINT('',#3862);
#1343=VERTEX_POINT('',#3866);
#1344=VERTEX_POINT('',#3870);
#1345=VERTEX_POINT('',#3874);
#1346=VERTEX_POINT('',#3878);
#1347=VERTEX_POINT('',#3882);
#1348=VERTEX_POINT('',#3886);
#1349=VERTEX_POINT('',#3890);
#1350=VERTEX_POINT('',#3894);
#1351=VERTEX_POINT('',#3898);
#1352=VERTEX_POINT('',#3902);
#1353=VERTEX_POINT('',#3906);
#1354=VERTEX_POINT('',#3912);
#1355=VERTEX_POINT('',#3916);
#1356=VERTEX_POINT('',#3920);
#1357=VERTEX_POINT('',#3921);
#1358=VERTEX_POINT('',#3923);
#1359=VERTEX_POINT('',#3925);
#1360=VERTEX_POINT('',#3927);
#1361=VERTEX_POINT('',#3929);
#1362=VERTEX_POINT('',#3931);
#1363=VERTEX_POINT('',#3933);
#1364=VERTEX_POINT('',#3935);
#1365=VERTEX_POINT('',#3937);
#1366=VERTEX_POINT('',#3939);
#1367=VERTEX_POINT('',#3941);
#1368=VERTEX_POINT('',#3943);
#1369=VERTEX_POINT('',#3945);
#1370=VERTEX_POINT('',#3947);
#1371=VERTEX_POINT('',#3949);
#1372=VERTEX_POINT('',#3951);
#1373=VERTEX_POINT('',#3953);
#1374=VERTEX_POINT('',#3955);
#1375=VERTEX_POINT('',#3957);
#1376=EDGE_CURVE('',#1134,#1134,#1132,.T.);
#1377=EDGE_CURVE('',#1134,#1135,#410,.T.);
#1378=EDGE_CURVE('',#1135,#1135,#1133,.T.);
#1379=EDGE_CURVE('',#1136,#1137,#411,.T.);
#1380=EDGE_CURVE('',#1138,#1136,#412,.T.);
#1381=EDGE_CURVE('',#1139,#1138,#413,.T.);
#1382=EDGE_CURVE('',#1140,#1139,#414,.T.);
#1383=EDGE_CURVE('',#1141,#1140,#415,.T.);
#1384=EDGE_CURVE('',#1142,#1141,#416,.T.);
#1385=EDGE_CURVE('',#1143,#1142,#417,.T.);
#1386=EDGE_CURVE('',#1144,#1143,#418,.T.);
#1387=EDGE_CURVE('',#1145,#1144,#419,.T.);
#1388=EDGE_CURVE('',#1146,#1145,#420,.T.);
#1389=EDGE_CURVE('',#1147,#1146,#421,.T.);
#1390=EDGE_CURVE('',#1148,#1147,#422,.T.);
#1391=EDGE_CURVE('',#1149,#1148,#423,.T.);
#1392=EDGE_CURVE('',#1150,#1149,#424,.T.);
#1393=EDGE_CURVE('',#1137,#1150,#425,.T.);
#1394=EDGE_CURVE('',#1151,#1152,#426,.T.);
#1395=EDGE_CURVE('',#1152,#1153,#427,.T.);
#1396=EDGE_CURVE('',#1153,#1154,#428,.T.);
#1397=EDGE_CURVE('',#1154,#1155,#429,.T.);
#1398=EDGE_CURVE('',#1155,#1156,#430,.T.);
#1399=EDGE_CURVE('',#1156,#1157,#431,.T.);
#1400=EDGE_CURVE('',#1157,#1158,#432,.T.);
#1401=EDGE_CURVE('',#1158,#1159,#433,.T.);
#1402=EDGE_CURVE('',#1159,#1160,#434,.T.);
#1403=EDGE_CURVE('',#1160,#1161,#435,.T.);
#1404=EDGE_CURVE('',#1161,#1162,#436,.T.);
#1405=EDGE_CURVE('',#1162,#1163,#437,.T.);
#1406=EDGE_CURVE('',#1163,#1164,#438,.T.);
#1407=EDGE_CURVE('',#1164,#1165,#439,.T.);
#1408=EDGE_CURVE('',#1165,#1166,#440,.T.);
#1409=EDGE_CURVE('',#1166,#1167,#441,.T.);
#1410=EDGE_CURVE('',#1167,#1168,#442,.T.);
#1411=EDGE_CURVE('',#1168,#1169,#443,.T.);
#1412=EDGE_CURVE('',#1169,#1170,#444,.T.);
#1413=EDGE_CURVE('',#1170,#1151,#445,.T.);
#1414=EDGE_CURVE('',#1171,#1137,#446,.T.);
#1415=EDGE_CURVE('',#1172,#1150,#447,.T.);
#1416=EDGE_CURVE('',#1172,#1171,#448,.T.);
#1417=EDGE_CURVE('',#1173,#1174,#449,.T.);
#1418=EDGE_CURVE('',#1175,#1173,#450,.T.);
#1419=EDGE_CURVE('',#1176,#1175,#451,.T.);
#1420=EDGE_CURVE('',#1177,#1176,#452,.T.);
#1421=EDGE_CURVE('',#1178,#1177,#453,.T.);
#1422=EDGE_CURVE('',#1179,#1178,#454,.T.);
#1423=EDGE_CURVE('',#1180,#1179,#455,.T.);
#1424=EDGE_CURVE('',#1171,#1180,#456,.T.);
#1425=EDGE_CURVE('',#1181,#1172,#457,.T.);
#1426=EDGE_CURVE('',#1182,#1181,#458,.T.);
#1427=EDGE_CURVE('',#1183,#1182,#459,.T.);
#1428=EDGE_CURVE('',#1184,#1183,#460,.T.);
#1429=EDGE_CURVE('',#1185,#1184,#461,.T.);
#1430=EDGE_CURVE('',#1174,#1185,#462,.T.);
#1431=EDGE_CURVE('',#1186,#1187,#463,.T.);
#1432=EDGE_CURVE('',#1187,#1188,#464,.T.);
#1433=EDGE_CURVE('',#1188,#1189,#465,.T.);
#1434=EDGE_CURVE('',#1189,#1190,#466,.T.);
#1435=EDGE_CURVE('',#1190,#1191,#467,.T.);
#1436=EDGE_CURVE('',#1191,#1192,#468,.T.);
#1437=EDGE_CURVE('',#1192,#1193,#469,.T.);
#1438=EDGE_CURVE('',#1193,#1194,#470,.T.);
#1439=EDGE_CURVE('',#1194,#1195,#471,.T.);
#1440=EDGE_CURVE('',#1195,#1196,#472,.T.);
#1441=EDGE_CURVE('',#1196,#1197,#473,.T.);
#1442=EDGE_CURVE('',#1197,#1198,#474,.T.);
#1443=EDGE_CURVE('',#1198,#1199,#475,.T.);
#1444=EDGE_CURVE('',#1199,#1200,#476,.T.);
#1445=EDGE_CURVE('',#1200,#1201,#477,.T.);
#1446=EDGE_CURVE('',#1201,#1202,#478,.T.);
#1447=EDGE_CURVE('',#1202,#1203,#479,.T.);
#1448=EDGE_CURVE('',#1203,#1204,#480,.T.);
#1449=EDGE_CURVE('',#1204,#1205,#481,.T.);
#1450=EDGE_CURVE('',#1205,#1186,#482,.T.);
#1451=EDGE_CURVE('',#1181,#1149,#483,.T.);
#1452=EDGE_CURVE('',#1182,#1148,#484,.T.);
#1453=EDGE_CURVE('',#1183,#1147,#485,.T.);
#1454=EDGE_CURVE('',#1184,#1146,#486,.T.);
#1455=EDGE_CURVE('',#1185,#1145,#487,.T.);
#1456=EDGE_CURVE('',#1174,#1144,#488,.T.);
#1457=EDGE_CURVE('',#1173,#1143,#489,.T.);
#1458=EDGE_CURVE('',#1175,#1142,#490,.T.);
#1459=EDGE_CURVE('',#1176,#1141,#491,.T.);
#1460=EDGE_CURVE('',#1177,#1140,#492,.T.);
#1461=EDGE_CURVE('',#1178,#1139,#493,.T.);
#1462=EDGE_CURVE('',#1179,#1138,#494,.T.);
#1463=EDGE_CURVE('',#1206,#1207,#495,.T.);
#1464=EDGE_CURVE('',#1208,#1206,#496,.T.);
#1465=EDGE_CURVE('',#1209,#1208,#497,.T.);
#1466=EDGE_CURVE('',#1210,#1209,#498,.T.);
#1467=EDGE_CURVE('',#1211,#1210,#499,.T.);
#1468=EDGE_CURVE('',#1212,#1211,#500,.T.);
#1469=EDGE_CURVE('',#1213,#1212,#501,.T.);
#1470=EDGE_CURVE('',#1214,#1213,#502,.T.);
#1471=EDGE_CURVE('',#1215,#1214,#503,.T.);
#1472=EDGE_CURVE('',#1216,#1215,#504,.T.);
#1473=EDGE_CURVE('',#1217,#1216,#505,.T.);
#1474=EDGE_CURVE('',#1218,#1217,#506,.T.);
#1475=EDGE_CURVE('',#1219,#1218,#507,.T.);
#1476=EDGE_CURVE('',#1220,#1219,#508,.T.);
#1477=EDGE_CURVE('',#1221,#1220,#509,.T.);
#1478=EDGE_CURVE('',#1222,#1221,#510,.T.);
#1479=EDGE_CURVE('',#1223,#1222,#511,.T.);
#1480=EDGE_CURVE('',#1224,#1223,#512,.T.);
#1481=EDGE_CURVE('',#1225,#1224,#513,.T.);
#1482=EDGE_CURVE('',#1226,#1225,#514,.T.);
#1483=EDGE_CURVE('',#1227,#1226,#515,.T.);
#1484=EDGE_CURVE('',#1228,#1227,#516,.T.);
#1485=EDGE_CURVE('',#1229,#1228,#517,.T.);
#1486=EDGE_CURVE('',#1230,#1229,#518,.T.);
#1487=EDGE_CURVE('',#1231,#1230,#519,.T.);
#1488=EDGE_CURVE('',#1232,#1231,#520,.T.);
#1489=EDGE_CURVE('',#1233,#1232,#521,.T.);
#1490=EDGE_CURVE('',#1234,#1233,#522,.T.);
#1491=EDGE_CURVE('',#1235,#1234,#523,.T.);
#1492=EDGE_CURVE('',#1207,#1235,#524,.T.);
#1493=EDGE_CURVE('',#1136,#1180,#525,.T.);
#1494=EDGE_CURVE('',#1236,#1237,#526,.T.);
#1495=EDGE_CURVE('',#1237,#1238,#527,.T.);
#1496=EDGE_CURVE('',#1238,#1239,#528,.T.);
#1497=EDGE_CURVE('',#1239,#1236,#529,.T.);
#1498=EDGE_CURVE('',#1240,#1241,#530,.T.);
#1499=EDGE_CURVE('',#1242,#1240,#531,.T.);
#1500=EDGE_CURVE('',#1243,#1242,#532,.T.);
#1501=EDGE_CURVE('',#1244,#1243,#533,.T.);
#1502=EDGE_CURVE('',#1245,#1244,#534,.T.);
#1503=EDGE_CURVE('',#1246,#1245,#535,.T.);
#1504=EDGE_CURVE('',#1247,#1246,#536,.T.);
#1505=EDGE_CURVE('',#1248,#1247,#537,.T.);
#1506=EDGE_CURVE('',#1249,#1248,#538,.T.);
#1507=EDGE_CURVE('',#1250,#1249,#539,.T.);
#1508=EDGE_CURVE('',#1251,#1250,#540,.T.);
#1509=EDGE_CURVE('',#1252,#1251,#541,.T.);
#1510=EDGE_CURVE('',#1253,#1252,#542,.T.);
#1511=EDGE_CURVE('',#1254,#1253,#543,.T.);
#1512=EDGE_CURVE('',#1255,#1254,#544,.T.);
#1513=EDGE_CURVE('',#1256,#1255,#545,.T.);
#1514=EDGE_CURVE('',#1257,#1256,#546,.T.);
#1515=EDGE_CURVE('',#1258,#1257,#547,.T.);
#1516=EDGE_CURVE('',#1259,#1258,#548,.T.);
#1517=EDGE_CURVE('',#1241,#1259,#549,.T.);
#1518=EDGE_CURVE('',#1239,#1260,#550,.T.);
#1519=EDGE_CURVE('',#1261,#1238,#551,.T.);
#1520=EDGE_CURVE('',#1262,#1261,#552,.T.);
#1521=EDGE_CURVE('',#1263,#1262,#553,.T.);
#1522=EDGE_CURVE('',#1264,#1263,#554,.T.);
#1523=EDGE_CURVE('',#1265,#1264,#555,.T.);
#1524=EDGE_CURVE('',#1266,#1265,#556,.T.);
#1525=EDGE_CURVE('',#1267,#1266,#557,.T.);
#1526=EDGE_CURVE('',#1268,#1267,#558,.T.);
#1527=EDGE_CURVE('',#1269,#1268,#559,.T.);
#1528=EDGE_CURVE('',#1270,#1269,#560,.T.);
#1529=EDGE_CURVE('',#1271,#1270,#561,.T.);
#1530=EDGE_CURVE('',#1272,#1271,#562,.T.);
#1531=EDGE_CURVE('',#1260,#1272,#563,.T.);
#1532=EDGE_CURVE('',#1273,#1274,#564,.T.);
#1533=EDGE_CURVE('',#1274,#1275,#565,.T.);
#1534=EDGE_CURVE('',#1275,#1276,#566,.T.);
#1535=EDGE_CURVE('',#1276,#1277,#567,.T.);
#1536=EDGE_CURVE('',#1277,#1278,#568,.T.);
#1537=EDGE_CURVE('',#1278,#1279,#569,.T.);
#1538=EDGE_CURVE('',#1279,#1280,#570,.T.);
#1539=EDGE_CURVE('',#1280,#1281,#571,.T.);
#1540=EDGE_CURVE('',#1281,#1282,#572,.T.);
#1541=EDGE_CURVE('',#1282,#1283,#573,.T.);
#1542=EDGE_CURVE('',#1283,#1284,#574,.T.);
#1543=EDGE_CURVE('',#1284,#1285,#575,.T.);
#1544=EDGE_CURVE('',#1285,#1286,#576,.T.);
#1545=EDGE_CURVE('',#1286,#1287,#577,.T.);
#1546=EDGE_CURVE('',#1287,#1288,#578,.T.);
#1547=EDGE_CURVE('',#1288,#1289,#579,.T.);
#1548=EDGE_CURVE('',#1289,#1290,#580,.T.);
#1549=EDGE_CURVE('',#1290,#1291,#581,.T.);
#1550=EDGE_CURVE('',#1291,#1292,#582,.T.);
#1551=EDGE_CURVE('',#1292,#1273,#583,.T.);
#1552=EDGE_CURVE('',#1293,#1262,#584,.T.);
#1553=EDGE_CURVE('',#1261,#1294,#585,.T.);
#1554=EDGE_CURVE('',#1294,#1293,#586,.T.);
#1555=EDGE_CURVE('',#1237,#1294,#587,.T.);
#1556=EDGE_CURVE('',#1295,#1236,#588,.T.);
#1557=EDGE_CURVE('',#1296,#1295,#589,.T.);
#1558=EDGE_CURVE('',#1297,#1296,#590,.T.);
#1559=EDGE_CURVE('',#1298,#1297,#591,.T.);
#1560=EDGE_CURVE('',#1299,#1298,#592,.T.);
#1561=EDGE_CURVE('',#1300,#1299,#593,.T.);
#1562=EDGE_CURVE('',#1301,#1300,#594,.T.);
#1563=EDGE_CURVE('',#1302,#1301,#595,.T.);
#1564=EDGE_CURVE('',#1303,#1302,#596,.T.);
#1565=EDGE_CURVE('',#1304,#1303,#597,.T.);
#1566=EDGE_CURVE('',#1305,#1304,#598,.T.);
#1567=EDGE_CURVE('',#1293,#1305,#599,.T.);
#1568=EDGE_CURVE('',#1306,#1307,#600,.T.);
#1569=EDGE_CURVE('',#1307,#1308,#601,.T.);
#1570=EDGE_CURVE('',#1308,#1309,#602,.T.);
#1571=EDGE_CURVE('',#1309,#1310,#603,.T.);
#1572=EDGE_CURVE('',#1310,#1311,#604,.T.);
#1573=EDGE_CURVE('',#1311,#1312,#605,.T.);
#1574=EDGE_CURVE('',#1312,#1313,#606,.T.);
#1575=EDGE_CURVE('',#1313,#1314,#607,.T.);
#1576=EDGE_CURVE('',#1314,#1315,#608,.T.);
#1577=EDGE_CURVE('',#1315,#1316,#609,.T.);
#1578=EDGE_CURVE('',#1316,#1317,#610,.T.);
#1579=EDGE_CURVE('',#1317,#1318,#611,.T.);
#1580=EDGE_CURVE('',#1318,#1319,#612,.T.);
#1581=EDGE_CURVE('',#1319,#1320,#613,.T.);
#1582=EDGE_CURVE('',#1320,#1321,#614,.T.);
#1583=EDGE_CURVE('',#1321,#1322,#615,.T.);
#1584=EDGE_CURVE('',#1322,#1323,#616,.T.);
#1585=EDGE_CURVE('',#1323,#1324,#617,.T.);
#1586=EDGE_CURVE('',#1324,#1325,#618,.T.);
#1587=EDGE_CURVE('',#1325,#1306,#619,.T.);
#1588=EDGE_CURVE('',#1305,#1263,#620,.T.);
#1589=EDGE_CURVE('',#1304,#1264,#621,.T.);
#1590=EDGE_CURVE('',#1303,#1265,#622,.T.);
#1591=EDGE_CURVE('',#1302,#1266,#623,.T.);
#1592=EDGE_CURVE('',#1301,#1267,#624,.T.);
#1593=EDGE_CURVE('',#1300,#1268,#625,.T.);
#1594=EDGE_CURVE('',#1299,#1269,#626,.T.);
#1595=EDGE_CURVE('',#1298,#1270,#627,.T.);
#1596=EDGE_CURVE('',#1297,#1271,#628,.T.);
#1597=EDGE_CURVE('',#1296,#1272,#629,.T.);
#1598=EDGE_CURVE('',#1260,#1295,#630,.T.);
#1599=EDGE_CURVE('',#1326,#1231,#631,.T.);
#1600=EDGE_CURVE('',#1327,#1230,#632,.T.);
#1601=EDGE_CURVE('',#1326,#1327,#633,.T.);
#1602=EDGE_CURVE('',#1328,#1229,#634,.T.);
#1603=EDGE_CURVE('',#1327,#1328,#635,.T.);
#1604=EDGE_CURVE('',#1329,#1228,#636,.T.);
#1605=EDGE_CURVE('',#1328,#1329,#637,.T.);
#1606=EDGE_CURVE('',#1330,#1227,#638,.T.);
#1607=EDGE_CURVE('',#1329,#1330,#639,.T.);
#1608=EDGE_CURVE('',#1331,#1226,#640,.T.);
#1609=EDGE_CURVE('',#1330,#1331,#641,.T.);
#1610=EDGE_CURVE('',#1332,#1225,#642,.T.);
#1611=EDGE_CURVE('',#1331,#1332,#643,.T.);
#1612=EDGE_CURVE('',#1333,#1222,#644,.T.);
#1613=EDGE_CURVE('',#1334,#1221,#645,.T.);
#1614=EDGE_CURVE('',#1333,#1334,#646,.T.);
#1615=EDGE_CURVE('',#1335,#1220,#647,.T.);
#1616=EDGE_CURVE('',#1334,#1335,#648,.T.);
#1617=EDGE_CURVE('',#1336,#1219,#649,.T.);
#1618=EDGE_CURVE('',#1335,#1336,#650,.T.);
#1619=EDGE_CURVE('',#1337,#1218,#651,.T.);
#1620=EDGE_CURVE('',#1336,#1337,#652,.T.);
#1621=EDGE_CURVE('',#1338,#1217,#653,.T.);
#1622=EDGE_CURVE('',#1337,#1338,#654,.T.);
#1623=EDGE_CURVE('',#1339,#1216,#655,.T.);
#1624=EDGE_CURVE('',#1338,#1339,#656,.T.);
#1625=EDGE_CURVE('',#1340,#1215,#657,.T.);
#1626=EDGE_CURVE('',#1339,#1340,#658,.T.);
#1627=EDGE_CURVE('',#1341,#1214,#659,.T.);
#1628=EDGE_CURVE('',#1340,#1341,#660,.T.);
#1629=EDGE_CURVE('',#1342,#1213,#661,.T.);
#1630=EDGE_CURVE('',#1341,#1342,#662,.T.);
#1631=EDGE_CURVE('',#1343,#1212,#663,.T.);
#1632=EDGE_CURVE('',#1342,#1343,#664,.T.);
#1633=EDGE_CURVE('',#1344,#1211,#665,.T.);
#1634=EDGE_CURVE('',#1343,#1344,#666,.T.);
#1635=EDGE_CURVE('',#1345,#1210,#667,.T.);
#1636=EDGE_CURVE('',#1344,#1345,#668,.T.);
#1637=EDGE_CURVE('',#1346,#1209,#669,.T.);
#1638=EDGE_CURVE('',#1345,#1346,#670,.T.);
#1639=EDGE_CURVE('',#1347,#1208,#671,.T.);
#1640=EDGE_CURVE('',#1346,#1347,#672,.T.);
#1641=EDGE_CURVE('',#1348,#1206,#673,.T.);
#1642=EDGE_CURVE('',#1347,#1348,#674,.T.);
#1643=EDGE_CURVE('',#1349,#1207,#675,.T.);
#1644=EDGE_CURVE('',#1348,#1349,#676,.T.);
#1645=EDGE_CURVE('',#1350,#1235,#677,.T.);
#1646=EDGE_CURVE('',#1349,#1350,#678,.T.);
#1647=EDGE_CURVE('',#1351,#1234,#679,.T.);
#1648=EDGE_CURVE('',#1350,#1351,#680,.T.);
#1649=EDGE_CURVE('',#1352,#1233,#681,.T.);
#1650=EDGE_CURVE('',#1351,#1352,#682,.T.);
#1651=EDGE_CURVE('',#1353,#1232,#683,.T.);
#1652=EDGE_CURVE('',#1352,#1353,#684,.T.);
#1653=EDGE_CURVE('',#1353,#1326,#685,.T.);
#1654=EDGE_CURVE('',#1224,#1354,#686,.T.);
#1655=EDGE_CURVE('',#1332,#1354,#687,.T.);
#1656=EDGE_CURVE('',#1354,#1355,#688,.T.);
#1657=EDGE_CURVE('',#1355,#1333,#689,.T.);
#1658=EDGE_CURVE('',#1356,#1357,#690,.T.);
#1659=EDGE_CURVE('',#1358,#1356,#691,.T.);
#1660=EDGE_CURVE('',#1359,#1358,#692,.T.);
#1661=EDGE_CURVE('',#1360,#1359,#693,.T.);
#1662=EDGE_CURVE('',#1361,#1360,#694,.T.);
#1663=EDGE_CURVE('',#1362,#1361,#695,.T.);
#1664=EDGE_CURVE('',#1363,#1362,#696,.T.);
#1665=EDGE_CURVE('',#1364,#1363,#697,.T.);
#1666=EDGE_CURVE('',#1365,#1364,#698,.T.);
#1667=EDGE_CURVE('',#1366,#1365,#699,.T.);
#1668=EDGE_CURVE('',#1367,#1366,#700,.T.);
#1669=EDGE_CURVE('',#1368,#1367,#701,.T.);
#1670=EDGE_CURVE('',#1369,#1368,#702,.T.);
#1671=EDGE_CURVE('',#1370,#1369,#703,.T.);
#1672=EDGE_CURVE('',#1371,#1370,#704,.T.);
#1673=EDGE_CURVE('',#1372,#1371,#705,.T.);
#1674=EDGE_CURVE('',#1373,#1372,#706,.T.);
#1675=EDGE_CURVE('',#1374,#1373,#707,.T.);
#1676=EDGE_CURVE('',#1375,#1374,#708,.T.);
#1677=EDGE_CURVE('',#1357,#1375,#709,.T.);
#1678=EDGE_CURVE('',#1356,#1244,#710,.T.);
#1679=EDGE_CURVE('',#1358,#1243,#711,.T.);
#1680=EDGE_CURVE('',#1359,#1242,#712,.T.);
#1681=EDGE_CURVE('',#1360,#1240,#713,.T.);
#1682=EDGE_CURVE('',#1361,#1241,#714,.T.);
#1683=EDGE_CURVE('',#1362,#1259,#715,.T.);
#1684=EDGE_CURVE('',#1363,#1258,#716,.T.);
#1685=EDGE_CURVE('',#1364,#1257,#717,.T.);
#1686=EDGE_CURVE('',#1365,#1256,#718,.T.);
#1687=EDGE_CURVE('',#1366,#1255,#719,.T.);
#1688=EDGE_CURVE('',#1367,#1254,#720,.T.);
#1689=EDGE_CURVE('',#1368,#1253,#721,.T.);
#1690=EDGE_CURVE('',#1369,#1252,#722,.T.);
#1691=EDGE_CURVE('',#1370,#1251,#723,.T.);
#1692=EDGE_CURVE('',#1371,#1250,#724,.T.);
#1693=EDGE_CURVE('',#1372,#1249,#725,.T.);
#1694=EDGE_CURVE('',#1373,#1248,#726,.T.);
#1695=EDGE_CURVE('',#1374,#1247,#727,.T.);
#1696=EDGE_CURVE('',#1375,#1246,#728,.T.);
#1697=EDGE_CURVE('',#1357,#1245,#729,.T.);
#1698=EDGE_CURVE('',#1223,#1355,#730,.T.);
#1699=EDGE_CURVE('',#1203,#1163,#731,.T.);
#1700=EDGE_CURVE('',#1204,#1162,#732,.T.);
#1701=EDGE_CURVE('',#1320,#1276,#733,.T.);
#1702=EDGE_CURVE('',#1321,#1275,#734,.T.);
#1703=EDGE_CURVE('',#1205,#1161,#735,.T.);
#1704=EDGE_CURVE('',#1319,#1277,#736,.T.);
#1705=EDGE_CURVE('',#1186,#1160,#737,.T.);
#1706=EDGE_CURVE('',#1318,#1278,#738,.T.);
#1707=EDGE_CURVE('',#1187,#1159,#739,.T.);
#1708=EDGE_CURVE('',#1317,#1279,#740,.T.);
#1709=EDGE_CURVE('',#1188,#1158,#741,.T.);
#1710=EDGE_CURVE('',#1316,#1280,#742,.T.);
#1711=EDGE_CURVE('',#1189,#1157,#743,.T.);
#1712=EDGE_CURVE('',#1315,#1281,#744,.T.);
#1713=EDGE_CURVE('',#1190,#1156,#745,.T.);
#1714=EDGE_CURVE('',#1314,#1282,#746,.T.);
#1715=EDGE_CURVE('',#1191,#1155,#747,.T.);
#1716=EDGE_CURVE('',#1313,#1283,#748,.T.);
#1717=EDGE_CURVE('',#1192,#1154,#749,.T.);
#1718=EDGE_CURVE('',#1312,#1284,#750,.T.);
#1719=EDGE_CURVE('',#1193,#1153,#751,.T.);
#1720=EDGE_CURVE('',#1311,#1285,#752,.T.);
#1721=EDGE_CURVE('',#1194,#1152,#753,.T.);
#1722=EDGE_CURVE('',#1310,#1286,#754,.T.);
#1723=EDGE_CURVE('',#1195,#1151,#755,.T.);
#1724=EDGE_CURVE('',#1309,#1287,#756,.T.);
#1725=EDGE_CURVE('',#1196,#1170,#757,.T.);
#1726=EDGE_CURVE('',#1308,#1288,#758,.T.);
#1727=EDGE_CURVE('',#1197,#1169,#759,.T.);
#1728=EDGE_CURVE('',#1307,#1289,#760,.T.);
#1729=EDGE_CURVE('',#1198,#1168,#761,.T.);
#1730=EDGE_CURVE('',#1306,#1290,#762,.T.);
#1731=EDGE_CURVE('',#1199,#1167,#763,.T.);
#1732=EDGE_CURVE('',#1325,#1291,#764,.T.);
#1733=EDGE_CURVE('',#1200,#1166,#765,.T.);
#1734=EDGE_CURVE('',#1324,#1292,#766,.T.);
#1735=EDGE_CURVE('',#1201,#1165,#767,.T.);
#1736=EDGE_CURVE('',#1323,#1273,#768,.T.);
#1737=EDGE_CURVE('',#1202,#1164,#769,.T.);
#1738=EDGE_CURVE('',#1322,#1274,#770,.T.);
#1739=ORIENTED_EDGE('',*,*,#1376,.F.);
#1740=ORIENTED_EDGE('',*,*,#1377,.T.);
#1741=ORIENTED_EDGE('',*,*,#1378,.F.);
#1742=ORIENTED_EDGE('',*,*,#1377,.F.);
#1743=ORIENTED_EDGE('',*,*,#1379,.F.);
#1744=ORIENTED_EDGE('',*,*,#1380,.F.);
#1745=ORIENTED_EDGE('',*,*,#1381,.F.);
#1746=ORIENTED_EDGE('',*,*,#1382,.F.);
#1747=ORIENTED_EDGE('',*,*,#1383,.F.);
#1748=ORIENTED_EDGE('',*,*,#1384,.F.);
#1749=ORIENTED_EDGE('',*,*,#1385,.F.);
#1750=ORIENTED_EDGE('',*,*,#1386,.F.);
#1751=ORIENTED_EDGE('',*,*,#1387,.F.);
#1752=ORIENTED_EDGE('',*,*,#1388,.F.);
#1753=ORIENTED_EDGE('',*,*,#1389,.F.);
#1754=ORIENTED_EDGE('',*,*,#1390,.F.);
#1755=ORIENTED_EDGE('',*,*,#1391,.F.);
#1756=ORIENTED_EDGE('',*,*,#1392,.F.);
#1757=ORIENTED_EDGE('',*,*,#1393,.F.);
#1758=ORIENTED_EDGE('',*,*,#1394,.T.);
#1759=ORIENTED_EDGE('',*,*,#1395,.T.);
#1760=ORIENTED_EDGE('',*,*,#1396,.T.);
#1761=ORIENTED_EDGE('',*,*,#1397,.T.);
#1762=ORIENTED_EDGE('',*,*,#1398,.T.);
#1763=ORIENTED_EDGE('',*,*,#1399,.T.);
#1764=ORIENTED_EDGE('',*,*,#1400,.T.);
#1765=ORIENTED_EDGE('',*,*,#1401,.T.);
#1766=ORIENTED_EDGE('',*,*,#1402,.T.);
#1767=ORIENTED_EDGE('',*,*,#1403,.T.);
#1768=ORIENTED_EDGE('',*,*,#1404,.T.);
#1769=ORIENTED_EDGE('',*,*,#1405,.T.);
#1770=ORIENTED_EDGE('',*,*,#1406,.T.);
#1771=ORIENTED_EDGE('',*,*,#1407,.T.);
#1772=ORIENTED_EDGE('',*,*,#1408,.T.);
#1773=ORIENTED_EDGE('',*,*,#1409,.T.);
#1774=ORIENTED_EDGE('',*,*,#1410,.T.);
#1775=ORIENTED_EDGE('',*,*,#1411,.T.);
#1776=ORIENTED_EDGE('',*,*,#1412,.T.);
#1777=ORIENTED_EDGE('',*,*,#1413,.T.);
#1778=ORIENTED_EDGE('',*,*,#1414,.T.);
#1779=ORIENTED_EDGE('',*,*,#1393,.T.);
#1780=ORIENTED_EDGE('',*,*,#1415,.F.);
#1781=ORIENTED_EDGE('',*,*,#1416,.T.);
#1782=ORIENTED_EDGE('',*,*,#1417,.F.);
#1783=ORIENTED_EDGE('',*,*,#1418,.F.);
#1784=ORIENTED_EDGE('',*,*,#1419,.F.);
#1785=ORIENTED_EDGE('',*,*,#1420,.F.);
#1786=ORIENTED_EDGE('',*,*,#1421,.F.);
#1787=ORIENTED_EDGE('',*,*,#1422,.F.);
#1788=ORIENTED_EDGE('',*,*,#1423,.F.);
#1789=ORIENTED_EDGE('',*,*,#1424,.F.);
#1790=ORIENTED_EDGE('',*,*,#1416,.F.);
#1791=ORIENTED_EDGE('',*,*,#1425,.F.);
#1792=ORIENTED_EDGE('',*,*,#1426,.F.);
#1793=ORIENTED_EDGE('',*,*,#1427,.F.);
#1794=ORIENTED_EDGE('',*,*,#1428,.F.);
#1795=ORIENTED_EDGE('',*,*,#1429,.F.);
#1796=ORIENTED_EDGE('',*,*,#1430,.F.);
#1797=ORIENTED_EDGE('',*,*,#1431,.T.);
#1798=ORIENTED_EDGE('',*,*,#1432,.T.);
#1799=ORIENTED_EDGE('',*,*,#1433,.T.);
#1800=ORIENTED_EDGE('',*,*,#1434,.T.);
#1801=ORIENTED_EDGE('',*,*,#1435,.T.);
#1802=ORIENTED_EDGE('',*,*,#1436,.T.);
#1803=ORIENTED_EDGE('',*,*,#1437,.T.);
#1804=ORIENTED_EDGE('',*,*,#1438,.T.);
#1805=ORIENTED_EDGE('',*,*,#1439,.T.);
#1806=ORIENTED_EDGE('',*,*,#1440,.T.);
#1807=ORIENTED_EDGE('',*,*,#1441,.T.);
#1808=ORIENTED_EDGE('',*,*,#1442,.T.);
#1809=ORIENTED_EDGE('',*,*,#1443,.T.);
#1810=ORIENTED_EDGE('',*,*,#1444,.T.);
#1811=ORIENTED_EDGE('',*,*,#1445,.T.);
#1812=ORIENTED_EDGE('',*,*,#1446,.T.);
#1813=ORIENTED_EDGE('',*,*,#1447,.T.);
#1814=ORIENTED_EDGE('',*,*,#1448,.T.);
#1815=ORIENTED_EDGE('',*,*,#1449,.T.);
#1816=ORIENTED_EDGE('',*,*,#1450,.T.);
#1817=ORIENTED_EDGE('',*,*,#1415,.T.);
#1818=ORIENTED_EDGE('',*,*,#1392,.T.);
#1819=ORIENTED_EDGE('',*,*,#1451,.F.);
#1820=ORIENTED_EDGE('',*,*,#1425,.T.);
#1821=ORIENTED_EDGE('',*,*,#1451,.T.);
#1822=ORIENTED_EDGE('',*,*,#1391,.T.);
#1823=ORIENTED_EDGE('',*,*,#1452,.F.);
#1824=ORIENTED_EDGE('',*,*,#1426,.T.);
#1825=ORIENTED_EDGE('',*,*,#1452,.T.);
#1826=ORIENTED_EDGE('',*,*,#1390,.T.);
#1827=ORIENTED_EDGE('',*,*,#1453,.F.);
#1828=ORIENTED_EDGE('',*,*,#1427,.T.);
#1829=ORIENTED_EDGE('',*,*,#1453,.T.);
#1830=ORIENTED_EDGE('',*,*,#1389,.T.);
#1831=ORIENTED_EDGE('',*,*,#1454,.F.);
#1832=ORIENTED_EDGE('',*,*,#1428,.T.);
#1833=ORIENTED_EDGE('',*,*,#1454,.T.);
#1834=ORIENTED_EDGE('',*,*,#1388,.T.);
#1835=ORIENTED_EDGE('',*,*,#1455,.F.);
#1836=ORIENTED_EDGE('',*,*,#1429,.T.);
#1837=ORIENTED_EDGE('',*,*,#1455,.T.);
#1838=ORIENTED_EDGE('',*,*,#1387,.T.);
#1839=ORIENTED_EDGE('',*,*,#1456,.F.);
#1840=ORIENTED_EDGE('',*,*,#1430,.T.);
#1841=ORIENTED_EDGE('',*,*,#1456,.T.);
#1842=ORIENTED_EDGE('',*,*,#1386,.T.);
#1843=ORIENTED_EDGE('',*,*,#1457,.F.);
#1844=ORIENTED_EDGE('',*,*,#1417,.T.);
#1845=ORIENTED_EDGE('',*,*,#1457,.T.);
#1846=ORIENTED_EDGE('',*,*,#1385,.T.);
#1847=ORIENTED_EDGE('',*,*,#1458,.F.);
#1848=ORIENTED_EDGE('',*,*,#1418,.T.);
#1849=ORIENTED_EDGE('',*,*,#1458,.T.);
#1850=ORIENTED_EDGE('',*,*,#1384,.T.);
#1851=ORIENTED_EDGE('',*,*,#1459,.F.);
#1852=ORIENTED_EDGE('',*,*,#1419,.T.);
#1853=ORIENTED_EDGE('',*,*,#1459,.T.);
#1854=ORIENTED_EDGE('',*,*,#1383,.T.);
#1855=ORIENTED_EDGE('',*,*,#1460,.F.);
#1856=ORIENTED_EDGE('',*,*,#1420,.T.);
#1857=ORIENTED_EDGE('',*,*,#1460,.T.);
#1858=ORIENTED_EDGE('',*,*,#1382,.T.);
#1859=ORIENTED_EDGE('',*,*,#1461,.F.);
#1860=ORIENTED_EDGE('',*,*,#1421,.T.);
#1861=ORIENTED_EDGE('',*,*,#1422,.T.);
#1862=ORIENTED_EDGE('',*,*,#1461,.T.);
#1863=ORIENTED_EDGE('',*,*,#1381,.T.);
#1864=ORIENTED_EDGE('',*,*,#1462,.F.);
#1865=ORIENTED_EDGE('',*,*,#1463,.F.);
#1866=ORIENTED_EDGE('',*,*,#1464,.F.);
#1867=ORIENTED_EDGE('',*,*,#1465,.F.);
#1868=ORIENTED_EDGE('',*,*,#1466,.F.);
#1869=ORIENTED_EDGE('',*,*,#1467,.F.);
#1870=ORIENTED_EDGE('',*,*,#1468,.F.);
#1871=ORIENTED_EDGE('',*,*,#1469,.F.);
#1872=ORIENTED_EDGE('',*,*,#1470,.F.);
#1873=ORIENTED_EDGE('',*,*,#1471,.F.);
#1874=ORIENTED_EDGE('',*,*,#1472,.F.);
#1875=ORIENTED_EDGE('',*,*,#1473,.F.);
#1876=ORIENTED_EDGE('',*,*,#1474,.F.);
#1877=ORIENTED_EDGE('',*,*,#1475,.F.);
#1878=ORIENTED_EDGE('',*,*,#1476,.F.);
#1879=ORIENTED_EDGE('',*,*,#1477,.F.);
#1880=ORIENTED_EDGE('',*,*,#1478,.F.);
#1881=ORIENTED_EDGE('',*,*,#1479,.F.);
#1882=ORIENTED_EDGE('',*,*,#1480,.F.);
#1883=ORIENTED_EDGE('',*,*,#1481,.F.);
#1884=ORIENTED_EDGE('',*,*,#1482,.F.);
#1885=ORIENTED_EDGE('',*,*,#1483,.F.);
#1886=ORIENTED_EDGE('',*,*,#1484,.F.);
#1887=ORIENTED_EDGE('',*,*,#1485,.F.);
#1888=ORIENTED_EDGE('',*,*,#1486,.F.);
#1889=ORIENTED_EDGE('',*,*,#1487,.F.);
#1890=ORIENTED_EDGE('',*,*,#1488,.F.);
#1891=ORIENTED_EDGE('',*,*,#1489,.F.);
#1892=ORIENTED_EDGE('',*,*,#1490,.F.);
#1893=ORIENTED_EDGE('',*,*,#1491,.F.);
#1894=ORIENTED_EDGE('',*,*,#1492,.F.);
#1895=ORIENTED_EDGE('',*,*,#1462,.T.);
#1896=ORIENTED_EDGE('',*,*,#1380,.T.);
#1897=ORIENTED_EDGE('',*,*,#1493,.T.);
#1898=ORIENTED_EDGE('',*,*,#1423,.T.);
#1899=ORIENTED_EDGE('',*,*,#1494,.T.);
#1900=ORIENTED_EDGE('',*,*,#1495,.T.);
#1901=ORIENTED_EDGE('',*,*,#1496,.T.);
#1902=ORIENTED_EDGE('',*,*,#1497,.T.);
#1903=ORIENTED_EDGE('',*,*,#1498,.F.);
#1904=ORIENTED_EDGE('',*,*,#1499,.F.);
#1905=ORIENTED_EDGE('',*,*,#1500,.F.);
#1906=ORIENTED_EDGE('',*,*,#1501,.F.);
#1907=ORIENTED_EDGE('',*,*,#1502,.F.);
#1908=ORIENTED_EDGE('',*,*,#1503,.F.);
#1909=ORIENTED_EDGE('',*,*,#1504,.F.);
#1910=ORIENTED_EDGE('',*,*,#1505,.F.);
#1911=ORIENTED_EDGE('',*,*,#1506,.F.);
#1912=ORIENTED_EDGE('',*,*,#1507,.F.);
#1913=ORIENTED_EDGE('',*,*,#1508,.F.);
#1914=ORIENTED_EDGE('',*,*,#1509,.F.);
#1915=ORIENTED_EDGE('',*,*,#1510,.F.);
#1916=ORIENTED_EDGE('',*,*,#1511,.F.);
#1917=ORIENTED_EDGE('',*,*,#1512,.F.);
#1918=ORIENTED_EDGE('',*,*,#1513,.F.);
#1919=ORIENTED_EDGE('',*,*,#1514,.F.);
#1920=ORIENTED_EDGE('',*,*,#1515,.F.);
#1921=ORIENTED_EDGE('',*,*,#1516,.F.);
#1922=ORIENTED_EDGE('',*,*,#1517,.F.);
#1923=ORIENTED_EDGE('',*,*,#1518,.F.);
#1924=ORIENTED_EDGE('',*,*,#1496,.F.);
#1925=ORIENTED_EDGE('',*,*,#1519,.F.);
#1926=ORIENTED_EDGE('',*,*,#1520,.F.);
#1927=ORIENTED_EDGE('',*,*,#1521,.F.);
#1928=ORIENTED_EDGE('',*,*,#1522,.F.);
#1929=ORIENTED_EDGE('',*,*,#1523,.F.);
#1930=ORIENTED_EDGE('',*,*,#1524,.F.);
#1931=ORIENTED_EDGE('',*,*,#1525,.F.);
#1932=ORIENTED_EDGE('',*,*,#1526,.F.);
#1933=ORIENTED_EDGE('',*,*,#1527,.F.);
#1934=ORIENTED_EDGE('',*,*,#1528,.F.);
#1935=ORIENTED_EDGE('',*,*,#1529,.F.);
#1936=ORIENTED_EDGE('',*,*,#1530,.F.);
#1937=ORIENTED_EDGE('',*,*,#1531,.F.);
#1938=ORIENTED_EDGE('',*,*,#1532,.T.);
#1939=ORIENTED_EDGE('',*,*,#1533,.T.);
#1940=ORIENTED_EDGE('',*,*,#1534,.T.);
#1941=ORIENTED_EDGE('',*,*,#1535,.T.);
#1942=ORIENTED_EDGE('',*,*,#1536,.T.);
#1943=ORIENTED_EDGE('',*,*,#1537,.T.);
#1944=ORIENTED_EDGE('',*,*,#1538,.T.);
#1945=ORIENTED_EDGE('',*,*,#1539,.T.);
#1946=ORIENTED_EDGE('',*,*,#1540,.T.);
#1947=ORIENTED_EDGE('',*,*,#1541,.T.);
#1948=ORIENTED_EDGE('',*,*,#1542,.T.);
#1949=ORIENTED_EDGE('',*,*,#1543,.T.);
#1950=ORIENTED_EDGE('',*,*,#1544,.T.);
#1951=ORIENTED_EDGE('',*,*,#1545,.T.);
#1952=ORIENTED_EDGE('',*,*,#1546,.T.);
#1953=ORIENTED_EDGE('',*,*,#1547,.T.);
#1954=ORIENTED_EDGE('',*,*,#1548,.T.);
#1955=ORIENTED_EDGE('',*,*,#1549,.T.);
#1956=ORIENTED_EDGE('',*,*,#1550,.T.);
#1957=ORIENTED_EDGE('',*,*,#1551,.T.);
#1958=ORIENTED_EDGE('',*,*,#1552,.T.);
#1959=ORIENTED_EDGE('',*,*,#1520,.T.);
#1960=ORIENTED_EDGE('',*,*,#1553,.T.);
#1961=ORIENTED_EDGE('',*,*,#1554,.T.);
#1962=ORIENTED_EDGE('',*,*,#1555,.F.);
#1963=ORIENTED_EDGE('',*,*,#1494,.F.);
#1964=ORIENTED_EDGE('',*,*,#1556,.F.);
#1965=ORIENTED_EDGE('',*,*,#1557,.F.);
#1966=ORIENTED_EDGE('',*,*,#1558,.F.);
#1967=ORIENTED_EDGE('',*,*,#1559,.F.);
#1968=ORIENTED_EDGE('',*,*,#1560,.F.);
#1969=ORIENTED_EDGE('',*,*,#1561,.F.);
#1970=ORIENTED_EDGE('',*,*,#1562,.F.);
#1971=ORIENTED_EDGE('',*,*,#1563,.F.);
#1972=ORIENTED_EDGE('',*,*,#1564,.F.);
#1973=ORIENTED_EDGE('',*,*,#1565,.F.);
#1974=ORIENTED_EDGE('',*,*,#1566,.F.);
#1975=ORIENTED_EDGE('',*,*,#1567,.F.);
#1976=ORIENTED_EDGE('',*,*,#1554,.F.);
#1977=ORIENTED_EDGE('',*,*,#1568,.T.);
#1978=ORIENTED_EDGE('',*,*,#1569,.T.);
#1979=ORIENTED_EDGE('',*,*,#1570,.T.);
#1980=ORIENTED_EDGE('',*,*,#1571,.T.);
#1981=ORIENTED_EDGE('',*,*,#1572,.T.);
#1982=ORIENTED_EDGE('',*,*,#1573,.T.);
#1983=ORIENTED_EDGE('',*,*,#1574,.T.);
#1984=ORIENTED_EDGE('',*,*,#1575,.T.);
#1985=ORIENTED_EDGE('',*,*,#1576,.T.);
#1986=ORIENTED_EDGE('',*,*,#1577,.T.);
#1987=ORIENTED_EDGE('',*,*,#1578,.T.);
#1988=ORIENTED_EDGE('',*,*,#1579,.T.);
#1989=ORIENTED_EDGE('',*,*,#1580,.T.);
#1990=ORIENTED_EDGE('',*,*,#1581,.T.);
#1991=ORIENTED_EDGE('',*,*,#1582,.T.);
#1992=ORIENTED_EDGE('',*,*,#1583,.T.);
#1993=ORIENTED_EDGE('',*,*,#1584,.T.);
#1994=ORIENTED_EDGE('',*,*,#1585,.T.);
#1995=ORIENTED_EDGE('',*,*,#1586,.T.);
#1996=ORIENTED_EDGE('',*,*,#1587,.T.);
#1997=ORIENTED_EDGE('',*,*,#1588,.T.);
#1998=ORIENTED_EDGE('',*,*,#1521,.T.);
#1999=ORIENTED_EDGE('',*,*,#1552,.F.);
#2000=ORIENTED_EDGE('',*,*,#1567,.T.);
#2001=ORIENTED_EDGE('',*,*,#1589,.T.);
#2002=ORIENTED_EDGE('',*,*,#1522,.T.);
#2003=ORIENTED_EDGE('',*,*,#1588,.F.);
#2004=ORIENTED_EDGE('',*,*,#1566,.T.);
#2005=ORIENTED_EDGE('',*,*,#1590,.T.);
#2006=ORIENTED_EDGE('',*,*,#1523,.T.);
#2007=ORIENTED_EDGE('',*,*,#1589,.F.);
#2008=ORIENTED_EDGE('',*,*,#1565,.T.);
#2009=ORIENTED_EDGE('',*,*,#1591,.T.);
#2010=ORIENTED_EDGE('',*,*,#1524,.T.);
#2011=ORIENTED_EDGE('',*,*,#1590,.F.);
#2012=ORIENTED_EDGE('',*,*,#1564,.T.);
#2013=ORIENTED_EDGE('',*,*,#1592,.T.);
#2014=ORIENTED_EDGE('',*,*,#1525,.T.);
#2015=ORIENTED_EDGE('',*,*,#1591,.F.);
#2016=ORIENTED_EDGE('',*,*,#1563,.T.);
#2017=ORIENTED_EDGE('',*,*,#1593,.T.);
#2018=ORIENTED_EDGE('',*,*,#1526,.T.);
#2019=ORIENTED_EDGE('',*,*,#1592,.F.);
#2020=ORIENTED_EDGE('',*,*,#1562,.T.);
#2021=ORIENTED_EDGE('',*,*,#1594,.T.);
#2022=ORIENTED_EDGE('',*,*,#1527,.T.);
#2023=ORIENTED_EDGE('',*,*,#1593,.F.);
#2024=ORIENTED_EDGE('',*,*,#1561,.T.);
#2025=ORIENTED_EDGE('',*,*,#1595,.T.);
#2026=ORIENTED_EDGE('',*,*,#1528,.T.);
#2027=ORIENTED_EDGE('',*,*,#1594,.F.);
#2028=ORIENTED_EDGE('',*,*,#1560,.T.);
#2029=ORIENTED_EDGE('',*,*,#1596,.T.);
#2030=ORIENTED_EDGE('',*,*,#1529,.T.);
#2031=ORIENTED_EDGE('',*,*,#1595,.F.);
#2032=ORIENTED_EDGE('',*,*,#1559,.T.);
#2033=ORIENTED_EDGE('',*,*,#1597,.T.);
#2034=ORIENTED_EDGE('',*,*,#1530,.T.);
#2035=ORIENTED_EDGE('',*,*,#1596,.F.);
#2036=ORIENTED_EDGE('',*,*,#1558,.T.);
#2037=ORIENTED_EDGE('',*,*,#1598,.F.);
#2038=ORIENTED_EDGE('',*,*,#1531,.T.);
#2039=ORIENTED_EDGE('',*,*,#1597,.F.);
#2040=ORIENTED_EDGE('',*,*,#1557,.T.);
#2041=ORIENTED_EDGE('',*,*,#1556,.T.);
#2042=ORIENTED_EDGE('',*,*,#1497,.F.);
#2043=ORIENTED_EDGE('',*,*,#1518,.T.);
#2044=ORIENTED_EDGE('',*,*,#1598,.T.);
#2045=ORIENTED_EDGE('',*,*,#1599,.T.);
#2046=ORIENTED_EDGE('',*,*,#1487,.T.);
#2047=ORIENTED_EDGE('',*,*,#1600,.F.);
#2048=ORIENTED_EDGE('',*,*,#1601,.F.);
#2049=ORIENTED_EDGE('',*,*,#1600,.T.);
#2050=ORIENTED_EDGE('',*,*,#1486,.T.);
#2051=ORIENTED_EDGE('',*,*,#1602,.F.);
#2052=ORIENTED_EDGE('',*,*,#1603,.F.);
#2053=ORIENTED_EDGE('',*,*,#1602,.T.);
#2054=ORIENTED_EDGE('',*,*,#1485,.T.);
#2055=ORIENTED_EDGE('',*,*,#1604,.F.);
#2056=ORIENTED_EDGE('',*,*,#1605,.F.);
#2057=ORIENTED_EDGE('',*,*,#1604,.T.);
#2058=ORIENTED_EDGE('',*,*,#1484,.T.);
#2059=ORIENTED_EDGE('',*,*,#1606,.F.);
#2060=ORIENTED_EDGE('',*,*,#1607,.F.);
#2061=ORIENTED_EDGE('',*,*,#1606,.T.);
#2062=ORIENTED_EDGE('',*,*,#1483,.T.);
#2063=ORIENTED_EDGE('',*,*,#1608,.F.);
#2064=ORIENTED_EDGE('',*,*,#1609,.F.);
#2065=ORIENTED_EDGE('',*,*,#1608,.T.);
#2066=ORIENTED_EDGE('',*,*,#1482,.T.);
#2067=ORIENTED_EDGE('',*,*,#1610,.F.);
#2068=ORIENTED_EDGE('',*,*,#1611,.F.);
#2069=ORIENTED_EDGE('',*,*,#1612,.T.);
#2070=ORIENTED_EDGE('',*,*,#1478,.T.);
#2071=ORIENTED_EDGE('',*,*,#1613,.F.);
#2072=ORIENTED_EDGE('',*,*,#1614,.F.);
#2073=ORIENTED_EDGE('',*,*,#1613,.T.);
#2074=ORIENTED_EDGE('',*,*,#1477,.T.);
#2075=ORIENTED_EDGE('',*,*,#1615,.F.);
#2076=ORIENTED_EDGE('',*,*,#1616,.F.);
#2077=ORIENTED_EDGE('',*,*,#1615,.T.);
#2078=ORIENTED_EDGE('',*,*,#1476,.T.);
#2079=ORIENTED_EDGE('',*,*,#1617,.F.);
#2080=ORIENTED_EDGE('',*,*,#1618,.F.);
#2081=ORIENTED_EDGE('',*,*,#1617,.T.);
#2082=ORIENTED_EDGE('',*,*,#1475,.T.);
#2083=ORIENTED_EDGE('',*,*,#1619,.F.);
#2084=ORIENTED_EDGE('',*,*,#1620,.F.);
#2085=ORIENTED_EDGE('',*,*,#1619,.T.);
#2086=ORIENTED_EDGE('',*,*,#1474,.T.);
#2087=ORIENTED_EDGE('',*,*,#1621,.F.);
#2088=ORIENTED_EDGE('',*,*,#1622,.F.);
#2089=ORIENTED_EDGE('',*,*,#1621,.T.);
#2090=ORIENTED_EDGE('',*,*,#1473,.T.);
#2091=ORIENTED_EDGE('',*,*,#1623,.F.);
#2092=ORIENTED_EDGE('',*,*,#1624,.F.);
#2093=ORIENTED_EDGE('',*,*,#1623,.T.);
#2094=ORIENTED_EDGE('',*,*,#1472,.T.);
#2095=ORIENTED_EDGE('',*,*,#1625,.F.);
#2096=ORIENTED_EDGE('',*,*,#1626,.F.);
#2097=ORIENTED_EDGE('',*,*,#1625,.T.);
#2098=ORIENTED_EDGE('',*,*,#1471,.T.);
#2099=ORIENTED_EDGE('',*,*,#1627,.F.);
#2100=ORIENTED_EDGE('',*,*,#1628,.F.);
#2101=ORIENTED_EDGE('',*,*,#1627,.T.);
#2102=ORIENTED_EDGE('',*,*,#1470,.T.);
#2103=ORIENTED_EDGE('',*,*,#1629,.F.);
#2104=ORIENTED_EDGE('',*,*,#1630,.F.);
#2105=ORIENTED_EDGE('',*,*,#1629,.T.);
#2106=ORIENTED_EDGE('',*,*,#1469,.T.);
#2107=ORIENTED_EDGE('',*,*,#1631,.F.);
#2108=ORIENTED_EDGE('',*,*,#1632,.F.);
#2109=ORIENTED_EDGE('',*,*,#1631,.T.);
#2110=ORIENTED_EDGE('',*,*,#1468,.T.);
#2111=ORIENTED_EDGE('',*,*,#1633,.F.);
#2112=ORIENTED_EDGE('',*,*,#1634,.F.);
#2113=ORIENTED_EDGE('',*,*,#1633,.T.);
#2114=ORIENTED_EDGE('',*,*,#1467,.T.);
#2115=ORIENTED_EDGE('',*,*,#1635,.F.);
#2116=ORIENTED_EDGE('',*,*,#1636,.F.);
#2117=ORIENTED_EDGE('',*,*,#1635,.T.);
#2118=ORIENTED_EDGE('',*,*,#1466,.T.);
#2119=ORIENTED_EDGE('',*,*,#1637,.F.);
#2120=ORIENTED_EDGE('',*,*,#1638,.F.);
#2121=ORIENTED_EDGE('',*,*,#1637,.T.);
#2122=ORIENTED_EDGE('',*,*,#1465,.T.);
#2123=ORIENTED_EDGE('',*,*,#1639,.F.);
#2124=ORIENTED_EDGE('',*,*,#1640,.F.);
#2125=ORIENTED_EDGE('',*,*,#1639,.T.);
#2126=ORIENTED_EDGE('',*,*,#1464,.T.);
#2127=ORIENTED_EDGE('',*,*,#1641,.F.);
#2128=ORIENTED_EDGE('',*,*,#1642,.F.);
#2129=ORIENTED_EDGE('',*,*,#1641,.T.);
#2130=ORIENTED_EDGE('',*,*,#1463,.T.);
#2131=ORIENTED_EDGE('',*,*,#1643,.F.);
#2132=ORIENTED_EDGE('',*,*,#1644,.F.);
#2133=ORIENTED_EDGE('',*,*,#1643,.T.);
#2134=ORIENTED_EDGE('',*,*,#1492,.T.);
#2135=ORIENTED_EDGE('',*,*,#1645,.F.);
#2136=ORIENTED_EDGE('',*,*,#1646,.F.);
#2137=ORIENTED_EDGE('',*,*,#1645,.T.);
#2138=ORIENTED_EDGE('',*,*,#1491,.T.);
#2139=ORIENTED_EDGE('',*,*,#1647,.F.);
#2140=ORIENTED_EDGE('',*,*,#1648,.F.);
#2141=ORIENTED_EDGE('',*,*,#1647,.T.);
#2142=ORIENTED_EDGE('',*,*,#1490,.T.);
#2143=ORIENTED_EDGE('',*,*,#1649,.F.);
#2144=ORIENTED_EDGE('',*,*,#1650,.F.);
#2145=ORIENTED_EDGE('',*,*,#1649,.T.);
#2146=ORIENTED_EDGE('',*,*,#1489,.T.);
#2147=ORIENTED_EDGE('',*,*,#1651,.F.);
#2148=ORIENTED_EDGE('',*,*,#1652,.F.);
#2149=ORIENTED_EDGE('',*,*,#1651,.T.);
#2150=ORIENTED_EDGE('',*,*,#1488,.T.);
#2151=ORIENTED_EDGE('',*,*,#1599,.F.);
#2152=ORIENTED_EDGE('',*,*,#1653,.F.);
#2153=ORIENTED_EDGE('',*,*,#1610,.T.);
#2154=ORIENTED_EDGE('',*,*,#1481,.T.);
#2155=ORIENTED_EDGE('',*,*,#1654,.T.);
#2156=ORIENTED_EDGE('',*,*,#1655,.F.);
#2157=ORIENTED_EDGE('',*,*,#1652,.T.);
#2158=ORIENTED_EDGE('',*,*,#1653,.T.);
#2159=ORIENTED_EDGE('',*,*,#1601,.T.);
#2160=ORIENTED_EDGE('',*,*,#1603,.T.);
#2161=ORIENTED_EDGE('',*,*,#1605,.T.);
#2162=ORIENTED_EDGE('',*,*,#1607,.T.);
#2163=ORIENTED_EDGE('',*,*,#1609,.T.);
#2164=ORIENTED_EDGE('',*,*,#1611,.T.);
#2165=ORIENTED_EDGE('',*,*,#1655,.T.);
#2166=ORIENTED_EDGE('',*,*,#1656,.T.);
#2167=ORIENTED_EDGE('',*,*,#1657,.T.);
#2168=ORIENTED_EDGE('',*,*,#1614,.T.);
#2169=ORIENTED_EDGE('',*,*,#1616,.T.);
#2170=ORIENTED_EDGE('',*,*,#1618,.T.);
#2171=ORIENTED_EDGE('',*,*,#1620,.T.);
#2172=ORIENTED_EDGE('',*,*,#1622,.T.);
#2173=ORIENTED_EDGE('',*,*,#1624,.T.);
#2174=ORIENTED_EDGE('',*,*,#1626,.T.);
#2175=ORIENTED_EDGE('',*,*,#1628,.T.);
#2176=ORIENTED_EDGE('',*,*,#1630,.T.);
#2177=ORIENTED_EDGE('',*,*,#1632,.T.);
#2178=ORIENTED_EDGE('',*,*,#1634,.T.);
#2179=ORIENTED_EDGE('',*,*,#1636,.T.);
#2180=ORIENTED_EDGE('',*,*,#1638,.T.);
#2181=ORIENTED_EDGE('',*,*,#1640,.T.);
#2182=ORIENTED_EDGE('',*,*,#1642,.T.);
#2183=ORIENTED_EDGE('',*,*,#1644,.T.);
#2184=ORIENTED_EDGE('',*,*,#1646,.T.);
#2185=ORIENTED_EDGE('',*,*,#1648,.T.);
#2186=ORIENTED_EDGE('',*,*,#1650,.T.);
#2187=ORIENTED_EDGE('',*,*,#1378,.T.);
#2188=ORIENTED_EDGE('',*,*,#1376,.T.);
#2189=ORIENTED_EDGE('',*,*,#1658,.F.);
#2190=ORIENTED_EDGE('',*,*,#1659,.F.);
#2191=ORIENTED_EDGE('',*,*,#1660,.F.);
#2192=ORIENTED_EDGE('',*,*,#1661,.F.);
#2193=ORIENTED_EDGE('',*,*,#1662,.F.);
#2194=ORIENTED_EDGE('',*,*,#1663,.F.);
#2195=ORIENTED_EDGE('',*,*,#1664,.F.);
#2196=ORIENTED_EDGE('',*,*,#1665,.F.);
#2197=ORIENTED_EDGE('',*,*,#1666,.F.);
#2198=ORIENTED_EDGE('',*,*,#1667,.F.);
#2199=ORIENTED_EDGE('',*,*,#1668,.F.);
#2200=ORIENTED_EDGE('',*,*,#1669,.F.);
#2201=ORIENTED_EDGE('',*,*,#1670,.F.);
#2202=ORIENTED_EDGE('',*,*,#1671,.F.);
#2203=ORIENTED_EDGE('',*,*,#1672,.F.);
#2204=ORIENTED_EDGE('',*,*,#1673,.F.);
#2205=ORIENTED_EDGE('',*,*,#1674,.F.);
#2206=ORIENTED_EDGE('',*,*,#1675,.F.);
#2207=ORIENTED_EDGE('',*,*,#1676,.F.);
#2208=ORIENTED_EDGE('',*,*,#1677,.F.);
#2209=ORIENTED_EDGE('',*,*,#1659,.T.);
#2210=ORIENTED_EDGE('',*,*,#1678,.T.);
#2211=ORIENTED_EDGE('',*,*,#1501,.T.);
#2212=ORIENTED_EDGE('',*,*,#1679,.F.);
#2213=ORIENTED_EDGE('',*,*,#1660,.T.);
#2214=ORIENTED_EDGE('',*,*,#1679,.T.);
#2215=ORIENTED_EDGE('',*,*,#1500,.T.);
#2216=ORIENTED_EDGE('',*,*,#1680,.F.);
#2217=ORIENTED_EDGE('',*,*,#1661,.T.);
#2218=ORIENTED_EDGE('',*,*,#1680,.T.);
#2219=ORIENTED_EDGE('',*,*,#1499,.T.);
#2220=ORIENTED_EDGE('',*,*,#1681,.F.);
#2221=ORIENTED_EDGE('',*,*,#1662,.T.);
#2222=ORIENTED_EDGE('',*,*,#1681,.T.);
#2223=ORIENTED_EDGE('',*,*,#1498,.T.);
#2224=ORIENTED_EDGE('',*,*,#1682,.F.);
#2225=ORIENTED_EDGE('',*,*,#1663,.T.);
#2226=ORIENTED_EDGE('',*,*,#1682,.T.);
#2227=ORIENTED_EDGE('',*,*,#1517,.T.);
#2228=ORIENTED_EDGE('',*,*,#1683,.F.);
#2229=ORIENTED_EDGE('',*,*,#1664,.T.);
#2230=ORIENTED_EDGE('',*,*,#1683,.T.);
#2231=ORIENTED_EDGE('',*,*,#1516,.T.);
#2232=ORIENTED_EDGE('',*,*,#1684,.F.);
#2233=ORIENTED_EDGE('',*,*,#1665,.T.);
#2234=ORIENTED_EDGE('',*,*,#1684,.T.);
#2235=ORIENTED_EDGE('',*,*,#1515,.T.);
#2236=ORIENTED_EDGE('',*,*,#1685,.F.);
#2237=ORIENTED_EDGE('',*,*,#1666,.T.);
#2238=ORIENTED_EDGE('',*,*,#1685,.T.);
#2239=ORIENTED_EDGE('',*,*,#1514,.T.);
#2240=ORIENTED_EDGE('',*,*,#1686,.F.);
#2241=ORIENTED_EDGE('',*,*,#1667,.T.);
#2242=ORIENTED_EDGE('',*,*,#1686,.T.);
#2243=ORIENTED_EDGE('',*,*,#1513,.T.);
#2244=ORIENTED_EDGE('',*,*,#1687,.F.);
#2245=ORIENTED_EDGE('',*,*,#1668,.T.);
#2246=ORIENTED_EDGE('',*,*,#1687,.T.);
#2247=ORIENTED_EDGE('',*,*,#1512,.T.);
#2248=ORIENTED_EDGE('',*,*,#1688,.F.);
#2249=ORIENTED_EDGE('',*,*,#1669,.T.);
#2250=ORIENTED_EDGE('',*,*,#1688,.T.);
#2251=ORIENTED_EDGE('',*,*,#1511,.T.);
#2252=ORIENTED_EDGE('',*,*,#1689,.F.);
#2253=ORIENTED_EDGE('',*,*,#1670,.T.);
#2254=ORIENTED_EDGE('',*,*,#1689,.T.);
#2255=ORIENTED_EDGE('',*,*,#1510,.T.);
#2256=ORIENTED_EDGE('',*,*,#1690,.F.);
#2257=ORIENTED_EDGE('',*,*,#1671,.T.);
#2258=ORIENTED_EDGE('',*,*,#1690,.T.);
#2259=ORIENTED_EDGE('',*,*,#1509,.T.);
#2260=ORIENTED_EDGE('',*,*,#1691,.F.);
#2261=ORIENTED_EDGE('',*,*,#1672,.T.);
#2262=ORIENTED_EDGE('',*,*,#1691,.T.);
#2263=ORIENTED_EDGE('',*,*,#1508,.T.);
#2264=ORIENTED_EDGE('',*,*,#1692,.F.);
#2265=ORIENTED_EDGE('',*,*,#1673,.T.);
#2266=ORIENTED_EDGE('',*,*,#1692,.T.);
#2267=ORIENTED_EDGE('',*,*,#1507,.T.);
#2268=ORIENTED_EDGE('',*,*,#1693,.F.);
#2269=ORIENTED_EDGE('',*,*,#1674,.T.);
#2270=ORIENTED_EDGE('',*,*,#1693,.T.);
#2271=ORIENTED_EDGE('',*,*,#1506,.T.);
#2272=ORIENTED_EDGE('',*,*,#1694,.F.);
#2273=ORIENTED_EDGE('',*,*,#1675,.T.);
#2274=ORIENTED_EDGE('',*,*,#1694,.T.);
#2275=ORIENTED_EDGE('',*,*,#1505,.T.);
#2276=ORIENTED_EDGE('',*,*,#1695,.F.);
#2277=ORIENTED_EDGE('',*,*,#1676,.T.);
#2278=ORIENTED_EDGE('',*,*,#1695,.T.);
#2279=ORIENTED_EDGE('',*,*,#1504,.T.);
#2280=ORIENTED_EDGE('',*,*,#1696,.F.);
#2281=ORIENTED_EDGE('',*,*,#1677,.T.);
#2282=ORIENTED_EDGE('',*,*,#1696,.T.);
#2283=ORIENTED_EDGE('',*,*,#1503,.T.);
#2284=ORIENTED_EDGE('',*,*,#1697,.F.);
#2285=ORIENTED_EDGE('',*,*,#1658,.T.);
#2286=ORIENTED_EDGE('',*,*,#1697,.T.);
#2287=ORIENTED_EDGE('',*,*,#1502,.T.);
#2288=ORIENTED_EDGE('',*,*,#1678,.F.);
#2289=ORIENTED_EDGE('',*,*,#1698,.T.);
#2290=ORIENTED_EDGE('',*,*,#1656,.F.);
#2291=ORIENTED_EDGE('',*,*,#1654,.F.);
#2292=ORIENTED_EDGE('',*,*,#1480,.T.);
#2293=ORIENTED_EDGE('',*,*,#1698,.F.);
#2294=ORIENTED_EDGE('',*,*,#1479,.T.);
#2295=ORIENTED_EDGE('',*,*,#1612,.F.);
#2296=ORIENTED_EDGE('',*,*,#1657,.F.);
#2297=ORIENTED_EDGE('',*,*,#1424,.T.);
#2298=ORIENTED_EDGE('',*,*,#1493,.F.);
#2299=ORIENTED_EDGE('',*,*,#1379,.T.);
#2300=ORIENTED_EDGE('',*,*,#1414,.F.);
#2301=ORIENTED_EDGE('',*,*,#1519,.T.);
#2302=ORIENTED_EDGE('',*,*,#1495,.F.);
#2303=ORIENTED_EDGE('',*,*,#1555,.T.);
#2304=ORIENTED_EDGE('',*,*,#1553,.F.);
#2305=ORIENTED_EDGE('',*,*,#1448,.F.);
#2306=ORIENTED_EDGE('',*,*,#1699,.T.);
#2307=ORIENTED_EDGE('',*,*,#1405,.F.);
#2308=ORIENTED_EDGE('',*,*,#1700,.F.);
#2309=ORIENTED_EDGE('',*,*,#1582,.F.);
#2310=ORIENTED_EDGE('',*,*,#1701,.T.);
#2311=ORIENTED_EDGE('',*,*,#1534,.F.);
#2312=ORIENTED_EDGE('',*,*,#1702,.F.);
#2313=ORIENTED_EDGE('',*,*,#1449,.F.);
#2314=ORIENTED_EDGE('',*,*,#1700,.T.);
#2315=ORIENTED_EDGE('',*,*,#1404,.F.);
#2316=ORIENTED_EDGE('',*,*,#1703,.F.);
#2317=ORIENTED_EDGE('',*,*,#1581,.F.);
#2318=ORIENTED_EDGE('',*,*,#1704,.T.);
#2319=ORIENTED_EDGE('',*,*,#1535,.F.);
#2320=ORIENTED_EDGE('',*,*,#1701,.F.);
#2321=ORIENTED_EDGE('',*,*,#1450,.F.);
#2322=ORIENTED_EDGE('',*,*,#1703,.T.);
#2323=ORIENTED_EDGE('',*,*,#1403,.F.);
#2324=ORIENTED_EDGE('',*,*,#1705,.F.);
#2325=ORIENTED_EDGE('',*,*,#1580,.F.);
#2326=ORIENTED_EDGE('',*,*,#1706,.T.);
#2327=ORIENTED_EDGE('',*,*,#1536,.F.);
#2328=ORIENTED_EDGE('',*,*,#1704,.F.);
#2329=ORIENTED_EDGE('',*,*,#1431,.F.);
#2330=ORIENTED_EDGE('',*,*,#1705,.T.);
#2331=ORIENTED_EDGE('',*,*,#1402,.F.);
#2332=ORIENTED_EDGE('',*,*,#1707,.F.);
#2333=ORIENTED_EDGE('',*,*,#1579,.F.);
#2334=ORIENTED_EDGE('',*,*,#1708,.T.);
#2335=ORIENTED_EDGE('',*,*,#1537,.F.);
#2336=ORIENTED_EDGE('',*,*,#1706,.F.);
#2337=ORIENTED_EDGE('',*,*,#1432,.F.);
#2338=ORIENTED_EDGE('',*,*,#1707,.T.);
#2339=ORIENTED_EDGE('',*,*,#1401,.F.);
#2340=ORIENTED_EDGE('',*,*,#1709,.F.);
#2341=ORIENTED_EDGE('',*,*,#1578,.F.);
#2342=ORIENTED_EDGE('',*,*,#1710,.T.);
#2343=ORIENTED_EDGE('',*,*,#1538,.F.);
#2344=ORIENTED_EDGE('',*,*,#1708,.F.);
#2345=ORIENTED_EDGE('',*,*,#1433,.F.);
#2346=ORIENTED_EDGE('',*,*,#1709,.T.);
#2347=ORIENTED_EDGE('',*,*,#1400,.F.);
#2348=ORIENTED_EDGE('',*,*,#1711,.F.);
#2349=ORIENTED_EDGE('',*,*,#1577,.F.);
#2350=ORIENTED_EDGE('',*,*,#1712,.T.);
#2351=ORIENTED_EDGE('',*,*,#1539,.F.);
#2352=ORIENTED_EDGE('',*,*,#1710,.F.);
#2353=ORIENTED_EDGE('',*,*,#1434,.F.);
#2354=ORIENTED_EDGE('',*,*,#1711,.T.);
#2355=ORIENTED_EDGE('',*,*,#1399,.F.);
#2356=ORIENTED_EDGE('',*,*,#1713,.F.);
#2357=ORIENTED_EDGE('',*,*,#1576,.F.);
#2358=ORIENTED_EDGE('',*,*,#1714,.T.);
#2359=ORIENTED_EDGE('',*,*,#1540,.F.);
#2360=ORIENTED_EDGE('',*,*,#1712,.F.);
#2361=ORIENTED_EDGE('',*,*,#1435,.F.);
#2362=ORIENTED_EDGE('',*,*,#1713,.T.);
#2363=ORIENTED_EDGE('',*,*,#1398,.F.);
#2364=ORIENTED_EDGE('',*,*,#1715,.F.);
#2365=ORIENTED_EDGE('',*,*,#1575,.F.);
#2366=ORIENTED_EDGE('',*,*,#1716,.T.);
#2367=ORIENTED_EDGE('',*,*,#1541,.F.);
#2368=ORIENTED_EDGE('',*,*,#1714,.F.);
#2369=ORIENTED_EDGE('',*,*,#1436,.F.);
#2370=ORIENTED_EDGE('',*,*,#1715,.T.);
#2371=ORIENTED_EDGE('',*,*,#1397,.F.);
#2372=ORIENTED_EDGE('',*,*,#1717,.F.);
#2373=ORIENTED_EDGE('',*,*,#1574,.F.);
#2374=ORIENTED_EDGE('',*,*,#1718,.T.);
#2375=ORIENTED_EDGE('',*,*,#1542,.F.);
#2376=ORIENTED_EDGE('',*,*,#1716,.F.);
#2377=ORIENTED_EDGE('',*,*,#1437,.F.);
#2378=ORIENTED_EDGE('',*,*,#1717,.T.);
#2379=ORIENTED_EDGE('',*,*,#1396,.F.);
#2380=ORIENTED_EDGE('',*,*,#1719,.F.);
#2381=ORIENTED_EDGE('',*,*,#1573,.F.);
#2382=ORIENTED_EDGE('',*,*,#1720,.T.);
#2383=ORIENTED_EDGE('',*,*,#1543,.F.);
#2384=ORIENTED_EDGE('',*,*,#1718,.F.);
#2385=ORIENTED_EDGE('',*,*,#1438,.F.);
#2386=ORIENTED_EDGE('',*,*,#1719,.T.);
#2387=ORIENTED_EDGE('',*,*,#1395,.F.);
#2388=ORIENTED_EDGE('',*,*,#1721,.F.);
#2389=ORIENTED_EDGE('',*,*,#1572,.F.);
#2390=ORIENTED_EDGE('',*,*,#1722,.T.);
#2391=ORIENTED_EDGE('',*,*,#1544,.F.);
#2392=ORIENTED_EDGE('',*,*,#1720,.F.);
#2393=ORIENTED_EDGE('',*,*,#1439,.F.);
#2394=ORIENTED_EDGE('',*,*,#1721,.T.);
#2395=ORIENTED_EDGE('',*,*,#1394,.F.);
#2396=ORIENTED_EDGE('',*,*,#1723,.F.);
#2397=ORIENTED_EDGE('',*,*,#1571,.F.);
#2398=ORIENTED_EDGE('',*,*,#1724,.T.);
#2399=ORIENTED_EDGE('',*,*,#1545,.F.);
#2400=ORIENTED_EDGE('',*,*,#1722,.F.);
#2401=ORIENTED_EDGE('',*,*,#1440,.F.);
#2402=ORIENTED_EDGE('',*,*,#1723,.T.);
#2403=ORIENTED_EDGE('',*,*,#1413,.F.);
#2404=ORIENTED_EDGE('',*,*,#1725,.F.);
#2405=ORIENTED_EDGE('',*,*,#1570,.F.);
#2406=ORIENTED_EDGE('',*,*,#1726,.T.);
#2407=ORIENTED_EDGE('',*,*,#1546,.F.);
#2408=ORIENTED_EDGE('',*,*,#1724,.F.);
#2409=ORIENTED_EDGE('',*,*,#1441,.F.);
#2410=ORIENTED_EDGE('',*,*,#1725,.T.);
#2411=ORIENTED_EDGE('',*,*,#1412,.F.);
#2412=ORIENTED_EDGE('',*,*,#1727,.F.);
#2413=ORIENTED_EDGE('',*,*,#1569,.F.);
#2414=ORIENTED_EDGE('',*,*,#1728,.T.);
#2415=ORIENTED_EDGE('',*,*,#1547,.F.);
#2416=ORIENTED_EDGE('',*,*,#1726,.F.);
#2417=ORIENTED_EDGE('',*,*,#1442,.F.);
#2418=ORIENTED_EDGE('',*,*,#1727,.T.);
#2419=ORIENTED_EDGE('',*,*,#1411,.F.);
#2420=ORIENTED_EDGE('',*,*,#1729,.F.);
#2421=ORIENTED_EDGE('',*,*,#1568,.F.);
#2422=ORIENTED_EDGE('',*,*,#1730,.T.);
#2423=ORIENTED_EDGE('',*,*,#1548,.F.);
#2424=ORIENTED_EDGE('',*,*,#1728,.F.);
#2425=ORIENTED_EDGE('',*,*,#1443,.F.);
#2426=ORIENTED_EDGE('',*,*,#1729,.T.);
#2427=ORIENTED_EDGE('',*,*,#1410,.F.);
#2428=ORIENTED_EDGE('',*,*,#1731,.F.);
#2429=ORIENTED_EDGE('',*,*,#1587,.F.);
#2430=ORIENTED_EDGE('',*,*,#1732,.T.);
#2431=ORIENTED_EDGE('',*,*,#1549,.F.);
#2432=ORIENTED_EDGE('',*,*,#1730,.F.);
#2433=ORIENTED_EDGE('',*,*,#1444,.F.);
#2434=ORIENTED_EDGE('',*,*,#1731,.T.);
#2435=ORIENTED_EDGE('',*,*,#1409,.F.);
#2436=ORIENTED_EDGE('',*,*,#1733,.F.);
#2437=ORIENTED_EDGE('',*,*,#1586,.F.);
#2438=ORIENTED_EDGE('',*,*,#1734,.T.);
#2439=ORIENTED_EDGE('',*,*,#1550,.F.);
#2440=ORIENTED_EDGE('',*,*,#1732,.F.);
#2441=ORIENTED_EDGE('',*,*,#1445,.F.);
#2442=ORIENTED_EDGE('',*,*,#1733,.T.);
#2443=ORIENTED_EDGE('',*,*,#1408,.F.);
#2444=ORIENTED_EDGE('',*,*,#1735,.F.);
#2445=ORIENTED_EDGE('',*,*,#1585,.F.);
#2446=ORIENTED_EDGE('',*,*,#1736,.T.);
#2447=ORIENTED_EDGE('',*,*,#1551,.F.);
#2448=ORIENTED_EDGE('',*,*,#1734,.F.);
#2449=ORIENTED_EDGE('',*,*,#1446,.F.);
#2450=ORIENTED_EDGE('',*,*,#1735,.T.);
#2451=ORIENTED_EDGE('',*,*,#1407,.F.);
#2452=ORIENTED_EDGE('',*,*,#1737,.F.);
#2453=ORIENTED_EDGE('',*,*,#1584,.F.);
#2454=ORIENTED_EDGE('',*,*,#1738,.T.);
#2455=ORIENTED_EDGE('',*,*,#1532,.F.);
#2456=ORIENTED_EDGE('',*,*,#1736,.F.);
#2457=ORIENTED_EDGE('',*,*,#1447,.F.);
#2458=ORIENTED_EDGE('',*,*,#1737,.T.);
#2459=ORIENTED_EDGE('',*,*,#1406,.F.);
#2460=ORIENTED_EDGE('',*,*,#1699,.F.);
#2461=ORIENTED_EDGE('',*,*,#1583,.F.);
#2462=ORIENTED_EDGE('',*,*,#1702,.T.);
#2463=ORIENTED_EDGE('',*,*,#1533,.F.);
#2464=ORIENTED_EDGE('',*,*,#1738,.F.);
#2465=CYLINDRICAL_SURFACE('',#2606,10.5);
#2466=ADVANCED_FACE('',(#149),#2465,.F.);
#2467=ADVANCED_FACE('',(#150,#15),#24,.T.);
#2468=ADVANCED_FACE('',(#151),#25,.T.);
#2469=ADVANCED_FACE('',(#152,#16),#26,.T.);
#2470=ADVANCED_FACE('',(#153),#27,.T.);
#2471=ADVANCED_FACE('',(#154),#28,.T.);
#2472=ADVANCED_FACE('',(#155),#29,.T.);
#2473=ADVANCED_FACE('',(#156),#30,.T.);
#2474=ADVANCED_FACE('',(#157),#31,.T.);
#2475=ADVANCED_FACE('',(#158),#32,.T.);
#2476=ADVANCED_FACE('',(#159),#33,.T.);
#2477=ADVANCED_FACE('',(#160),#34,.T.);
#2478=ADVANCED_FACE('',(#161),#35,.T.);
#2479=ADVANCED_FACE('',(#162),#36,.T.);
#2480=ADVANCED_FACE('',(#163),#37,.T.);
#2481=ADVANCED_FACE('',(#164),#38,.T.);
#2482=ADVANCED_FACE('',(#165,#17,#18,#19),#39,.T.);
#2483=ADVANCED_FACE('',(#166,#20),#40,.T.);
#2484=ADVANCED_FACE('',(#167),#41,.T.);
#2485=ADVANCED_FACE('',(#168,#21),#42,.T.);
#2486=ADVANCED_FACE('',(#169),#43,.T.);
#2487=ADVANCED_FACE('',(#170),#44,.T.);
#2488=ADVANCED_FACE('',(#171),#45,.T.);
#2489=ADVANCED_FACE('',(#172),#46,.T.);
#2490=ADVANCED_FACE('',(#173),#47,.T.);
#2491=ADVANCED_FACE('',(#174),#48,.T.);
#2492=ADVANCED_FACE('',(#175),#49,.T.);
#2493=ADVANCED_FACE('',(#176),#50,.T.);
#2494=ADVANCED_FACE('',(#177),#51,.T.);
#2495=ADVANCED_FACE('',(#178),#52,.T.);
#2496=ADVANCED_FACE('',(#179),#53,.T.);
#2497=ADVANCED_FACE('',(#180),#54,.T.);
#2498=ADVANCED_FACE('',(#181),#55,.T.);
#2499=ADVANCED_FACE('',(#182),#56,.T.);
#2500=ADVANCED_FACE('',(#183),#57,.T.);
#2501=ADVANCED_FACE('',(#184),#58,.T.);
#2502=ADVANCED_FACE('',(#185),#59,.T.);
#2503=ADVANCED_FACE('',(#186),#60,.T.);
#2504=ADVANCED_FACE('',(#187),#61,.T.);
#2505=ADVANCED_FACE('',(#188),#62,.T.);
#2506=ADVANCED_FACE('',(#189),#63,.T.);
#2507=ADVANCED_FACE('',(#190),#64,.T.);
#2508=ADVANCED_FACE('',(#191),#65,.T.);
#2509=ADVANCED_FACE('',(#192),#66,.T.);
#2510=ADVANCED_FACE('',(#193),#67,.T.);
#2511=ADVANCED_FACE('',(#194),#68,.T.);
#2512=ADVANCED_FACE('',(#195),#69,.T.);
#2513=ADVANCED_FACE('',(#196),#70,.T.);
#2514=ADVANCED_FACE('',(#197),#71,.T.);
#2515=ADVANCED_FACE('',(#198),#72,.T.);
#2516=ADVANCED_FACE('',(#199),#73,.T.);
#2517=ADVANCED_FACE('',(#200),#74,.T.);
#2518=ADVANCED_FACE('',(#201),#75,.T.);
#2519=ADVANCED_FACE('',(#202),#76,.T.);
#2520=ADVANCED_FACE('',(#203),#77,.T.);
#2521=ADVANCED_FACE('',(#204),#78,.T.);
#2522=ADVANCED_FACE('',(#205),#79,.T.);
#2523=ADVANCED_FACE('',(#206),#80,.T.);
#2524=ADVANCED_FACE('',(#207),#81,.T.);
#2525=ADVANCED_FACE('',(#208),#82,.T.);
#2526=ADVANCED_FACE('',(#209,#22),#83,.T.);
#2527=ADVANCED_FACE('',(#210,#23),#84,.T.);
#2528=ADVANCED_FACE('',(#211),#85,.T.);
#2529=ADVANCED_FACE('',(#212),#86,.T.);
#2530=ADVANCED_FACE('',(#213),#87,.T.);
#2531=ADVANCED_FACE('',(#214),#88,.T.);
#2532=ADVANCED_FACE('',(#215),#89,.T.);
#2533=ADVANCED_FACE('',(#216),#90,.T.);
#2534=ADVANCED_FACE('',(#217),#91,.T.);
#2535=ADVANCED_FACE('',(#218),#92,.T.);
#2536=ADVANCED_FACE('',(#219),#93,.T.);
#2537=ADVANCED_FACE('',(#220),#94,.T.);
#2538=ADVANCED_FACE('',(#221),#95,.T.);
#2539=ADVANCED_FACE('',(#222),#96,.T.);
#2540=ADVANCED_FACE('',(#223),#97,.T.);
#2541=ADVANCED_FACE('',(#224),#98,.T.);
#2542=ADVANCED_FACE('',(#225),#99,.T.);
#2543=ADVANCED_FACE('',(#226),#100,.T.);
#2544=ADVANCED_FACE('',(#227),#101,.T.);
#2545=ADVANCED_FACE('',(#228),#102,.T.);
#2546=ADVANCED_FACE('',(#229),#103,.T.);
#2547=ADVANCED_FACE('',(#230),#104,.T.);
#2548=ADVANCED_FACE('',(#231),#105,.T.);
#2549=ADVANCED_FACE('',(#232),#106,.T.);
#2550=ADVANCED_FACE('',(#233),#107,.T.);
#2551=ADVANCED_FACE('',(#234),#108,.T.);
#2552=ADVANCED_FACE('',(#235),#109,.T.);
#2553=ADVANCED_FACE('',(#236),#110,.T.);
#2554=ADVANCED_FACE('',(#237),#111,.T.);
#2555=ADVANCED_FACE('',(#238),#112,.T.);
#2556=ADVANCED_FACE('',(#239),#113,.T.);
#2557=ADVANCED_FACE('',(#240),#114,.T.);
#2558=ADVANCED_FACE('',(#241),#115,.T.);
#2559=ADVANCED_FACE('',(#242),#116,.T.);
#2560=ADVANCED_FACE('',(#243),#117,.T.);
#2561=ADVANCED_FACE('',(#244),#118,.T.);
#2562=ADVANCED_FACE('',(#245),#119,.T.);
#2563=ADVANCED_FACE('',(#246),#120,.T.);
#2564=ADVANCED_FACE('',(#247),#121,.T.);
#2565=ADVANCED_FACE('',(#248),#122,.T.);
#2566=ADVANCED_FACE('',(#249),#123,.T.);
#2567=ADVANCED_FACE('',(#250),#124,.T.);
#2568=ADVANCED_FACE('',(#251),#125,.T.);
#2569=ADVANCED_FACE('',(#252),#126,.T.);
#2570=ADVANCED_FACE('',(#253),#127,.T.);
#2571=ADVANCED_FACE('',(#254),#128,.T.);
#2572=ADVANCED_FACE('',(#255),#129,.T.);
#2573=ADVANCED_FACE('',(#256),#130,.T.);
#2574=ADVANCED_FACE('',(#257),#131,.T.);
#2575=ADVANCED_FACE('',(#258),#132,.T.);
#2576=ADVANCED_FACE('',(#259),#133,.T.);
#2577=ADVANCED_FACE('',(#260),#134,.T.);
#2578=ADVANCED_FACE('',(#261),#135,.T.);
#2579=ADVANCED_FACE('',(#262),#136,.T.);
#2580=ADVANCED_FACE('',(#263),#137,.T.);
#2581=ADVANCED_FACE('',(#264),#138,.T.);
#2582=ADVANCED_FACE('',(#265),#139,.T.);
#2583=ADVANCED_FACE('',(#266),#140,.T.);
#2584=ADVANCED_FACE('',(#267),#141,.T.);
#2585=ADVANCED_FACE('',(#268),#142,.T.);
#2586=ADVANCED_FACE('',(#269),#143,.T.);
#2587=ADVANCED_FACE('',(#270),#144,.T.);
#2588=ADVANCED_FACE('',(#271),#145,.T.);
#2589=ADVANCED_FACE('',(#272),#146,.T.);
#2590=ADVANCED_FACE('',(#273),#147,.T.);
#2591=ADVANCED_FACE('',(#274),#148,.T.);
#2592=CLOSED_SHELL('',(#2466,#2467,#2468,#2469,#2470,#2471,#2472,#2473,
#2474,#2475,#2476,#2477,#2478,#2479,#2480,#2481,#2482,#2483,#2484,#2485,
#2486,#2487,#2488,#2489,#2490,#2491,#2492,#2493,#2494,#2495,#2496,#2497,
#2498,#2499,#2500,#2501,#2502,#2503,#2504,#2505,#2506,#2507,#2508,#2509,
#2510,#2511,#2512,#2513,#2514,#2515,#2516,#2517,#2518,#2519,#2520,#2521,
#2522,#2523,#2524,#2525,#2526,#2527,#2528,#2529,#2530,#2531,#2532,#2533,
#2534,#2535,#2536,#2537,#2538,#2539,#2540,#2541,#2542,#2543,#2544,#2545,
#2546,#2547,#2548,#2549,#2550,#2551,#2552,#2553,#2554,#2555,#2556,#2557,
#2558,#2559,#2560,#2561,#2562,#2563,#2564,#2565,#2566,#2567,#2568,#2569,
#2570,#2571,#2572,#2573,#2574,#2575,#2576,#2577,#2578,#2579,#2580,#2581,
#2582,#2583,#2584,#2585,#2586,#2587,#2588,#2589,#2590,#2591));
#2593=DERIVED_UNIT_ELEMENT(#2595,1.);
#2594=DERIVED_UNIT_ELEMENT(#4090,-3.);
#2595=(
MASS_UNIT()
NAMED_UNIT(*)
SI_UNIT(.KILO.,.GRAM.)
);
#2596=DERIVED_UNIT((#2593,#2594));
#2597=MEASURE_REPRESENTATION_ITEM('density measure',
POSITIVE_RATIO_MEASURE(7850.),#2596);
#2598=PROPERTY_DEFINITION_REPRESENTATION(#2603,#2600);
#2599=PROPERTY_DEFINITION_REPRESENTATION(#2604,#2601);
#2600=REPRESENTATION('material name',(#2602),#4087);
#2601=REPRESENTATION('density',(#2597),#4087);
#2602=DESCRIPTIVE_REPRESENTATION_ITEM('Steel','Steel');
#2603=PROPERTY_DEFINITION('material property','material name',#4097);
#2604=PROPERTY_DEFINITION('material property','density of part',#4097);
#2605=AXIS2_PLACEMENT_3D('',#3353,#2734,#2735);
#2606=AXIS2_PLACEMENT_3D('',#3354,#2736,#2737);
#2607=AXIS2_PLACEMENT_3D('',#3356,#2738,#2739);
#2608=AXIS2_PLACEMENT_3D('',#3359,#2741,#2742);
#2609=AXIS2_PLACEMENT_3D('',#3360,#2743,#2744);
#2610=AXIS2_PLACEMENT_3D('',#3431,#2780,#2781);
#2611=AXIS2_PLACEMENT_3D('',#3437,#2785,#2786);
#2612=AXIS2_PLACEMENT_3D('',#3505,#2821,#2822);
#2613=AXIS2_PLACEMENT_3D('',#3507,#2824,#2825);
#2614=AXIS2_PLACEMENT_3D('',#3509,#2827,#2828);
#2615=AXIS2_PLACEMENT_3D('',#3511,#2830,#2831);
#2616=AXIS2_PLACEMENT_3D('',#3513,#2833,#2834);
#2617=AXIS2_PLACEMENT_3D('',#3515,#2836,#2837);
#2618=AXIS2_PLACEMENT_3D('',#3517,#2839,#2840);
#2619=AXIS2_PLACEMENT_3D('',#3519,#2842,#2843);
#2620=AXIS2_PLACEMENT_3D('',#3521,#2845,#2846);
#2621=AXIS2_PLACEMENT_3D('',#3523,#2848,#2849);
#2622=AXIS2_PLACEMENT_3D('',#3525,#2851,#2852);
#2623=AXIS2_PLACEMENT_3D('',#3527,#2854,#2855);
#2624=AXIS2_PLACEMENT_3D('',#3529,#2857,#2858);
#2625=AXIS2_PLACEMENT_3D('',#3639,#2914,#2915);
#2626=AXIS2_PLACEMENT_3D('',#3707,#2950,#2951);
#2627=AXIS2_PLACEMENT_3D('',#3713,#2955,#2956);
#2628=AXIS2_PLACEMENT_3D('',#3778,#2990,#2991);
#2629=AXIS2_PLACEMENT_3D('',#3780,#2993,#2994);
#2630=AXIS2_PLACEMENT_3D('',#3782,#2996,#2997);
#2631=AXIS2_PLACEMENT_3D('',#3784,#2999,#3000);
#2632=AXIS2_PLACEMENT_3D('',#3786,#3002,#3003);
#2633=AXIS2_PLACEMENT_3D('',#3788,#3005,#3006);
#2634=AXIS2_PLACEMENT_3D('',#3790,#3008,#3009);
#2635=AXIS2_PLACEMENT_3D('',#3792,#3011,#3012);
#2636=AXIS2_PLACEMENT_3D('',#3794,#3014,#3015);
#2637=AXIS2_PLACEMENT_3D('',#3796,#3017,#3018);
#2638=AXIS2_PLACEMENT_3D('',#3798,#3020,#3021);
#2639=AXIS2_PLACEMENT_3D('',#3800,#3023,#3024);
#2640=AXIS2_PLACEMENT_3D('',#3801,#3025,#3026);
#2641=AXIS2_PLACEMENT_3D('',#3807,#3030,#3031);
#2642=AXIS2_PLACEMENT_3D('',#3811,#3034,#3035);
#2643=AXIS2_PLACEMENT_3D('',#3815,#3038,#3039);
#2644=AXIS2_PLACEMENT_3D('',#3819,#3042,#3043);
#2645=AXIS2_PLACEMENT_3D('',#3823,#3046,#3047);
#2646=AXIS2_PLACEMENT_3D('',#3827,#3050,#3051);
#2647=AXIS2_PLACEMENT_3D('',#3833,#3055,#3056);
#2648=AXIS2_PLACEMENT_3D('',#3837,#3059,#3060);
#2649=AXIS2_PLACEMENT_3D('',#3841,#3063,#3064);
#2650=AXIS2_PLACEMENT_3D('',#3845,#3067,#3068);
#2651=AXIS2_PLACEMENT_3D('',#3849,#3071,#3072);
#2652=AXIS2_PLACEMENT_3D('',#3853,#3075,#3076);
#2653=AXIS2_PLACEMENT_3D('',#3857,#3079,#3080);
#2654=AXIS2_PLACEMENT_3D('',#3861,#3083,#3084);
#2655=AXIS2_PLACEMENT_3D('',#3865,#3087,#3088);
#2656=AXIS2_PLACEMENT_3D('',#3869,#3091,#3092);
#2657=AXIS2_PLACEMENT_3D('',#3873,#3095,#3096);
#2658=AXIS2_PLACEMENT_3D('',#3877,#3099,#3100);
#2659=AXIS2_PLACEMENT_3D('',#3881,#3103,#3104);
#2660=AXIS2_PLACEMENT_3D('',#3885,#3107,#3108);
#2661=AXIS2_PLACEMENT_3D('',#3889,#3111,#3112);
#2662=AXIS2_PLACEMENT_3D('',#3893,#3115,#3116);
#2663=AXIS2_PLACEMENT_3D('',#3897,#3119,#3120);
#2664=AXIS2_PLACEMENT_3D('',#3901,#3123,#3124);
#2665=AXIS2_PLACEMENT_3D('',#3905,#3127,#3128);
#2666=AXIS2_PLACEMENT_3D('',#3909,#3131,#3132);
#2667=AXIS2_PLACEMENT_3D('',#3911,#3134,#3135);
#2668=AXIS2_PLACEMENT_3D('',#3915,#3138,#3139);
#2669=AXIS2_PLACEMENT_3D('',#3919,#3142,#3143);
#2670=AXIS2_PLACEMENT_3D('',#3960,#3164,#3165);
#2671=AXIS2_PLACEMENT_3D('',#3963,#3168,#3169);
#2672=AXIS2_PLACEMENT_3D('',#3965,#3171,#3172);
#2673=AXIS2_PLACEMENT_3D('',#3967,#3174,#3175);
#2674=AXIS2_PLACEMENT_3D('',#3969,#3177,#3178);
#2675=AXIS2_PLACEMENT_3D('',#3971,#3180,#3181);
#2676=AXIS2_PLACEMENT_3D('',#3973,#3183,#3184);
#2677=AXIS2_PLACEMENT_3D('',#3975,#3186,#3187);
#2678=AXIS2_PLACEMENT_3D('',#3977,#3189,#3190);
#2679=AXIS2_PLACEMENT_3D('',#3979,#3192,#3193);
#2680=AXIS2_PLACEMENT_3D('',#3981,#3195,#3196);
#2681=AXIS2_PLACEMENT_3D('',#3983,#3198,#3199);
#2682=AXIS2_PLACEMENT_3D('',#3985,#3201,#3202);
#2683=AXIS2_PLACEMENT_3D('',#3987,#3204,#3205);
#2684=AXIS2_PLACEMENT_3D('',#3989,#3207,#3208);
#2685=AXIS2_PLACEMENT_3D('',#3991,#3210,#3211);
#2686=AXIS2_PLACEMENT_3D('',#3993,#3213,#3214);
#2687=AXIS2_PLACEMENT_3D('',#3995,#3216,#3217);
#2688=AXIS2_PLACEMENT_3D('',#3997,#3219,#3220);
#2689=AXIS2_PLACEMENT_3D('',#3999,#3222,#3223);
#2690=AXIS2_PLACEMENT_3D('',#4000,#3224,#3225);
#2691=AXIS2_PLACEMENT_3D('',#4002,#3227,#3228);
#2692=AXIS2_PLACEMENT_3D('',#4003,#3229,#3230);
#2693=AXIS2_PLACEMENT_3D('',#4004,#3231,#3232);
#2694=AXIS2_PLACEMENT_3D('',#4005,#3233,#3234);
#2695=AXIS2_PLACEMENT_3D('',#4008,#3237,#3238);
#2696=AXIS2_PLACEMENT_3D('',#4011,#3241,#3242);
#2697=AXIS2_PLACEMENT_3D('',#4013,#3244,#3245);
#2698=AXIS2_PLACEMENT_3D('',#4015,#3247,#3248);
#2699=AXIS2_PLACEMENT_3D('',#4017,#3250,#3251);
#2700=AXIS2_PLACEMENT_3D('',#4019,#3253,#3254);
#2701=AXIS2_PLACEMENT_3D('',#4021,#3256,#3257);
#2702=AXIS2_PLACEMENT_3D('',#4023,#3259,#3260);
#2703=AXIS2_PLACEMENT_3D('',#4025,#3262,#3263);
#2704=AXIS2_PLACEMENT_3D('',#4027,#3265,#3266);
#2705=AXIS2_PLACEMENT_3D('',#4029,#3268,#3269);
#2706=AXIS2_PLACEMENT_3D('',#4031,#3271,#3272);
#2707=AXIS2_PLACEMENT_3D('',#4033,#3274,#3275);
#2708=AXIS2_PLACEMENT_3D('',#4035,#3277,#3278);
#2709=AXIS2_PLACEMENT_3D('',#4037,#3280,#3281);
#2710=AXIS2_PLACEMENT_3D('',#4039,#3283,#3284);
#2711=AXIS2_PLACEMENT_3D('',#4041,#3286,#3287);
#2712=AXIS2_PLACEMENT_3D('',#4043,#3289,#3290);
#2713=AXIS2_PLACEMENT_3D('',#4045,#3292,#3293);
#2714=AXIS2_PLACEMENT_3D('',#4047,#3295,#3296);
#2715=AXIS2_PLACEMENT_3D('',#4049,#3298,#3299);
#2716=AXIS2_PLACEMENT_3D('',#4051,#3301,#3302);
#2717=AXIS2_PLACEMENT_3D('',#4053,#3304,#3305);
#2718=AXIS2_PLACEMENT_3D('',#4055,#3307,#3308);
#2719=AXIS2_PLACEMENT_3D('',#4057,#3310,#3311);
#2720=AXIS2_PLACEMENT_3D('',#4059,#3313,#3314);
#2721=AXIS2_PLACEMENT_3D('',#4061,#3316,#3317);
#2722=AXIS2_PLACEMENT_3D('',#4063,#3319,#3320);
#2723=AXIS2_PLACEMENT_3D('',#4065,#3322,#3323);
#2724=AXIS2_PLACEMENT_3D('',#4067,#3325,#3326);
#2725=AXIS2_PLACEMENT_3D('',#4069,#3328,#3329);
#2726=AXIS2_PLACEMENT_3D('',#4071,#3331,#3332);
#2727=AXIS2_PLACEMENT_3D('',#4073,#3334,#3335);
#2728=AXIS2_PLACEMENT_3D('',#4075,#3337,#3338);
#2729=AXIS2_PLACEMENT_3D('',#4077,#3340,#3341);
#2730=AXIS2_PLACEMENT_3D('',#4079,#3343,#3344);
#2731=AXIS2_PLACEMENT_3D('',#4081,#3346,#3347);
#2732=AXIS2_PLACEMENT_3D('',#4083,#3349,#3350);
#2733=AXIS2_PLACEMENT_3D('',#4084,#3351,#3352);
#2734=DIRECTION('axis',(0.,0.,1.));
#2735=DIRECTION('refdir',(1.,0.,0.));
#2736=DIRECTION('center_axis',(0.,1.,0.));
#2737=DIRECTION('ref_axis',(-1.,0.,0.));
#2738=DIRECTION('center_axis',(0.,1.,0.));
#2739=DIRECTION('ref_axis',(-1.,0.,0.));
#2740=DIRECTION('',(0.,1.,0.));
#2741=DIRECTION('center_axis',(0.,-1.,0.));
#2742=DIRECTION('ref_axis',(-1.,0.,0.));
#2743=DIRECTION('center_axis',(0.,0.,1.));
#2744=DIRECTION('ref_axis',(1.,0.,0.));
#2745=DIRECTION('',(0.,-1.,0.));
#2746=DIRECTION('',(1.,0.,0.));
#2747=DIRECTION('',(0.,1.,0.));
#2748=DIRECTION('',(-0.130526214488023,0.991444858442176,0.));
#2749=DIRECTION('',(-0.382683517563907,0.923879497220777,0.));
#2750=DIRECTION('',(-0.608761332825915,0.793353414094889,0.));
#2751=DIRECTION('',(-0.793353329479612,0.608761443098702,0.));
#2752=DIRECTION('',(-0.923879449932876,0.382683631726949,0.));
#2753=DIRECTION('',(-0.991444913646889,0.130525795165985,0.));
#2754=DIRECTION('',(-0.991444913646889,-0.130525795165985,0.));
#2755=DIRECTION('',(-0.923879449932876,-0.382683631726949,0.));
#2756=DIRECTION('',(-0.793353329479612,-0.608761443098702,0.));
#2757=DIRECTION('',(-0.608761332825915,-0.793353414094889,0.));
#2758=DIRECTION('',(-0.382683517563907,-0.923879497220777,0.));
#2759=DIRECTION('',(-0.130526214488023,-0.991444858442176,0.));
#2760=DIRECTION('',(0.453990574719966,-0.891006485983932,0.));
#2761=DIRECTION('',(0.156434420478016,-0.987688347653098,0.));
#2762=DIRECTION('',(-0.156434420478016,-0.987688347653098,0.));
#2763=DIRECTION('',(-0.453990574719966,-0.891006485983932,0.));
#2764=DIRECTION('',(-0.707106691535042,-0.707106870838042,0.));
#2765=DIRECTION('',(-0.891006468887844,-0.45399060827292,0.));
#2766=DIRECTION('',(-0.98768834984704,-0.156434406626006,0.));
#2767=DIRECTION('',(-0.98768834984704,0.156434406626006,0.));
#2768=DIRECTION('',(-0.891006468887844,0.45399060827292,0.));
#2769=DIRECTION('',(-0.707106691535042,0.707106870838042,0.));
#2770=DIRECTION('',(-0.453990574719966,0.891006485983932,0.));
#2771=DIRECTION('',(-0.156434420478016,0.987688347653098,0.));
#2772=DIRECTION('',(0.156434420478016,0.987688347653098,0.));
#2773=DIRECTION('',(0.453990574719966,0.891006485983932,0.));
#2774=DIRECTION('',(0.707106691535042,0.707106870838042,0.));
#2775=DIRECTION('',(0.891006468887844,0.45399060827292,0.));
#2776=DIRECTION('',(0.98768834984704,0.156434406626006,0.));
#2777=DIRECTION('',(0.98768834984704,-0.156434406626006,0.));
#2778=DIRECTION('',(0.891006468887844,-0.45399060827292,0.));
#2779=DIRECTION('',(0.707106691535042,-0.707106870838042,0.));
#2780=DIRECTION('center_axis',(0.991444858442176,-0.130526214488023,0.));
#2781=DIRECTION('ref_axis',(0.130526214488023,0.991444858442176,0.));
#2782=DIRECTION('',(0.,0.,1.));
#2783=DIRECTION('',(0.,0.,1.));
#2784=DIRECTION('',(0.130526214488023,0.991444858442176,0.));
#2785=DIRECTION('center_axis',(0.,0.,-1.));
#2786=DIRECTION('ref_axis',(-1.,0.,0.));
#2787=DIRECTION('',(0.923879449932876,-0.382683631726949,0.));
#2788=DIRECTION('',(0.793353329479612,-0.608761443098702,0.));
#2789=DIRECTION('',(0.608761332825915,-0.793353414094889,0.));
#2790=DIRECTION('',(0.382683517563907,-0.923879497220777,0.));
#2791=DIRECTION('',(0.130526214488023,-0.991444858442176,0.));
#2792=DIRECTION('',(0.,-1.,0.));
#2793=DIRECTION('',(-1.,0.,0.));
#2794=DIRECTION('',(0.,1.,0.));
#2795=DIRECTION('',(0.382683517563907,0.923879497220777,0.));
#2796=DIRECTION('',(0.608761332825915,0.793353414094889,0.));
#2797=DIRECTION('',(0.793353329479612,0.608761443098702,0.));
#2798=DIRECTION('',(0.923879449932876,0.382683631726949,0.));
#2799=DIRECTION('',(0.991444913646889,0.130525795165985,0.));
#2800=DIRECTION('',(0.991444913646889,-0.130525795165985,0.));
#2801=DIRECTION('',(0.891006468887844,-0.45399060827292,0.));
#2802=DIRECTION('',(0.98768834984704,-0.156434406626006,0.));
#2803=DIRECTION('',(0.98768834984704,0.156434406626006,0.));
#2804=DIRECTION('',(0.891006468887844,0.45399060827292,0.));
#2805=DIRECTION('',(0.707106691535042,0.707106870838042,0.));
#2806=DIRECTION('',(0.453990574719966,0.891006485983932,0.));
#2807=DIRECTION('',(0.156434420478016,0.987688347653098,0.));
#2808=DIRECTION('',(-0.156434420478016,0.987688347653098,0.));
#2809=DIRECTION('',(-0.453990574719966,0.891006485983932,0.));
#2810=DIRECTION('',(-0.707106691535042,0.707106870838042,0.));
#2811=DIRECTION('',(-0.891006468887844,0.45399060827292,0.));
#2812=DIRECTION('',(-0.98768834984704,0.156434406626006,0.));
#2813=DIRECTION('',(-0.98768834984704,-0.156434406626006,0.));
#2814=DIRECTION('',(-0.891006468887844,-0.45399060827292,0.));
#2815=DIRECTION('',(-0.707106691535042,-0.707106870838042,0.));
#2816=DIRECTION('',(-0.453990574719966,-0.891006485983932,0.));
#2817=DIRECTION('',(-0.156434420478016,-0.987688347653098,0.));
#2818=DIRECTION('',(0.156434420478016,-0.987688347653098,0.));
#2819=DIRECTION('',(0.453990574719966,-0.891006485983932,0.));
#2820=DIRECTION('',(0.707106691535042,-0.707106870838042,0.));
#2821=DIRECTION('center_axis',(0.923879497220776,-0.382683517563907,0.));
#2822=DIRECTION('ref_axis',(0.382683517563907,0.923879497220776,0.));
#2823=DIRECTION('',(0.,0.,1.));
#2824=DIRECTION('center_axis',(0.793353414094889,-0.608761332825915,0.));
#2825=DIRECTION('ref_axis',(0.608761332825914,0.793353414094889,0.));
#2826=DIRECTION('',(0.,0.,1.));
#2827=DIRECTION('center_axis',(0.608761443098702,-0.793353329479612,0.));
#2828=DIRECTION('ref_axis',(-0.793353329479612,-0.608761443098702,0.));
#2829=DIRECTION('',(0.,0.,1.));
#2830=DIRECTION('center_axis',(0.382683631726949,-0.923879449932876,0.));
#2831=DIRECTION('ref_axis',(-0.923879449932876,-0.382683631726949,0.));
#2832=DIRECTION('',(0.,0.,1.));
#2833=DIRECTION('center_axis',(0.130525795165985,-0.991444913646889,0.));
#2834=DIRECTION('ref_axis',(-0.991444913646889,-0.130525795165985,0.));
#2835=DIRECTION('',(0.,0.,1.));
#2836=DIRECTION('center_axis',(-0.130525795165985,-0.991444913646889,0.));
#2837=DIRECTION('ref_axis',(-0.991444913646889,0.130525795165985,0.));
#2838=DIRECTION('',(0.,0.,1.));
#2839=DIRECTION('center_axis',(-0.382683631726949,-0.923879449932876,0.));
#2840=DIRECTION('ref_axis',(-0.923879449932876,0.382683631726949,0.));
#2841=DIRECTION('',(0.,0.,1.));
#2842=DIRECTION('center_axis',(-0.608761443098702,-0.793353329479612,0.));
#2843=DIRECTION('ref_axis',(-0.793353329479612,0.608761443098702,0.));
#2844=DIRECTION('',(0.,0.,1.));
#2845=DIRECTION('center_axis',(-0.793353414094889,-0.608761332825915,0.));
#2846=DIRECTION('ref_axis',(0.608761332825914,-0.793353414094889,0.));
#2847=DIRECTION('',(0.,0.,1.));
#2848=DIRECTION('center_axis',(-0.923879497220776,-0.382683517563907,0.));
#2849=DIRECTION('ref_axis',(0.382683517563907,-0.923879497220776,0.));
#2850=DIRECTION('',(0.,0.,1.));
#2851=DIRECTION('center_axis',(-0.991444858442176,-0.130526214488023,0.));
#2852=DIRECTION('ref_axis',(0.130526214488023,-0.991444858442176,0.));
#2853=DIRECTION('',(0.,0.,1.));
#2854=DIRECTION('center_axis',(-1.,0.,0.));
#2855=DIRECTION('ref_axis',(0.,0.,-1.));
#2856=DIRECTION('',(0.,0.,1.));
#2857=DIRECTION('center_axis',(0.,-1.,0.));
#2858=DIRECTION('ref_axis',(0.,0.,-1.));
#2859=DIRECTION('',(0.561187135823872,0.,0.827688950382811));
#2860=DIRECTION('',(0.370138053524847,0.,0.928976760383616));
#2861=DIRECTION('',(0.161781971709072,0.,0.986826526614442));
#2862=DIRECTION('',(-0.0541387926113726,0.,0.998533420139047));
#2863=DIRECTION('',(-0.267528348892003,0.,0.963549989642011));
#2864=DIRECTION('',(-0.468408404324102,0.,0.883512063731192));
#2865=DIRECTION('',(-0.647386270143565,0.,0.762162067561488));
#2866=DIRECTION('',(-0.796093180741999,0.,0.605174063865999));
#2867=DIRECTION('',(-0.907575342745364,0.,0.419889267832169));
#2868=DIRECTION('',(-0.976620541630989,0.,0.214970504172998));
#2869=DIRECTION('',(-1.,0.,0.));
#2870=DIRECTION('',(-0.976620541630989,0.,-0.214970504172998));
#2871=DIRECTION('',(-0.907575342745364,0.,-0.419889267832169));
#2872=DIRECTION('',(-0.796093180741999,0.,-0.605174063865999));
#2873=DIRECTION('',(-0.647386270143565,0.,-0.762162067561488));
#2874=DIRECTION('',(-0.468408404324102,0.,-0.883512063731192));
#2875=DIRECTION('',(-0.267528348892003,0.,-0.963549989642011));
#2876=DIRECTION('',(-0.081158684137171,0.,-0.996701192930521));
#2877=DIRECTION('',(0.0270797213267489,0.,-0.999633277103591));
#2878=DIRECTION('',(0.161781971709072,0.,-0.986826526614442));
#2879=DIRECTION('',(0.370138053524847,0.,-0.928976760383616));
#2880=DIRECTION('',(0.561187135823872,0.,-0.827688950382811));
#2881=DIRECTION('',(0.725995464126721,0.,-0.687699488197736));
#2882=DIRECTION('',(0.856857249419093,0.,-0.515553735432056));
#2883=DIRECTION('',(0.947653155922128,0.,-0.319301575428043));
#2884=DIRECTION('',(0.994137943184129,0.,-0.108119146878014));
#2885=DIRECTION('',(0.994137943184129,0.,0.108119146878014));
#2886=DIRECTION('',(0.947653155922128,0.,0.319301575428043));
#2887=DIRECTION('',(0.856857249419093,0.,0.515553735432056));
#2888=DIRECTION('',(0.725995464126721,0.,0.687699488197736));
#2889=DIRECTION('',(0.,0.,-1.));
#2890=DIRECTION('',(1.,0.,0.));
#2891=DIRECTION('',(0.,0.,-1.));
#2892=DIRECTION('',(-1.,0.,0.));
#2893=DIRECTION('',(0.,0.,1.));
#2894=DIRECTION('',(-0.156434578770992,0.,-0.987688322581948));
#2895=DIRECTION('',(-0.453990424034902,0.,-0.891006562761807));
#2896=DIRECTION('',(-0.707106781186548,0.,-0.707106781186548));
#2897=DIRECTION('',(-0.891006562761807,0.,-0.453990424034902));
#2898=DIRECTION('',(-0.987688322581948,0.,-0.156434578770992));
#2899=DIRECTION('',(-0.987688322581948,0.,0.156434578770992));
#2900=DIRECTION('',(-0.891006562761807,0.,0.453990424034902));
#2901=DIRECTION('',(-0.707106781186548,0.,0.707106781186548));
#2902=DIRECTION('',(-0.453990424034902,0.,0.891006562761807));
#2903=DIRECTION('',(-0.156434578770992,0.,0.987688322581948));
#2904=DIRECTION('',(0.156434578770992,0.,0.987688322581948));
#2905=DIRECTION('',(0.453990424034902,0.,0.891006562761807));
#2906=DIRECTION('',(0.707106781186548,0.,0.707106781186548));
#2907=DIRECTION('',(0.891006562761807,0.,0.453990424034902));
#2908=DIRECTION('',(0.987688322581948,0.,0.156434578770992));
#2909=DIRECTION('',(0.987688322581948,0.,-0.156434578770992));
#2910=DIRECTION('',(0.891006562761807,0.,-0.453990424034902));
#2911=DIRECTION('',(0.707106781186548,0.,-0.707106781186548));
#2912=DIRECTION('',(0.453990424034902,0.,-0.891006562761807));
#2913=DIRECTION('',(0.156434578770992,0.,-0.987688322581948));
#2914=DIRECTION('center_axis',(0.,0.,-1.));
#2915=DIRECTION('ref_axis',(-1.,0.,0.));
#2916=DIRECTION('',(0.,-1.,0.));
#2917=DIRECTION('',(0.,1.,0.));
#2918=DIRECTION('',(0.130526214488023,0.991444858442176,0.));
#2919=DIRECTION('',(0.382683517563907,0.923879497220777,0.));
#2920=DIRECTION('',(0.608761332825915,0.793353414094889,0.));
#2921=DIRECTION('',(0.793353329479612,0.608761443098702,0.));
#2922=DIRECTION('',(0.923879449932876,0.382683631726949,0.));
#2923=DIRECTION('',(0.991444913646889,0.130525795165985,0.));
#2924=DIRECTION('',(0.991444913646889,-0.130525795165985,0.));
#2925=DIRECTION('',(0.923879449932876,-0.382683631726949,0.));
#2926=DIRECTION('',(0.793353329479612,-0.608761443098702,0.));
#2927=DIRECTION('',(0.608761332825915,-0.793353414094889,0.));
#2928=DIRECTION('',(0.382683517563907,-0.923879497220777,0.));
#2929=DIRECTION('',(0.130526214488023,-0.991444858442176,0.));
#2930=DIRECTION('',(-0.453990574719966,-0.891006485983932,0.));
#2931=DIRECTION('',(-0.156434420478016,-0.987688347653098,0.));
#2932=DIRECTION('',(0.156434420478016,-0.987688347653098,0.));
#2933=DIRECTION('',(0.453990574719966,-0.891006485983932,0.));
#2934=DIRECTION('',(0.707106691535042,-0.707106870838042,0.));
#2935=DIRECTION('',(0.891006468887844,-0.45399060827292,0.));
#2936=DIRECTION('',(0.98768834984704,-0.156434406626006,0.));
#2937=DIRECTION('',(0.98768834984704,0.156434406626006,0.));
#2938=DIRECTION('',(0.891006468887844,0.45399060827292,0.));
#2939=DIRECTION('',(0.707106691535042,0.707106870838042,0.));
#2940=DIRECTION('',(0.453990574719966,0.891006485983932,0.));
#2941=DIRECTION('',(0.156434420478016,0.987688347653098,0.));
#2942=DIRECTION('',(-0.156434420478016,0.987688347653098,0.));
#2943=DIRECTION('',(-0.453990574719966,0.891006485983932,0.));
#2944=DIRECTION('',(-0.707106691535042,0.707106870838042,0.));
#2945=DIRECTION('',(-0.891006468887844,0.45399060827292,0.));
#2946=DIRECTION('',(-0.98768834984704,0.156434406626006,0.));
#2947=DIRECTION('',(-0.98768834984704,-0.156434406626006,0.));
#2948=DIRECTION('',(-0.891006468887844,-0.45399060827292,0.));
#2949=DIRECTION('',(-0.707106691535042,-0.707106870838042,0.));
#2950=DIRECTION('center_axis',(0.991444858442176,-0.130526214488023,0.));
#2951=DIRECTION('ref_axis',(0.130526214488023,0.991444858442176,0.));
#2952=DIRECTION('',(0.,0.,-1.));
#2953=DIRECTION('',(0.,0.,1.));
#2954=DIRECTION('',(-0.130526214488023,-0.991444858442176,0.));
#2955=DIRECTION('center_axis',(0.,0.,1.));
#2956=DIRECTION('ref_axis',(1.,0.,0.));
#2957=DIRECTION('',(0.,-1.,0.));
#2958=DIRECTION('',(0.,1.,0.));
#2959=DIRECTION('',(-0.130526214488023,0.991444858442176,0.));
#2960=DIRECTION('',(-0.382683517563907,0.923879497220777,0.));
#2961=DIRECTION('',(-0.608761332825915,0.793353414094889,0.));
#2962=DIRECTION('',(-0.793353329479612,0.608761443098702,0.));
#2963=DIRECTION('',(-0.923879449932876,0.382683631726949,0.));
#2964=DIRECTION('',(-0.991444913646889,0.130525795165985,0.));
#2965=DIRECTION('',(-0.991444913646889,-0.130525795165985,0.));
#2966=DIRECTION('',(-0.923879449932876,-0.382683631726949,0.));
#2967=DIRECTION('',(-0.793353329479612,-0.608761443098702,0.));
#2968=DIRECTION('',(-0.608761332825915,-0.793353414094889,0.));
#2969=DIRECTION('',(-0.382683517563907,-0.923879497220777,0.));
#2970=DIRECTION('',(0.98768834984704,-0.156434406626006,0.));
#2971=DIRECTION('',(0.891006468887844,-0.45399060827292,0.));
#2972=DIRECTION('',(0.707106691535042,-0.707106870838042,0.));
#2973=DIRECTION('',(0.453990574719966,-0.891006485983932,0.));
#2974=DIRECTION('',(0.156434420478016,-0.987688347653098,0.));
#2975=DIRECTION('',(-0.156434420478016,-0.987688347653098,0.));
#2976=DIRECTION('',(-0.453990574719966,-0.891006485983932,0.));
#2977=DIRECTION('',(-0.707106691535042,-0.707106870838042,0.));
#2978=DIRECTION('',(-0.891006468887844,-0.45399060827292,0.));
#2979=DIRECTION('',(-0.98768834984704,-0.156434406626006,0.));
#2980=DIRECTION('',(-0.98768834984704,0.156434406626006,0.));
#2981=DIRECTION('',(-0.891006468887844,0.45399060827292,0.));
#2982=DIRECTION('',(-0.707106691535042,0.707106870838042,0.));
#2983=DIRECTION('',(-0.453990574719966,0.891006485983932,0.));
#2984=DIRECTION('',(-0.156434420478016,0.987688347653098,0.));
#2985=DIRECTION('',(0.156434420478016,0.987688347653098,0.));
#2986=DIRECTION('',(0.453990574719966,0.891006485983932,0.));
#2987=DIRECTION('',(0.707106691535042,0.707106870838042,0.));
#2988=DIRECTION('',(0.891006468887844,0.45399060827292,0.));
#2989=DIRECTION('',(0.98768834984704,0.156434406626006,0.));
#2990=DIRECTION('center_axis',(0.923879497220776,-0.382683517563907,0.));
#2991=DIRECTION('ref_axis',(0.382683517563907,0.923879497220776,0.));
#2992=DIRECTION('',(0.,0.,-1.));
#2993=DIRECTION('center_axis',(0.793353414094889,-0.608761332825915,0.));
#2994=DIRECTION('ref_axis',(0.608761332825914,0.793353414094889,0.));
#2995=DIRECTION('',(0.,0.,-1.));
#2996=DIRECTION('center_axis',(0.608761443098702,-0.793353329479612,0.));
#2997=DIRECTION('ref_axis',(-0.793353329479612,-0.608761443098702,0.));
#2998=DIRECTION('',(0.,0.,-1.));
#2999=DIRECTION('center_axis',(0.382683631726949,-0.923879449932876,0.));
#3000=DIRECTION('ref_axis',(-0.923879449932876,-0.382683631726949,0.));
#3001=DIRECTION('',(0.,0.,-1.));
#3002=DIRECTION('center_axis',(0.130525795165985,-0.991444913646889,0.));
#3003=DIRECTION('ref_axis',(-0.991444913646889,-0.130525795165985,0.));
#3004=DIRECTION('',(0.,0.,-1.));
#3005=DIRECTION('center_axis',(-0.130525795165985,-0.991444913646889,0.));
#3006=DIRECTION('ref_axis',(-0.991444913646889,0.130525795165985,0.));
#3007=DIRECTION('',(0.,0.,-1.));
#3008=DIRECTION('center_axis',(-0.382683631726949,-0.923879449932876,0.));
#3009=DIRECTION('ref_axis',(-0.923879449932876,0.382683631726949,0.));
#3010=DIRECTION('',(0.,0.,-1.));
#3011=DIRECTION('center_axis',(-0.608761443098702,-0.793353329479612,0.));
#3012=DIRECTION('ref_axis',(-0.793353329479612,0.608761443098702,0.));
#3013=DIRECTION('',(0.,0.,-1.));
#3014=DIRECTION('center_axis',(-0.793353414094889,-0.608761332825915,0.));
#3015=DIRECTION('ref_axis',(0.608761332825914,-0.793353414094889,0.));
#3016=DIRECTION('',(0.,0.,-1.));
#3017=DIRECTION('center_axis',(-0.923879497220776,-0.382683517563907,0.));
#3018=DIRECTION('ref_axis',(0.382683517563907,-0.923879497220776,0.));
#3019=DIRECTION('',(0.,0.,-1.));
#3020=DIRECTION('center_axis',(-0.991444858442176,-0.130526214488023,0.));
#3021=DIRECTION('ref_axis',(0.130526214488023,-0.991444858442176,0.));
#3022=DIRECTION('',(0.,0.,1.));
#3023=DIRECTION('center_axis',(-1.,0.,0.));
#3024=DIRECTION('ref_axis',(0.,0.,-1.));
#3025=DIRECTION('center_axis',(0.319301575428043,0.,0.947653155922128));
#3026=DIRECTION('ref_axis',(0.947653155922128,0.,-0.319301575428043));
#3027=DIRECTION('',(0.,-1.,0.));
#3028=DIRECTION('',(0.,-1.,0.));
#3029=DIRECTION('',(0.947653155922128,0.,-0.319301575428043));
#3030=DIRECTION('center_axis',(0.515553735432056,0.,0.856857249419093));
#3031=DIRECTION('ref_axis',(0.856857249419093,0.,-0.515553735432056));
#3032=DIRECTION('',(0.,-1.,0.));
#3033=DIRECTION('',(0.856857249419093,0.,-0.515553735432056));
#3034=DIRECTION('center_axis',(0.687699488197736,0.,0.725995464126721));
#3035=DIRECTION('ref_axis',(0.725995464126721,0.,-0.687699488197736));
#3036=DIRECTION('',(0.,-1.,0.));
#3037=DIRECTION('',(0.725995464126721,0.,-0.687699488197736));
#3038=DIRECTION('center_axis',(0.827688950382811,0.,0.561187135823872));
#3039=DIRECTION('ref_axis',(-0.561187135823872,0.,0.827688950382811));
#3040=DIRECTION('',(0.,-1.,0.));
#3041=DIRECTION('',(0.561187135823872,0.,-0.827688950382811));
#3042=DIRECTION('center_axis',(0.928976760383616,0.,0.370138053524847));
#3043=DIRECTION('ref_axis',(-0.370138053524847,0.,0.928976760383616));
#3044=DIRECTION('',(0.,-1.,0.));
#3045=DIRECTION('',(0.370138053524847,0.,-0.928976760383616));
#3046=DIRECTION('center_axis',(0.986826526614442,0.,0.161781971709073));
#3047=DIRECTION('ref_axis',(-0.161781971709073,0.,0.986826526614443));
#3048=DIRECTION('',(0.,-1.,0.));
#3049=DIRECTION('',(0.161781971709072,0.,-0.986826526614442));
#3050=DIRECTION('center_axis',(0.883512063731192,0.,-0.468408404324102));
#3051=DIRECTION('ref_axis',(0.468408404324102,0.,0.883512063731192));
#3052=DIRECTION('',(0.,-1.,0.));
#3053=DIRECTION('',(0.,-1.,0.));
#3054=DIRECTION('',(-0.468408404324102,0.,-0.883512063731192));
#3055=DIRECTION('center_axis',(0.762162067561488,0.,-0.647386270143565));
#3056=DIRECTION('ref_axis',(0.647386270143565,0.,0.762162067561488));
#3057=DIRECTION('',(0.,-1.,0.));
#3058=DIRECTION('',(-0.647386270143565,0.,-0.762162067561488));
#3059=DIRECTION('center_axis',(0.605174063865999,0.,-0.796093180741998));
#3060=DIRECTION('ref_axis',(-0.796093180741998,0.,-0.605174063865999));
#3061=DIRECTION('',(0.,-1.,0.));
#3062=DIRECTION('',(-0.796093180741999,0.,-0.605174063865999));
#3063=DIRECTION('center_axis',(0.419889267832169,0.,-0.907575342745364));
#3064=DIRECTION('ref_axis',(-0.907575342745364,0.,-0.419889267832169));
#3065=DIRECTION('',(0.,-1.,0.));
#3066=DIRECTION('',(-0.907575342745364,0.,-0.419889267832169));
#3067=DIRECTION('center_axis',(0.214970504172998,0.,-0.97662054163099));
#3068=DIRECTION('ref_axis',(-0.976620541630989,0.,-0.214970504172998));
#3069=DIRECTION('',(0.,-1.,0.));
#3070=DIRECTION('',(-0.976620541630989,0.,-0.214970504172998));
#3071=DIRECTION('center_axis',(0.,0.,-1.));
#3072=DIRECTION('ref_axis',(-1.,0.,0.));
#3073=DIRECTION('',(0.,-1.,0.));
#3074=DIRECTION('',(-1.,0.,0.));
#3075=DIRECTION('center_axis',(-0.214970504172998,0.,-0.97662054163099));
#3076=DIRECTION('ref_axis',(-0.976620541630989,0.,0.214970504172998));
#3077=DIRECTION('',(0.,-1.,0.));
#3078=DIRECTION('',(-0.976620541630989,0.,0.214970504172998));
#3079=DIRECTION('center_axis',(-0.419889267832169,0.,-0.907575342745364));
#3080=DIRECTION('ref_axis',(-0.907575342745364,0.,0.419889267832169));
#3081=DIRECTION('',(0.,-1.,0.));
#3082=DIRECTION('',(-0.907575342745364,0.,0.419889267832169));
#3083=DIRECTION('center_axis',(-0.605174063865999,0.,-0.796093180741998));
#3084=DIRECTION('ref_axis',(-0.796093180741998,0.,0.605174063865999));
#3085=DIRECTION('',(0.,-1.,0.));
#3086=DIRECTION('',(-0.796093180741999,0.,0.605174063865999));
#3087=DIRECTION('center_axis',(-0.762162067561488,0.,-0.647386270143565));
#3088=DIRECTION('ref_axis',(0.647386270143565,0.,-0.762162067561488));
#3089=DIRECTION('',(0.,-1.,0.));
#3090=DIRECTION('',(-0.647386270143565,0.,0.762162067561488));
#3091=DIRECTION('center_axis',(-0.883512063731192,0.,-0.468408404324102));
#3092=DIRECTION('ref_axis',(0.468408404324102,0.,-0.883512063731192));
#3093=DIRECTION('',(0.,-1.,0.));
#3094=DIRECTION('',(-0.468408404324102,0.,0.883512063731192));
#3095=DIRECTION('center_axis',(-0.963549989642011,0.,-0.267528348892003));
#3096=DIRECTION('ref_axis',(0.267528348892003,0.,-0.963549989642011));
#3097=DIRECTION('',(0.,-1.,0.));
#3098=DIRECTION('',(-0.267528348892003,0.,0.963549989642011));
#3099=DIRECTION('center_axis',(-0.998533420139047,0.,-0.0541387926113726));
#3100=DIRECTION('ref_axis',(0.0541387926113726,0.,-0.998533420139047));
#3101=DIRECTION('',(0.,-1.,0.));
#3102=DIRECTION('',(-0.0541387926113726,0.,0.998533420139047));
#3103=DIRECTION('center_axis',(-0.986826526614442,0.,0.161781971709073));
#3104=DIRECTION('ref_axis',(-0.161781971709073,0.,-0.986826526614443));
#3105=DIRECTION('',(0.,-1.,0.));
#3106=DIRECTION('',(0.161781971709072,0.,0.986826526614442));
#3107=DIRECTION('center_axis',(-0.928976760383616,0.,0.370138053524847));
#3108=DIRECTION('ref_axis',(-0.370138053524847,0.,-0.928976760383616));
#3109=DIRECTION('',(0.,-1.,0.));
#3110=DIRECTION('',(0.370138053524847,0.,0.928976760383616));
#3111=DIRECTION('center_axis',(-0.827688950382811,0.,0.561187135823872));
#3112=DIRECTION('ref_axis',(-0.561187135823872,0.,-0.827688950382811));
#3113=DIRECTION('',(0.,-1.,0.));
#3114=DIRECTION('',(0.561187135823872,0.,0.827688950382811));
#3115=DIRECTION('center_axis',(-0.687699488197736,0.,0.725995464126721));
#3116=DIRECTION('ref_axis',(0.725995464126721,0.,0.687699488197736));
#3117=DIRECTION('',(0.,-1.,0.));
#3118=DIRECTION('',(0.725995464126721,0.,0.687699488197736));
#3119=DIRECTION('center_axis',(-0.515553735432056,0.,0.856857249419093));
#3120=DIRECTION('ref_axis',(0.856857249419093,0.,0.515553735432056));
#3121=DIRECTION('',(0.,-1.,0.));
#3122=DIRECTION('',(0.856857249419093,0.,0.515553735432056));
#3123=DIRECTION('center_axis',(-0.319301575428043,0.,0.947653155922128));
#3124=DIRECTION('ref_axis',(0.947653155922128,0.,0.319301575428043));
#3125=DIRECTION('',(0.,-1.,0.));
#3126=DIRECTION('',(0.947653155922128,0.,0.319301575428043));
#3127=DIRECTION('center_axis',(-0.108119146878014,0.,0.994137943184129));
#3128=DIRECTION('ref_axis',(0.994137943184129,0.,0.108119146878014));
#3129=DIRECTION('',(0.,-1.,0.));
#3130=DIRECTION('',(0.994137943184129,0.,0.108119146878014));
#3131=DIRECTION('center_axis',(0.108119146878014,0.,0.994137943184129));
#3132=DIRECTION('ref_axis',(0.994137943184129,0.,-0.108119146878014));
#3133=DIRECTION('',(0.994137943184129,0.,-0.108119146878014));
#3134=DIRECTION('center_axis',(0.999633277103592,0.,0.0270797213267489));
#3135=DIRECTION('ref_axis',(-0.0270797213267489,0.,0.999633277103592));
#3136=DIRECTION('',(0.,1.,0.));
#3137=DIRECTION('',(0.0270797213267489,0.,-0.999633277103591));
#3138=DIRECTION('center_axis',(0.,1.,0.));
#3139=DIRECTION('ref_axis',(0.,0.,1.));
#3140=DIRECTION('',(-0.081158684137171,0.,-0.996701192930521));
#3141=DIRECTION('',(-0.267528348892003,0.,-0.963549989642011));
#3142=DIRECTION('center_axis',(0.,1.,0.));
#3143=DIRECTION('ref_axis',(0.,0.,1.));
#3144=DIRECTION('',(0.987688322581948,0.,0.156434578770992));
#3145=DIRECTION('',(0.891006562761807,0.,0.453990424034902));
#3146=DIRECTION('',(0.707106781186548,0.,0.707106781186548));
#3147=DIRECTION('',(0.453990424034902,0.,0.891006562761807));
#3148=DIRECTION('',(0.156434578770992,0.,0.987688322581948));
#3149=DIRECTION('',(-0.156434578770992,0.,0.987688322581948));
#3150=DIRECTION('',(-0.453990424034902,0.,0.891006562761807));
#3151=DIRECTION('',(-0.707106781186548,0.,0.707106781186548));
#3152=DIRECTION('',(-0.891006562761807,0.,0.453990424034902));
#3153=DIRECTION('',(-0.987688322581948,0.,0.156434578770992));
#3154=DIRECTION('',(-0.987688322581948,0.,-0.156434578770992));
#3155=DIRECTION('',(-0.891006562761807,0.,-0.453990424034902));
#3156=DIRECTION('',(-0.707106781186548,0.,-0.707106781186548));
#3157=DIRECTION('',(-0.453990424034902,0.,-0.891006562761807));
#3158=DIRECTION('',(-0.156434578770992,0.,-0.987688322581948));
#3159=DIRECTION('',(0.156434578770992,0.,-0.987688322581948));
#3160=DIRECTION('',(0.453990424034902,0.,-0.891006562761807));
#3161=DIRECTION('',(0.707106781186548,0.,-0.707106781186548));
#3162=DIRECTION('',(0.891006562761807,0.,-0.453990424034902));
#3163=DIRECTION('',(0.987688322581948,0.,-0.156434578770992));
#3164=DIRECTION('center_axis',(0.453990424034902,0.,-0.891006562761807));
#3165=DIRECTION('ref_axis',(-0.891006562761807,0.,-0.453990424034902));
#3166=DIRECTION('',(0.,-1.,0.));
#3167=DIRECTION('',(0.,-1.,0.));
#3168=DIRECTION('center_axis',(0.707106781186548,0.,-0.707106781186548));
#3169=DIRECTION('ref_axis',(0.707106781186548,0.,0.707106781186548));
#3170=DIRECTION('',(0.,-1.,0.));
#3171=DIRECTION('center_axis',(0.891006562761807,0.,-0.453990424034902));
#3172=DIRECTION('ref_axis',(0.453990424034902,0.,0.891006562761807));
#3173=DIRECTION('',(0.,-1.,0.));
#3174=DIRECTION('center_axis',(0.987688322581948,0.,-0.156434578770992));
#3175=DIRECTION('ref_axis',(0.156434578770992,0.,0.987688322581948));
#3176=DIRECTION('',(0.,-1.,0.));
#3177=DIRECTION('center_axis',(0.987688322581948,0.,0.156434578770992));
#3178=DIRECTION('ref_axis',(-0.156434578770992,0.,0.987688322581948));
#3179=DIRECTION('',(0.,-1.,0.));
#3180=DIRECTION('center_axis',(0.891006562761807,0.,0.453990424034902));
#3181=DIRECTION('ref_axis',(-0.453990424034902,0.,0.891006562761807));
#3182=DIRECTION('',(0.,-1.,0.));
#3183=DIRECTION('center_axis',(0.707106781186548,0.,0.707106781186548));
#3184=DIRECTION('ref_axis',(0.707106781186548,0.,-0.707106781186548));
#3185=DIRECTION('',(0.,-1.,0.));
#3186=DIRECTION('center_axis',(0.453990424034902,0.,0.891006562761807));
#3187=DIRECTION('ref_axis',(0.891006562761807,0.,-0.453990424034902));
#3188=DIRECTION('',(0.,-1.,0.));
#3189=DIRECTION('center_axis',(0.156434578770992,0.,0.987688322581948));
#3190=DIRECTION('ref_axis',(0.987688322581948,0.,-0.156434578770992));
#3191=DIRECTION('',(0.,-1.,0.));
#3192=DIRECTION('center_axis',(-0.156434578770992,0.,0.987688322581948));
#3193=DIRECTION('ref_axis',(0.987688322581948,0.,0.156434578770992));
#3194=DIRECTION('',(0.,-1.,0.));
#3195=DIRECTION('center_axis',(-0.453990424034902,0.,0.891006562761807));
#3196=DIRECTION('ref_axis',(0.891006562761807,0.,0.453990424034902));
#3197=DIRECTION('',(0.,-1.,0.));
#3198=DIRECTION('center_axis',(-0.707106781186548,0.,0.707106781186548));
#3199=DIRECTION('ref_axis',(-0.707106781186548,0.,-0.707106781186548));
#3200=DIRECTION('',(0.,-1.,0.));
#3201=DIRECTION('center_axis',(-0.891006562761807,0.,0.453990424034902));
#3202=DIRECTION('ref_axis',(-0.453990424034902,0.,-0.891006562761807));
#3203=DIRECTION('',(0.,-1.,0.));
#3204=DIRECTION('center_axis',(-0.987688322581948,0.,0.156434578770992));
#3205=DIRECTION('ref_axis',(-0.156434578770992,0.,-0.987688322581948));
#3206=DIRECTION('',(0.,-1.,0.));
#3207=DIRECTION('center_axis',(-0.987688322581948,0.,-0.156434578770992));
#3208=DIRECTION('ref_axis',(0.156434578770992,0.,-0.987688322581948));
#3209=DIRECTION('',(0.,-1.,0.));
#3210=DIRECTION('center_axis',(-0.891006562761807,0.,-0.453990424034902));
#3211=DIRECTION('ref_axis',(0.453990424034902,0.,-0.891006562761807));
#3212=DIRECTION('',(0.,-1.,0.));
#3213=DIRECTION('center_axis',(-0.707106781186548,0.,-0.707106781186548));
#3214=DIRECTION('ref_axis',(-0.707106781186548,0.,0.707106781186548));
#3215=DIRECTION('',(0.,-1.,0.));
#3216=DIRECTION('center_axis',(-0.453990424034902,0.,-0.891006562761807));
#3217=DIRECTION('ref_axis',(-0.891006562761807,0.,0.453990424034902));
#3218=DIRECTION('',(0.,-1.,0.));
#3219=DIRECTION('center_axis',(-0.156434578770992,0.,-0.987688322581948));
#3220=DIRECTION('ref_axis',(-0.987688322581948,0.,0.156434578770992));
#3221=DIRECTION('',(0.,-1.,0.));
#3222=DIRECTION('center_axis',(0.156434578770992,0.,-0.987688322581948));
#3223=DIRECTION('ref_axis',(-0.987688322581948,0.,-0.156434578770992));
#3224=DIRECTION('center_axis',(0.996701192930521,0.,-0.081158684137171));
#3225=DIRECTION('ref_axis',(0.081158684137171,0.,0.996701192930521));
#3226=DIRECTION('',(0.,1.,0.));
#3227=DIRECTION('center_axis',(0.963549989642011,0.,-0.267528348892003));
#3228=DIRECTION('ref_axis',(0.267528348892003,0.,0.963549989642011));
#3229=DIRECTION('center_axis',(1.,0.,0.));
#3230=DIRECTION('ref_axis',(0.,0.,1.));
#3231=DIRECTION('center_axis',(1.,0.,0.));
#3232=DIRECTION('ref_axis',(0.,0.,1.));
#3233=DIRECTION('center_axis',(0.987688347653098,0.156434420478016,0.));
#3234=DIRECTION('ref_axis',(-0.156434420478016,0.987688347653098,0.));
#3235=DIRECTION('',(0.,0.,1.));
#3236=DIRECTION('',(0.,0.,1.));
#3237=DIRECTION('center_axis',(0.987688347653098,0.156434420478016,0.));
#3238=DIRECTION('ref_axis',(-0.156434420478016,0.987688347653098,0.));
#3239=DIRECTION('',(0.,0.,-1.));
#3240=DIRECTION('',(0.,0.,-1.));
#3241=DIRECTION('center_axis',(0.891006485983932,0.453990574719966,0.));
#3242=DIRECTION('ref_axis',(-0.453990574719966,0.891006485983932,0.));
#3243=DIRECTION('',(0.,0.,1.));
#3244=DIRECTION('center_axis',(0.891006485983932,0.453990574719966,0.));
#3245=DIRECTION('ref_axis',(-0.453990574719966,0.891006485983932,0.));
#3246=DIRECTION('',(0.,0.,-1.));
#3247=DIRECTION('center_axis',(0.707106870838042,0.707106691535042,0.));
#3248=DIRECTION('ref_axis',(-0.707106691535042,0.707106870838042,0.));
#3249=DIRECTION('',(0.,0.,1.));
#3250=DIRECTION('center_axis',(0.707106870838042,0.707106691535042,0.));
#3251=DIRECTION('ref_axis',(-0.707106691535042,0.707106870838042,0.));
#3252=DIRECTION('',(0.,0.,-1.));
#3253=DIRECTION('center_axis',(0.45399060827292,0.891006468887844,0.));
#3254=DIRECTION('ref_axis',(0.891006468887844,-0.45399060827292,0.));
#3255=DIRECTION('',(0.,0.,1.));
#3256=DIRECTION('center_axis',(0.45399060827292,0.891006468887844,0.));
#3257=DIRECTION('ref_axis',(0.891006468887844,-0.45399060827292,0.));
#3258=DIRECTION('',(0.,0.,-1.));
#3259=DIRECTION('center_axis',(0.156434406626006,0.98768834984704,0.));
#3260=DIRECTION('ref_axis',(0.98768834984704,-0.156434406626006,0.));
#3261=DIRECTION('',(0.,0.,1.));
#3262=DIRECTION('center_axis',(0.156434406626006,0.98768834984704,0.));
#3263=DIRECTION('ref_axis',(0.98768834984704,-0.156434406626006,0.));
#3264=DIRECTION('',(0.,0.,-1.));
#3265=DIRECTION('center_axis',(-0.156434406626006,0.98768834984704,0.));
#3266=DIRECTION('ref_axis',(0.98768834984704,0.156434406626006,0.));
#3267=DIRECTION('',(0.,0.,1.));
#3268=DIRECTION('center_axis',(-0.156434406626006,0.98768834984704,0.));
#3269=DIRECTION('ref_axis',(0.98768834984704,0.156434406626006,0.));
#3270=DIRECTION('',(0.,0.,-1.));
#3271=DIRECTION('center_axis',(-0.45399060827292,0.891006468887844,0.));
#3272=DIRECTION('ref_axis',(0.891006468887844,0.45399060827292,0.));
#3273=DIRECTION('',(0.,0.,1.));
#3274=DIRECTION('center_axis',(-0.45399060827292,0.891006468887844,0.));
#3275=DIRECTION('ref_axis',(0.891006468887844,0.45399060827292,0.));
#3276=DIRECTION('',(0.,0.,-1.));
#3277=DIRECTION('center_axis',(-0.707106870838042,0.707106691535042,0.));
#3278=DIRECTION('ref_axis',(-0.707106691535042,-0.707106870838042,0.));
#3279=DIRECTION('',(0.,0.,1.));
#3280=DIRECTION('center_axis',(-0.707106870838042,0.707106691535042,0.));
#3281=DIRECTION('ref_axis',(-0.707106691535042,-0.707106870838042,0.));
#3282=DIRECTION('',(0.,0.,-1.));
#3283=DIRECTION('center_axis',(-0.891006485983932,0.453990574719966,0.));
#3284=DIRECTION('ref_axis',(-0.453990574719966,-0.891006485983932,0.));
#3285=DIRECTION('',(0.,0.,1.));
#3286=DIRECTION('center_axis',(-0.891006485983932,0.453990574719966,0.));
#3287=DIRECTION('ref_axis',(-0.453990574719966,-0.891006485983932,0.));
#3288=DIRECTION('',(0.,0.,-1.));
#3289=DIRECTION('center_axis',(-0.987688347653098,0.156434420478016,0.));
#3290=DIRECTION('ref_axis',(-0.156434420478016,-0.987688347653098,0.));
#3291=DIRECTION('',(0.,0.,1.));
#3292=DIRECTION('center_axis',(-0.987688347653098,0.156434420478016,0.));
#3293=DIRECTION('ref_axis',(-0.156434420478016,-0.987688347653098,0.));
#3294=DIRECTION('',(0.,0.,-1.));
#3295=DIRECTION('center_axis',(-0.987688347653098,-0.156434420478016,0.));
#3296=DIRECTION('ref_axis',(0.156434420478016,-0.987688347653098,0.));
#3297=DIRECTION('',(0.,0.,1.));
#3298=DIRECTION('center_axis',(-0.987688347653098,-0.156434420478016,0.));
#3299=DIRECTION('ref_axis',(0.156434420478016,-0.987688347653098,0.));
#3300=DIRECTION('',(0.,0.,-1.));
#3301=DIRECTION('center_axis',(-0.891006485983932,-0.453990574719966,0.));
#3302=DIRECTION('ref_axis',(0.453990574719966,-0.891006485983932,0.));
#3303=DIRECTION('',(0.,0.,1.));
#3304=DIRECTION('center_axis',(-0.891006485983932,-0.453990574719966,0.));
#3305=DIRECTION('ref_axis',(0.453990574719966,-0.891006485983932,0.));
#3306=DIRECTION('',(0.,0.,-1.));
#3307=DIRECTION('center_axis',(-0.707106870838042,-0.707106691535042,0.));
#3308=DIRECTION('ref_axis',(0.707106691535042,-0.707106870838042,0.));
#3309=DIRECTION('',(0.,0.,1.));
#3310=DIRECTION('center_axis',(-0.707106870838042,-0.707106691535042,0.));
#3311=DIRECTION('ref_axis',(0.707106691535042,-0.707106870838042,0.));
#3312=DIRECTION('',(0.,0.,-1.));
#3313=DIRECTION('center_axis',(-0.45399060827292,-0.891006468887844,0.));
#3314=DIRECTION('ref_axis',(-0.891006468887844,0.45399060827292,0.));
#3315=DIRECTION('',(0.,0.,1.));
#3316=DIRECTION('center_axis',(-0.45399060827292,-0.891006468887844,0.));
#3317=DIRECTION('ref_axis',(-0.891006468887844,0.45399060827292,0.));
#3318=DIRECTION('',(0.,0.,-1.));
#3319=DIRECTION('center_axis',(-0.156434406626006,-0.98768834984704,0.));
#3320=DIRECTION('ref_axis',(-0.98768834984704,0.156434406626006,0.));
#3321=DIRECTION('',(0.,0.,1.));
#3322=DIRECTION('center_axis',(-0.156434406626006,-0.98768834984704,0.));
#3323=DIRECTION('ref_axis',(-0.98768834984704,0.156434406626006,0.));
#3324=DIRECTION('',(0.,0.,-1.));
#3325=DIRECTION('center_axis',(0.156434406626006,-0.98768834984704,0.));
#3326=DIRECTION('ref_axis',(-0.98768834984704,-0.156434406626006,0.));
#3327=DIRECTION('',(0.,0.,1.));
#3328=DIRECTION('center_axis',(0.156434406626006,-0.98768834984704,0.));
#3329=DIRECTION('ref_axis',(-0.98768834984704,-0.156434406626006,0.));
#3330=DIRECTION('',(0.,0.,-1.));
#3331=DIRECTION('center_axis',(0.45399060827292,-0.891006468887844,0.));
#3332=DIRECTION('ref_axis',(-0.891006468887844,-0.45399060827292,0.));
#3333=DIRECTION('',(0.,0.,1.));
#3334=DIRECTION('center_axis',(0.45399060827292,-0.891006468887844,0.));
#3335=DIRECTION('ref_axis',(-0.891006468887844,-0.45399060827292,0.));
#3336=DIRECTION('',(0.,0.,-1.));
#3337=DIRECTION('center_axis',(0.707106870838042,-0.707106691535042,0.));
#3338=DIRECTION('ref_axis',(0.707106691535042,0.707106870838042,0.));
#3339=DIRECTION('',(0.,0.,1.));
#3340=DIRECTION('center_axis',(0.707106870838042,-0.707106691535042,0.));
#3341=DIRECTION('ref_axis',(0.707106691535042,0.707106870838042,0.));
#3342=DIRECTION('',(0.,0.,-1.));
#3343=DIRECTION('center_axis',(0.891006485983932,-0.453990574719966,0.));
#3344=DIRECTION('ref_axis',(0.453990574719966,0.891006485983932,0.));
#3345=DIRECTION('',(0.,0.,1.));
#3346=DIRECTION('center_axis',(0.891006485983932,-0.453990574719966,0.));
#3347=DIRECTION('ref_axis',(0.453990574719966,0.891006485983932,0.));
#3348=DIRECTION('',(0.,0.,-1.));
#3349=DIRECTION('center_axis',(0.987688347653098,-0.156434420478016,0.));
#3350=DIRECTION('ref_axis',(0.156434420478016,0.987688347653098,0.));
#3351=DIRECTION('center_axis',(0.987688347653098,-0.156434420478016,0.));
#3352=DIRECTION('ref_axis',(0.156434420478016,0.987688347653098,0.));
#3353=CARTESIAN_POINT('',(0.,0.,0.));
#3354=CARTESIAN_POINT('Origin',(0.,2.,0.));
#3355=CARTESIAN_POINT('',(10.5,2.,-1.28587913910472E-15));
#3356=CARTESIAN_POINT('Origin',(0.,2.,0.));
#3357=CARTESIAN_POINT('',(10.5,8.,1.28587913910472E-15));
#3358=CARTESIAN_POINT('',(10.5,2.,-1.28587913910472E-15));
#3359=CARTESIAN_POINT('Origin',(0.,8.,0.));
#3360=CARTESIAN_POINT('Origin',(0.,-16.24218759029,8.699999809265));
#3361=CARTESIAN_POINT('',(8.,-6.,8.699999809265));
#3362=CARTESIAN_POINT('',(8.,-21.,8.699999809265));
#3363=CARTESIAN_POINT('',(8.,-6.,8.699999809265));
#3364=CARTESIAN_POINT('',(-8.,-6.,8.699999809265));
#3365=CARTESIAN_POINT('',(-8.,-6.,8.699999809265));
#3366=CARTESIAN_POINT('',(-8.,-21.,8.699999809265));
#3367=CARTESIAN_POINT('',(-8.,-21.,8.699999809265));
#3368=CARTESIAN_POINT('',(-7.72740650177,-23.07055282592,8.699999809265));
#3369=CARTESIAN_POINT('',(-7.72740650177,-23.07055282592,8.699999809265));
#3370=CARTESIAN_POINT('',(-6.928203105927,-25.,8.699999809265));
#3371=CARTESIAN_POINT('',(-6.928203105927,-25.,8.699999809265));
#3372=CARTESIAN_POINT('',(-5.656854152679,-26.65685462951,8.699999809265));
#3373=CARTESIAN_POINT('',(-5.656854152679,-26.65685462951,8.699999809265));
#3374=CARTESIAN_POINT('',(-4.,-27.92820358276,8.699999809265));
#3375=CARTESIAN_POINT('',(-4.,-27.92820358276,8.699999809265));
#3376=CARTESIAN_POINT('',(-2.070552349091,-28.72740745544,8.699999809265));
#3377=CARTESIAN_POINT('',(-2.070552349091,-28.72740745544,8.699999809265));
#3378=CARTESIAN_POINT('',(0.,-29.,8.699999809265));
#3379=CARTESIAN_POINT('',(0.,-29.,8.699999809265));
#3380=CARTESIAN_POINT('',(2.070552349091,-28.72740745544,8.699999809265));
#3381=CARTESIAN_POINT('',(2.070552349091,-28.72740745544,8.699999809265));
#3382=CARTESIAN_POINT('',(4.,-27.92820358276,8.699999809265));
#3383=CARTESIAN_POINT('',(4.,-27.92820358276,8.699999809265));
#3384=CARTESIAN_POINT('',(5.656854152679,-26.65685462951,8.699999809265));
#3385=CARTESIAN_POINT('',(5.656854152679,-26.65685462951,8.699999809265));
#3386=CARTESIAN_POINT('',(6.928203105927,-25.,8.699999809265));
#3387=CARTESIAN_POINT('',(6.928203105927,-25.,8.699999809265));
#3388=CARTESIAN_POINT('',(7.72740650177,-23.07055282592,8.699999809265));
#3389=CARTESIAN_POINT('',(7.72740650177,-23.07055282592,8.699999809265));
#3390=CARTESIAN_POINT('',(8.,-21.,8.699999809265));
#3391=CARTESIAN_POINT('',(3.438322305679,-18.50191307067,8.699999809265));
#3392=CARTESIAN_POINT('',(4.041990280151,-19.68667793273,8.699999809265));
#3393=CARTESIAN_POINT('',(3.438322305679,-18.50191307067,8.699999809265));
#3394=CARTESIAN_POINT('',(4.25,-21.,8.699999809265));
#3395=CARTESIAN_POINT('',(4.041990280151,-19.68667793273,8.699999809265));
#3396=CARTESIAN_POINT('',(4.041990280151,-22.31332206726,8.699999809265));
#3397=CARTESIAN_POINT('',(4.25,-21.,8.699999809265));
#3398=CARTESIAN_POINT('',(3.438322305679,-23.49808692932,8.699999809265));
#3399=CARTESIAN_POINT('',(4.041990280151,-22.31332206726,8.699999809265));
#3400=CARTESIAN_POINT('',(2.498087406158,-24.43832206726,8.699999809265));
#3401=CARTESIAN_POINT('',(3.438322305679,-23.49808692932,8.699999809265));
#3402=CARTESIAN_POINT('',(1.31332218647,-25.04199028015,8.699999809265));
#3403=CARTESIAN_POINT('',(2.498087406158,-24.43832206726,8.699999809265));
#3404=CARTESIAN_POINT('',(0.,-25.25,8.699999809265));
#3405=CARTESIAN_POINT('',(1.31332218647,-25.04199028015,8.699999809265));
#3406=CARTESIAN_POINT('',(-1.31332218647,-25.04199028015,8.699999809265));
#3407=CARTESIAN_POINT('',(0.,-25.25,8.699999809265));
#3408=CARTESIAN_POINT('',(-2.498087406158,-24.43832206726,8.699999809265));
#3409=CARTESIAN_POINT('',(-1.31332218647,-25.04199028015,8.699999809265));
#3410=CARTESIAN_POINT('',(-3.438322305679,-23.49808692932,8.699999809265));
#3411=CARTESIAN_POINT('',(-2.498087406158,-24.43832206726,8.699999809265));
#3412=CARTESIAN_POINT('',(-4.041990280151,-22.31332206726,8.699999809265));
#3413=CARTESIAN_POINT('',(-3.438322305679,-23.49808692932,8.699999809265));
#3414=CARTESIAN_POINT('',(-4.25,-21.,8.699999809265));
#3415=CARTESIAN_POINT('',(-4.041990280151,-22.31332206726,8.699999809265));
#3416=CARTESIAN_POINT('',(-4.041990280151,-19.68667793273,8.699999809265));
#3417=CARTESIAN_POINT('',(-4.25,-21.,8.699999809265));
#3418=CARTESIAN_POINT('',(-3.438322305679,-18.50191307067,8.699999809265));
#3419=CARTESIAN_POINT('',(-4.041990280151,-19.68667793273,8.699999809265));
#3420=CARTESIAN_POINT('',(-2.498087406158,-17.56167793273,8.699999809265));
#3421=CARTESIAN_POINT('',(-3.438322305679,-18.50191307067,8.699999809265));
#3422=CARTESIAN_POINT('',(-1.31332218647,-16.95800971984,8.699999809265));
#3423=CARTESIAN_POINT('',(-2.498087406158,-17.56167793273,8.699999809265));
#3424=CARTESIAN_POINT('',(0.,-16.75,8.699999809265));
#3425=CARTESIAN_POINT('',(-1.31332218647,-16.95800971984,8.699999809265));
#3426=CARTESIAN_POINT('',(1.31332218647,-16.95800971984,8.699999809265));
#3427=CARTESIAN_POINT('',(0.,-16.75,8.699999809265));
#3428=CARTESIAN_POINT('',(2.498087406158,-17.56167793273,8.699999809265));
#3429=CARTESIAN_POINT('',(1.31332218647,-16.95800971984,8.699999809265));
#3430=CARTESIAN_POINT('',(2.498087406158,-17.56167793273,8.699999809265));
#3431=CARTESIAN_POINT('Origin',(7.863703250885,-22.03527641296,6.449999809265));
#3432=CARTESIAN_POINT('',(8.,-21.,4.199999809265));
#3433=CARTESIAN_POINT('',(8.,-21.,4.199999809265));
#3434=CARTESIAN_POINT('',(7.72740650177,-23.07055282592,4.199999809265));
#3435=CARTESIAN_POINT('',(7.72740650177,-23.07055282592,4.199999809265));
#3436=CARTESIAN_POINT('',(7.72740650177,-23.07055282592,4.199999809265));
#3437=CARTESIAN_POINT('Origin',(-8.825209290863E-17,-16.24218759029,4.199999809265));
#3438=CARTESIAN_POINT('',(-4.,-27.92820358276,4.199999809265));
#3439=CARTESIAN_POINT('',(-2.070552349091,-28.72740745544,4.199999809265));
#3440=CARTESIAN_POINT('',(-4.,-27.92820358276,4.199999809265));
#3441=CARTESIAN_POINT('',(-5.656854152679,-26.65685462951,4.199999809265));
#3442=CARTESIAN_POINT('',(-5.656854152679,-26.65685462951,4.199999809265));
#3443=CARTESIAN_POINT('',(-6.928203105927,-25.,4.199999809265));
#3444=CARTESIAN_POINT('',(-6.928203105927,-25.,4.199999809265));
#3445=CARTESIAN_POINT('',(-7.72740650177,-23.07055282592,4.199999809265));
#3446=CARTESIAN_POINT('',(-7.72740650177,-23.07055282592,4.199999809265));
#3447=CARTESIAN_POINT('',(-8.,-21.,4.199999809265));
#3448=CARTESIAN_POINT('',(-8.,-21.,4.199999809265));
#3449=CARTESIAN_POINT('',(-8.,-6.,4.199999809265));
#3450=CARTESIAN_POINT('',(-8.,-6.,4.199999809265));
#3451=CARTESIAN_POINT('',(8.,-6.,4.199999809265));
#3452=CARTESIAN_POINT('',(8.,-6.,4.199999809265));
#3453=CARTESIAN_POINT('',(8.,-21.,4.199999809265));
#3454=CARTESIAN_POINT('',(6.928203105927,-25.,4.199999809265));
#3455=CARTESIAN_POINT('',(6.928203105927,-25.,4.199999809265));
#3456=CARTESIAN_POINT('',(5.656854152679,-26.65685462951,4.199999809265));
#3457=CARTESIAN_POINT('',(5.656854152679,-26.65685462951,4.199999809265));
#3458=CARTESIAN_POINT('',(4.,-27.92820358276,4.199999809265));
#3459=CARTESIAN_POINT('',(4.,-27.92820358276,4.199999809265));
#3460=CARTESIAN_POINT('',(2.070552349091,-28.72740745544,4.199999809265));
#3461=CARTESIAN_POINT('',(2.070552349091,-28.72740745544,4.199999809265));
#3462=CARTESIAN_POINT('',(0.,-29.,4.199999809265));
#3463=CARTESIAN_POINT('',(0.,-29.,4.199999809265));
#3464=CARTESIAN_POINT('',(-2.070552349091,-28.72740745544,4.199999809265));
#3465=CARTESIAN_POINT('',(-2.498087406158,-24.43832206726,4.199999809265));
#3466=CARTESIAN_POINT('',(-1.31332218647,-25.04199028015,4.199999809265));
#3467=CARTESIAN_POINT('',(-2.498087406158,-24.43832206726,4.199999809265));
#3468=CARTESIAN_POINT('',(0.,-25.25,4.199999809265));
#3469=CARTESIAN_POINT('',(-1.31332218647,-25.04199028015,4.199999809265));
#3470=CARTESIAN_POINT('',(1.31332218647,-25.04199028015,4.199999809265));
#3471=CARTESIAN_POINT('',(0.,-25.25,4.199999809265));
#3472=CARTESIAN_POINT('',(2.498087406158,-24.43832206726,4.199999809265));
#3473=CARTESIAN_POINT('',(1.31332218647,-25.04199028015,4.199999809265));
#3474=CARTESIAN_POINT('',(3.438322305679,-23.49808692932,4.199999809265));
#3475=CARTESIAN_POINT('',(2.498087406158,-24.43832206726,4.199999809265));
#3476=CARTESIAN_POINT('',(4.041990280151,-22.31332206726,4.199999809265));
#3477=CARTESIAN_POINT('',(3.438322305679,-23.49808692932,4.199999809265));
#3478=CARTESIAN_POINT('',(4.25,-21.,4.199999809265));
#3479=CARTESIAN_POINT('',(4.041990280151,-22.31332206726,4.199999809265));
#3480=CARTESIAN_POINT('',(4.041990280151,-19.68667793273,4.199999809265));
#3481=CARTESIAN_POINT('',(4.25,-21.,4.199999809265));
#3482=CARTESIAN_POINT('',(3.438322305679,-18.50191307067,4.199999809265));
#3483=CARTESIAN_POINT('',(4.041990280151,-19.68667793273,4.199999809265));
#3484=CARTESIAN_POINT('',(2.498087406158,-17.56167793273,4.199999809265));
#3485=CARTESIAN_POINT('',(3.438322305679,-18.50191307067,4.199999809265));
#3486=CARTESIAN_POINT('',(1.31332218647,-16.95800971984,4.199999809265));
#3487=CARTESIAN_POINT('',(2.498087406158,-17.56167793273,4.199999809265));
#3488=CARTESIAN_POINT('',(0.,-16.75,4.199999809265));
#3489=CARTESIAN_POINT('',(1.31332218647,-16.95800971984,4.199999809265));
#3490=CARTESIAN_POINT('',(-1.31332218647,-16.95800971984,4.199999809265));
#3491=CARTESIAN_POINT('',(0.,-16.75,4.199999809265));
#3492=CARTESIAN_POINT('',(-2.498087406158,-17.56167793273,4.199999809265));
#3493=CARTESIAN_POINT('',(-1.31332218647,-16.95800971984,4.199999809265));
#3494=CARTESIAN_POINT('',(-3.438322305679,-18.50191307067,4.199999809265));
#3495=CARTESIAN_POINT('',(-2.498087406158,-17.56167793273,4.199999809265));
#3496=CARTESIAN_POINT('',(-4.041990280151,-19.68667793273,4.199999809265));
#3497=CARTESIAN_POINT('',(-3.438322305679,-18.50191307067,4.199999809265));
#3498=CARTESIAN_POINT('',(-4.25,-21.,4.199999809265));
#3499=CARTESIAN_POINT('',(-4.041990280151,-19.68667793273,4.199999809265));
#3500=CARTESIAN_POINT('',(-4.041990280151,-22.31332206726,4.199999809265));
#3501=CARTESIAN_POINT('',(-4.25,-21.,4.199999809265));
#3502=CARTESIAN_POINT('',(-3.438322305679,-23.49808692932,4.199999809265));
#3503=CARTESIAN_POINT('',(-4.041990280151,-22.31332206726,4.199999809265));
#3504=CARTESIAN_POINT('',(-3.438322305679,-23.49808692932,4.199999809265));
#3505=CARTESIAN_POINT('Origin',(7.327804803848,-24.03527641296,6.449999809265));
#3506=CARTESIAN_POINT('',(6.928203105927,-25.,4.199999809265));
#3507=CARTESIAN_POINT('Origin',(6.292528629303,-25.82842731475,6.449999809265));
#3508=CARTESIAN_POINT('',(5.656854152679,-26.65685462951,4.199999809265));
#3509=CARTESIAN_POINT('Origin',(4.82842707634,-27.29252910614,6.449999809265));
#3510=CARTESIAN_POINT('',(4.,-27.92820358276,4.199999809265));
#3511=CARTESIAN_POINT('Origin',(3.035276174545,-28.3278055191,6.449999809265));
#3512=CARTESIAN_POINT('',(2.070552349091,-28.72740745544,4.199999809265));
#3513=CARTESIAN_POINT('Origin',(1.035276174545,-28.86370372772,6.449999809265));
#3514=CARTESIAN_POINT('',(0.,-29.,4.199999809265));
#3515=CARTESIAN_POINT('Origin',(-1.035276174545,-28.86370372772,6.449999809265));
#3516=CARTESIAN_POINT('',(-2.070552349091,-28.72740745544,4.199999809265));
#3517=CARTESIAN_POINT('Origin',(-3.035276174545,-28.3278055191,6.449999809265));
#3518=CARTESIAN_POINT('',(-4.,-27.92820358276,4.199999809265));
#3519=CARTESIAN_POINT('Origin',(-4.82842707634,-27.29252910614,6.449999809265));
#3520=CARTESIAN_POINT('',(-5.656854152679,-26.65685462951,4.199999809265));
#3521=CARTESIAN_POINT('Origin',(-6.292528629303,-25.82842731475,6.449999809265));
#3522=CARTESIAN_POINT('',(-6.928203105927,-25.,4.199999809265));
#3523=CARTESIAN_POINT('Origin',(-7.327804803848,-24.03527641296,6.449999809265));
#3524=CARTESIAN_POINT('',(-7.72740650177,-23.07055282592,4.199999809265));
#3525=CARTESIAN_POINT('Origin',(-7.863703250885,-22.03527641296,6.449999809265));
#3526=CARTESIAN_POINT('',(-8.,-21.,4.199999809265));
#3527=CARTESIAN_POINT('Origin',(-8.,-13.5,6.449999809265));
#3528=CARTESIAN_POINT('',(-8.,-6.,4.199999809265));
#3529=CARTESIAN_POINT('Origin',(0.001476378955469,-6.,-5.348039546772E-5));
#3530=CARTESIAN_POINT('',(-11.48565673828,-6.,6.089309692383));
#3531=CARTESIAN_POINT('',(-9.908106803894,-6.,8.416021347046));
#3532=CARTESIAN_POINT('',(-11.48565673828,-6.,6.089309692383));
#3533=CARTESIAN_POINT('',(-12.52614974975,-6.,3.477868318558));
#3534=CARTESIAN_POINT('',(-12.52614974975,-6.,3.477868318558));
#3535=CARTESIAN_POINT('',(-12.98093414306,-6.,0.703805804253));
#3536=CARTESIAN_POINT('',(-12.98093414306,-6.,0.703805804253));
#3537=CARTESIAN_POINT('',(-12.8287448883,-6.,-2.103165864944));
#3538=CARTESIAN_POINT('',(-12.8287448883,-6.,-2.103165864944));
#3539=CARTESIAN_POINT('',(-12.07669734954,-6.,-4.811796188354));
#3540=CARTESIAN_POINT('',(-12.07669734954,-6.,-4.811796188354));
#3541=CARTESIAN_POINT('',(-10.75995731353,-6.,-7.295431613922));
#3542=CARTESIAN_POINT('',(-10.75995731353,-6.,-7.295431613922));
#3543=CARTESIAN_POINT('',(-8.940093040466,-6.,-9.437941551208));
#3544=CARTESIAN_POINT('',(-8.940093040466,-6.,-9.437941551208));
#3545=CARTESIAN_POINT('',(-6.702199935913,-6.,-11.13914299011));
#3546=CARTESIAN_POINT('',(-6.702199935913,-6.,-11.13914299011));
#3547=CARTESIAN_POINT('',(-4.150919914246,-6.,-12.31949138641));
#3548=CARTESIAN_POINT('',(-4.150919914246,-6.,-12.31949138641));
#3549=CARTESIAN_POINT('',(-1.405547261238,-6.,-12.92379379272));
#3550=CARTESIAN_POINT('',(-1.405547261238,-6.,-12.92379379272));
#3551=CARTESIAN_POINT('',(1.405547261238,-6.,-12.92379379272));
#3552=CARTESIAN_POINT('',(1.405547261238,-6.,-12.92379379272));
#3553=CARTESIAN_POINT('',(4.150919914246,-6.,-12.31949138641));
#3554=CARTESIAN_POINT('',(4.150919914246,-6.,-12.31949138641));
#3555=CARTESIAN_POINT('',(6.702199935913,-6.,-11.13914299011));
#3556=CARTESIAN_POINT('',(6.702199935913,-6.,-11.13914299011));
#3557=CARTESIAN_POINT('',(8.940093040466,-6.,-9.437941551208));
#3558=CARTESIAN_POINT('',(8.940093040466,-6.,-9.437941551208));
#3559=CARTESIAN_POINT('',(10.759957313538,-6.,-7.295431613922));
#3560=CARTESIAN_POINT('',(10.759957313538,-6.,-7.295431613922));
#3561=CARTESIAN_POINT('',(12.076697349548,-6.,-4.811796188354));
#3562=CARTESIAN_POINT('',(12.076697349548,-6.,-4.811796188354));
#3563=CARTESIAN_POINT('',(12.828744888306,-6.,-2.103165864944));
#3564=CARTESIAN_POINT('',(12.828744888306,-6.,-2.103165864944));
#3565=CARTESIAN_POINT('',(13.,-6.,0.));
#3566=CARTESIAN_POINT('',(13.,-6.,0.));
#3567=CARTESIAN_POINT('',(12.980934143066,-6.,0.703805804253));
#3568=CARTESIAN_POINT('',(12.980934143066,-6.,0.703805804253));
#3569=CARTESIAN_POINT('',(12.526149749756,-6.,3.477868318558));
#3570=CARTESIAN_POINT('',(12.526149749756,-6.,3.477868318558));
#3571=CARTESIAN_POINT('',(11.485656738281,-6.,6.089309692383));
#3572=CARTESIAN_POINT('',(11.485656738281,-6.,6.089309692383));
#3573=CARTESIAN_POINT('',(9.908106803894,-6.,8.416021347046));
#3574=CARTESIAN_POINT('',(9.908106803894,-6.,8.416021347046));
#3575=CARTESIAN_POINT('',(7.86726474762,-6.,10.349209785461));
#3576=CARTESIAN_POINT('',(7.86726474762,-6.,10.349209785461));
#3577=CARTESIAN_POINT('',(5.458558082581,-6.,11.798480033875));
#3578=CARTESIAN_POINT('',(5.458558082581,-6.,11.798480033875));
#3579=CARTESIAN_POINT('',(2.794615745544,-6.,12.696066856384));
#3580=CARTESIAN_POINT('',(2.794615745544,-6.,12.696066856384));
#3581=CARTESIAN_POINT('',(0.,-6.,13.));
#3582=CARTESIAN_POINT('',(0.,-6.,13.));
#3583=CARTESIAN_POINT('',(-2.794615745544,-6.,12.696066856384));
#3584=CARTESIAN_POINT('',(-2.794615745544,-6.,12.696066856384));
#3585=CARTESIAN_POINT('',(-5.458558082581,-6.,11.798480033875));
#3586=CARTESIAN_POINT('',(-5.458558082581,-6.,11.798480033875));
#3587=CARTESIAN_POINT('',(-7.86726474762,-6.,10.349209785461));
#3588=CARTESIAN_POINT('',(-7.86726474762,-6.,10.349209785461));
#3589=CARTESIAN_POINT('',(-9.908106803894,-6.,8.416021347046));
#3590=CARTESIAN_POINT('',(8.,-6.,8.699999809265));
#3591=CARTESIAN_POINT('',(-8.,-6.,-4.199999809265));
#3592=CARTESIAN_POINT('',(8.,-6.,-4.199999809265));
#3593=CARTESIAN_POINT('',(-8.,-6.,-4.199999809265));
#3594=CARTESIAN_POINT('',(8.,-6.,-8.699999809265));
#3595=CARTESIAN_POINT('',(8.,-6.,-4.199999809265));
#3596=CARTESIAN_POINT('',(-8.,-6.,-8.699999809265));
#3597=CARTESIAN_POINT('',(8.,-6.,-8.699999809265));
#3598=CARTESIAN_POINT('',(-8.,-6.,-8.699999809265));
#3599=CARTESIAN_POINT('',(-2.377641201019,-6.,0.772542476654));
#3600=CARTESIAN_POINT('',(-2.5,-6.,0.));
#3601=CARTESIAN_POINT('',(-2.377641201019,-6.,0.772542476654));
#3602=CARTESIAN_POINT('',(-2.022542476654,-6.,1.46946310997));
#3603=CARTESIAN_POINT('',(-2.022542476654,-6.,1.46946310997));
#3604=CARTESIAN_POINT('',(-1.46946310997,-6.,2.022542476654));
#3605=CARTESIAN_POINT('',(-1.46946310997,-6.,2.022542476654));
#3606=CARTESIAN_POINT('',(-0.772542476654,-6.,2.377641201019));
#3607=CARTESIAN_POINT('',(-0.772542476654,-6.,2.377641201019));
#3608=CARTESIAN_POINT('',(0.,-6.,2.5));
#3609=CARTESIAN_POINT('',(0.,-6.,2.5));
#3610=CARTESIAN_POINT('',(0.772542476654,-6.,2.377641201019));
#3611=CARTESIAN_POINT('',(0.772542476654,-6.,2.377641201019));
#3612=CARTESIAN_POINT('',(1.46946310997,-6.,2.022542476654));
#3613=CARTESIAN_POINT('',(1.46946310997,-6.,2.022542476654));
#3614=CARTESIAN_POINT('',(2.022542476654,-6.,1.46946310997));
#3615=CARTESIAN_POINT('',(2.022542476654,-6.,1.46946310997));
#3616=CARTESIAN_POINT('',(2.377641201019,-6.,0.772542476654));
#3617=CARTESIAN_POINT('',(2.377641201019,-6.,0.772542476654));
#3618=CARTESIAN_POINT('',(2.5,-6.,0.));
#3619=CARTESIAN_POINT('',(2.5,-6.,0.));
#3620=CARTESIAN_POINT('',(2.377641201019,-6.,-0.772542476654));
#3621=CARTESIAN_POINT('',(2.377641201019,-6.,-0.772542476654));
#3622=CARTESIAN_POINT('',(2.022542476654,-6.,-1.46946310997));
#3623=CARTESIAN_POINT('',(2.022542476654,-6.,-1.46946310997));
#3624=CARTESIAN_POINT('',(1.46946310997,-6.,-2.022542476654));
#3625=CARTESIAN_POINT('',(1.46946310997,-6.,-2.022542476654));
#3626=CARTESIAN_POINT('',(0.772542476654,-6.,-2.377641201019));
#3627=CARTESIAN_POINT('',(0.772542476654,-6.,-2.377641201019));
#3628=CARTESIAN_POINT('',(0.,-6.,-2.5));
#3629=CARTESIAN_POINT('',(0.,-6.,-2.5));
#3630=CARTESIAN_POINT('',(-0.772542476654,-6.,-2.377641201019));
#3631=CARTESIAN_POINT('',(-0.772542476654,-6.,-2.377641201019));
#3632=CARTESIAN_POINT('',(-1.46946310997,-6.,-2.022542476654));
#3633=CARTESIAN_POINT('',(-1.46946310997,-6.,-2.022542476654));
#3634=CARTESIAN_POINT('',(-2.022542476654,-6.,-1.46946310997));
#3635=CARTESIAN_POINT('',(-2.022542476654,-6.,-1.46946310997));
#3636=CARTESIAN_POINT('',(-2.377641201019,-6.,-0.772542476654));
#3637=CARTESIAN_POINT('',(-2.377641201019,-6.,-0.772542476654));
#3638=CARTESIAN_POINT('',(-2.5,-6.,0.));
#3639=CARTESIAN_POINT('Origin',(0.,-16.24218759029,-8.699999809265));
#3640=CARTESIAN_POINT('',(-8.,-21.,-8.699999809265));
#3641=CARTESIAN_POINT('',(-8.,-6.,-8.699999809265));
#3642=CARTESIAN_POINT('',(8.,-21.,-8.699999809265));
#3643=CARTESIAN_POINT('',(8.,-21.,-8.699999809265));
#3644=CARTESIAN_POINT('',(7.72740650177,-23.07055282592,-8.699999809265));
#3645=CARTESIAN_POINT('',(7.72740650177,-23.07055282592,-8.699999809265));
#3646=CARTESIAN_POINT('',(6.928203105927,-25.,-8.699999809265));
#3647=CARTESIAN_POINT('',(6.928203105927,-25.,-8.699999809265));
#3648=CARTESIAN_POINT('',(5.656854152679,-26.65685462951,-8.699999809265));
#3649=CARTESIAN_POINT('',(5.656854152679,-26.65685462951,-8.699999809265));
#3650=CARTESIAN_POINT('',(4.,-27.92820358276,-8.699999809265));
#3651=CARTESIAN_POINT('',(4.,-27.92820358276,-8.699999809265));
#3652=CARTESIAN_POINT('',(2.070552349091,-28.72740745544,-8.699999809265));
#3653=CARTESIAN_POINT('',(2.070552349091,-28.72740745544,-8.699999809265));
#3654=CARTESIAN_POINT('',(0.,-29.,-8.699999809265));
#3655=CARTESIAN_POINT('',(0.,-29.,-8.699999809265));
#3656=CARTESIAN_POINT('',(-2.070552349091,-28.72740745544,-8.699999809265));
#3657=CARTESIAN_POINT('',(-2.070552349091,-28.72740745544,-8.699999809265));
#3658=CARTESIAN_POINT('',(-4.,-27.92820358276,-8.699999809265));
#3659=CARTESIAN_POINT('',(-4.,-27.92820358276,-8.699999809265));
#3660=CARTESIAN_POINT('',(-5.656854152679,-26.65685462951,-8.699999809265));
#3661=CARTESIAN_POINT('',(-5.656854152679,-26.65685462951,-8.699999809265));
#3662=CARTESIAN_POINT('',(-6.928203105927,-25.,-8.699999809265));
#3663=CARTESIAN_POINT('',(-6.928203105927,-25.,-8.699999809265));
#3664=CARTESIAN_POINT('',(-7.72740650177,-23.07055282592,-8.699999809265));
#3665=CARTESIAN_POINT('',(-7.72740650177,-23.07055282592,-8.699999809265));
#3666=CARTESIAN_POINT('',(-8.,-21.,-8.699999809265));
#3667=CARTESIAN_POINT('',(-3.438322305679,-18.50191307067,-8.699999809265));
#3668=CARTESIAN_POINT('',(-4.041990280151,-19.68667793273,-8.699999809265));
#3669=CARTESIAN_POINT('',(-3.438322305679,-18.50191307067,-8.699999809265));
#3670=CARTESIAN_POINT('',(-4.25,-21.,-8.699999809265));
#3671=CARTESIAN_POINT('',(-4.041990280151,-19.68667793273,-8.699999809265));
#3672=CARTESIAN_POINT('',(-4.041990280151,-22.31332206726,-8.699999809265));
#3673=CARTESIAN_POINT('',(-4.25,-21.,-8.699999809265));
#3674=CARTESIAN_POINT('',(-3.438322305679,-23.49808692932,-8.699999809265));
#3675=CARTESIAN_POINT('',(-4.041990280151,-22.31332206726,-8.699999809265));
#3676=CARTESIAN_POINT('',(-2.498087406158,-24.43832206726,-8.699999809265));
#3677=CARTESIAN_POINT('',(-3.438322305679,-23.49808692932,-8.699999809265));
#3678=CARTESIAN_POINT('',(-1.31332218647,-25.04199028015,-8.699999809265));
#3679=CARTESIAN_POINT('',(-2.498087406158,-24.43832206726,-8.699999809265));
#3680=CARTESIAN_POINT('',(0.,-25.25,-8.699999809265));
#3681=CARTESIAN_POINT('',(-1.31332218647,-25.04199028015,-8.699999809265));
#3682=CARTESIAN_POINT('',(1.31332218647,-25.04199028015,-8.699999809265));
#3683=CARTESIAN_POINT('',(0.,-25.25,-8.699999809265));
#3684=CARTESIAN_POINT('',(2.498087406158,-24.43832206726,-8.699999809265));
#3685=CARTESIAN_POINT('',(1.31332218647,-25.04199028015,-8.699999809265));
#3686=CARTESIAN_POINT('',(3.438322305679,-23.49808692932,-8.699999809265));
#3687=CARTESIAN_POINT('',(2.498087406158,-24.43832206726,-8.699999809265));
#3688=CARTESIAN_POINT('',(4.041990280151,-22.31332206726,-8.699999809265));
#3689=CARTESIAN_POINT('',(3.438322305679,-23.49808692932,-8.699999809265));
#3690=CARTESIAN_POINT('',(4.25,-21.,-8.699999809265));
#3691=CARTESIAN_POINT('',(4.041990280151,-22.31332206726,-8.699999809265));
#3692=CARTESIAN_POINT('',(4.041990280151,-19.68667793273,-8.699999809265));
#3693=CARTESIAN_POINT('',(4.25,-21.,-8.699999809265));
#3694=CARTESIAN_POINT('',(3.438322305679,-18.50191307067,-8.699999809265));
#3695=CARTESIAN_POINT('',(4.041990280151,-19.68667793273,-8.699999809265));
#3696=CARTESIAN_POINT('',(2.498087406158,-17.56167793273,-8.699999809265));
#3697=CARTESIAN_POINT('',(3.438322305679,-18.50191307067,-8.699999809265));
#3698=CARTESIAN_POINT('',(1.31332218647,-16.95800971984,-8.699999809265));
#3699=CARTESIAN_POINT('',(2.498087406158,-17.56167793273,-8.699999809265));
#3700=CARTESIAN_POINT('',(0.,-16.75,-8.699999809265));
#3701=CARTESIAN_POINT('',(1.31332218647,-16.95800971984,-8.699999809265));
#3702=CARTESIAN_POINT('',(-1.31332218647,-16.95800971984,-8.699999809265));
#3703=CARTESIAN_POINT('',(0.,-16.75,-8.699999809265));
#3704=CARTESIAN_POINT('',(-2.498087406158,-17.56167793273,-8.699999809265));
#3705=CARTESIAN_POINT('',(-1.31332218647,-16.95800971984,-8.699999809265));
#3706=CARTESIAN_POINT('',(-2.498087406158,-17.56167793273,-8.699999809265));
#3707=CARTESIAN_POINT('Origin',(7.863703250885,-22.03527641296,-6.449999809265));
#3708=CARTESIAN_POINT('',(7.72740650177,-23.07055282592,-4.199999809265));
#3709=CARTESIAN_POINT('',(7.72740650177,-23.07055282592,-4.199999809265));
#3710=CARTESIAN_POINT('',(8.,-21.,-4.199999809265));
#3711=CARTESIAN_POINT('',(8.,-21.,-8.699999809265));
#3712=CARTESIAN_POINT('',(8.,-21.,-4.199999809265));
#3713=CARTESIAN_POINT('Origin',(0.,-16.24218759029,-4.199999809265));
#3714=CARTESIAN_POINT('',(8.,-6.,-4.199999809265));
#3715=CARTESIAN_POINT('',(-8.,-21.,-4.199999809265));
#3716=CARTESIAN_POINT('',(-8.,-21.,-4.199999809265));
#3717=CARTESIAN_POINT('',(-7.72740650177,-23.07055282592,-4.199999809265));
#3718=CARTESIAN_POINT('',(-7.72740650177,-23.07055282592,-4.199999809265));
#3719=CARTESIAN_POINT('',(-6.928203105927,-25.,-4.199999809265));
#3720=CARTESIAN_POINT('',(-6.928203105927,-25.,-4.199999809265));
#3721=CARTESIAN_POINT('',(-5.656854152679,-26.65685462951,-4.199999809265));
#3722=CARTESIAN_POINT('',(-5.656854152679,-26.65685462951,-4.199999809265));
#3723=CARTESIAN_POINT('',(-4.,-27.92820358276,-4.199999809265));
#3724=CARTESIAN_POINT('',(-4.,-27.92820358276,-4.199999809265));
#3725=CARTESIAN_POINT('',(-2.070552349091,-28.72740745544,-4.199999809265));
#3726=CARTESIAN_POINT('',(-2.070552349091,-28.72740745544,-4.199999809265));
#3727=CARTESIAN_POINT('',(0.,-29.,-4.199999809265));
#3728=CARTESIAN_POINT('',(0.,-29.,-4.199999809265));
#3729=CARTESIAN_POINT('',(2.070552349091,-28.72740745544,-4.199999809265));
#3730=CARTESIAN_POINT('',(2.070552349091,-28.72740745544,-4.199999809265));
#3731=CARTESIAN_POINT('',(4.,-27.92820358276,-4.199999809265));
#3732=CARTESIAN_POINT('',(4.,-27.92820358276,-4.199999809265));
#3733=CARTESIAN_POINT('',(5.656854152679,-26.65685462951,-4.199999809265));
#3734=CARTESIAN_POINT('',(5.656854152679,-26.65685462951,-4.199999809265));
#3735=CARTESIAN_POINT('',(6.928203105927,-25.,-4.199999809265));
#3736=CARTESIAN_POINT('',(6.928203105927,-25.,-4.199999809265));
#3737=CARTESIAN_POINT('',(7.72740650177,-23.07055282592,-4.199999809265));
#3738=CARTESIAN_POINT('',(0.,-16.75,-4.199999809265));
#3739=CARTESIAN_POINT('',(1.31332218647,-16.95800971984,-4.199999809265));
#3740=CARTESIAN_POINT('',(0.,-16.75,-4.199999809265));
#3741=CARTESIAN_POINT('',(2.498087406158,-17.56167793273,-4.199999809265));
#3742=CARTESIAN_POINT('',(1.31332218647,-16.95800971984,-4.199999809265));
#3743=CARTESIAN_POINT('',(3.438322305679,-18.50191307067,-4.199999809265));
#3744=CARTESIAN_POINT('',(2.498087406158,-17.56167793273,-4.199999809265));
#3745=CARTESIAN_POINT('',(4.041990280151,-19.68667793273,-4.199999809265));
#3746=CARTESIAN_POINT('',(3.438322305679,-18.50191307067,-4.199999809265));
#3747=CARTESIAN_POINT('',(4.25,-21.,-4.199999809265));
#3748=CARTESIAN_POINT('',(4.041990280151,-19.68667793273,-4.199999809265));
#3749=CARTESIAN_POINT('',(4.041990280151,-22.31332206726,-4.199999809265));
#3750=CARTESIAN_POINT('',(4.25,-21.,-4.199999809265));
#3751=CARTESIAN_POINT('',(3.438322305679,-23.49808692932,-4.199999809265));
#3752=CARTESIAN_POINT('',(4.041990280151,-22.31332206726,-4.199999809265));
#3753=CARTESIAN_POINT('',(2.498087406158,-24.43832206726,-4.199999809265));
#3754=CARTESIAN_POINT('',(3.438322305679,-23.49808692932,-4.199999809265));
#3755=CARTESIAN_POINT('',(1.31332218647,-25.04199028015,-4.199999809265));
#3756=CARTESIAN_POINT('',(2.498087406158,-24.43832206726,-4.199999809265));
#3757=CARTESIAN_POINT('',(0.,-25.25,-4.199999809265));
#3758=CARTESIAN_POINT('',(1.31332218647,-25.04199028015,-4.199999809265));
#3759=CARTESIAN_POINT('',(-1.31332218647,-25.04199028015,-4.199999809265));
#3760=CARTESIAN_POINT('',(0.,-25.25,-4.199999809265));
#3761=CARTESIAN_POINT('',(-2.498087406158,-24.43832206726,-4.199999809265));
#3762=CARTESIAN_POINT('',(-1.31332218647,-25.04199028015,-4.199999809265));
#3763=CARTESIAN_POINT('',(-3.438322305679,-23.49808692932,-4.199999809265));
#3764=CARTESIAN_POINT('',(-2.498087406158,-24.43832206726,-4.199999809265));
#3765=CARTESIAN_POINT('',(-4.041990280151,-22.31332206726,-4.199999809265));
#3766=CARTESIAN_POINT('',(-3.438322305679,-23.49808692932,-4.199999809265));
#3767=CARTESIAN_POINT('',(-4.25,-21.,-4.199999809265));
#3768=CARTESIAN_POINT('',(-4.041990280151,-22.31332206726,-4.199999809265));
#3769=CARTESIAN_POINT('',(-4.041990280151,-19.68667793273,-4.199999809265));
#3770=CARTESIAN_POINT('',(-4.25,-21.,-4.199999809265));
#3771=CARTESIAN_POINT('',(-3.438322305679,-18.50191307067,-4.199999809265));
#3772=CARTESIAN_POINT('',(-4.041990280151,-19.68667793273,-4.199999809265));
#3773=CARTESIAN_POINT('',(-2.498087406158,-17.56167793273,-4.199999809265));
#3774=CARTESIAN_POINT('',(-3.438322305679,-18.50191307067,-4.199999809265));
#3775=CARTESIAN_POINT('',(-1.31332218647,-16.95800971984,-4.199999809265));
#3776=CARTESIAN_POINT('',(-2.498087406158,-17.56167793273,-4.199999809265));
#3777=CARTESIAN_POINT('',(-1.31332218647,-16.95800971984,-4.199999809265));
#3778=CARTESIAN_POINT('Origin',(7.327804803848,-24.03527641296,-6.449999809265));
#3779=CARTESIAN_POINT('',(6.928203105927,-25.,-4.199999809265));
#3780=CARTESIAN_POINT('Origin',(6.292528629303,-25.82842731475,-6.449999809265));
#3781=CARTESIAN_POINT('',(5.656854152679,-26.65685462951,-4.199999809265));
#3782=CARTESIAN_POINT('Origin',(4.82842707634,-27.29252910614,-6.449999809265));
#3783=CARTESIAN_POINT('',(4.,-27.92820358276,-4.199999809265));
#3784=CARTESIAN_POINT('Origin',(3.035276174545,-28.3278055191,-6.449999809265));
#3785=CARTESIAN_POINT('',(2.070552349091,-28.72740745544,-4.199999809265));
#3786=CARTESIAN_POINT('Origin',(1.035276174545,-28.86370372772,-6.449999809265));
#3787=CARTESIAN_POINT('',(0.,-29.,-4.199999809265));
#3788=CARTESIAN_POINT('Origin',(-1.035276174545,-28.86370372772,-6.449999809265));
#3789=CARTESIAN_POINT('',(-2.070552349091,-28.72740745544,-4.199999809265));
#3790=CARTESIAN_POINT('Origin',(-3.035276174545,-28.3278055191,-6.449999809265));
#3791=CARTESIAN_POINT('',(-4.,-27.92820358276,-4.199999809265));
#3792=CARTESIAN_POINT('Origin',(-4.82842707634,-27.29252910614,-6.449999809265));
#3793=CARTESIAN_POINT('',(-5.656854152679,-26.65685462951,-4.199999809265));
#3794=CARTESIAN_POINT('Origin',(-6.292528629303,-25.82842731475,-6.449999809265));
#3795=CARTESIAN_POINT('',(-6.928203105927,-25.,-4.199999809265));
#3796=CARTESIAN_POINT('Origin',(-7.327804803848,-24.03527641296,-6.449999809265));
#3797=CARTESIAN_POINT('',(-7.72740650177,-23.07055282592,-4.199999809265));
#3798=CARTESIAN_POINT('Origin',(-7.863703250885,-22.03527641296,-6.449999809265));
#3799=CARTESIAN_POINT('',(-8.,-21.,-8.699999809265));
#3800=CARTESIAN_POINT('Origin',(-8.,-13.5,-6.449999809265));
#3801=CARTESIAN_POINT('Origin',(4.126586914062,1.,12.247273445129));
#3802=CARTESIAN_POINT('',(2.794615745544,8.,12.696066856384));
#3803=CARTESIAN_POINT('',(2.794615745544,8.,12.696066856384));
#3804=CARTESIAN_POINT('',(5.458558082581,8.,11.798480033875));
#3805=CARTESIAN_POINT('',(5.458558082581,8.,11.798480033875));
#3806=CARTESIAN_POINT('',(2.794615745544,8.,12.696066856384));
#3807=CARTESIAN_POINT('Origin',(6.6629114151,1.,11.073844909668));
#3808=CARTESIAN_POINT('',(7.86726474762,8.,10.349209785461));
#3809=CARTESIAN_POINT('',(7.86726474762,8.,10.349209785461));
#3810=CARTESIAN_POINT('',(5.458558082581,8.,11.798480033875));
#3811=CARTESIAN_POINT('Origin',(8.887685775757,1.,9.382615566254));
#3812=CARTESIAN_POINT('',(9.908106803894,8.,8.416021347046));
#3813=CARTESIAN_POINT('',(9.908106803894,8.,8.416021347046));
#3814=CARTESIAN_POINT('',(7.86726474762,8.,10.349209785461));
#3815=CARTESIAN_POINT('Origin',(10.696881771088,1.,7.252665519714));
#3816=CARTESIAN_POINT('',(11.485656738281,8.,6.089309692383));
#3817=CARTESIAN_POINT('',(11.485656738281,8.,6.089309692383));
#3818=CARTESIAN_POINT('',(9.908106803894,8.,8.416021347046));
#3819=CARTESIAN_POINT('Origin',(12.005903244019,1.,4.78358900547));
#3820=CARTESIAN_POINT('',(12.526149749756,8.,3.477868318558));
#3821=CARTESIAN_POINT('',(12.526149749756,8.,3.477868318558));
#3822=CARTESIAN_POINT('',(11.485656738281,8.,6.089309692383));
#3823=CARTESIAN_POINT('Origin',(12.753541946411,1.,2.090837061405));
#3824=CARTESIAN_POINT('',(12.980934143066,8.,0.703805804253));
#3825=CARTESIAN_POINT('',(12.980934143066,8.,0.703805804253));
#3826=CARTESIAN_POINT('',(12.526149749756,8.,3.477868318558));
#3827=CARTESIAN_POINT('Origin',(11.418327331543,1.,-6.053613901138));
#3828=CARTESIAN_POINT('',(12.076697349548,8.,-4.811796188354));
#3829=CARTESIAN_POINT('',(12.076697349548,8.,-4.811796188354));
#3830=CARTESIAN_POINT('',(10.759957313538,8.,-7.295431613922));
#3831=CARTESIAN_POINT('',(10.759957313538,8.,-7.295431613922));
#3832=CARTESIAN_POINT('',(12.076697349548,8.,-4.811796188354));
#3833=CARTESIAN_POINT('Origin',(9.850025177002,1.,-8.366686582565));
#3834=CARTESIAN_POINT('',(8.940093040466,8.,-9.437941551208));
#3835=CARTESIAN_POINT('',(8.940093040466,8.,-9.437941551208));
#3836=CARTESIAN_POINT('',(10.759957313538,8.,-7.295431613922));
#3837=CARTESIAN_POINT('Origin',(7.82114648819,1.,-10.28854227066));
#3838=CARTESIAN_POINT('',(6.702199935913,8.,-11.13914299011));
#3839=CARTESIAN_POINT('',(6.702199935913,8.,-11.13914299011));
#3840=CARTESIAN_POINT('',(8.940093040466,8.,-9.437941551208));
#3841=CARTESIAN_POINT('Origin',(5.426559925079,1.,-11.72931718826));
#3842=CARTESIAN_POINT('',(4.150919914246,8.,-12.31949138641));
#3843=CARTESIAN_POINT('',(4.150919914246,8.,-12.31949138641));
#3844=CARTESIAN_POINT('',(6.702199935913,8.,-11.13914299011));
#3845=CARTESIAN_POINT('Origin',(2.778233587742,1.,-12.62164258956));
#3846=CARTESIAN_POINT('',(1.405547261238,8.,-12.92379379272));
#3847=CARTESIAN_POINT('',(1.405547261238,8.,-12.92379379272));
#3848=CARTESIAN_POINT('',(4.150919914246,8.,-12.31949138641));
#3849=CARTESIAN_POINT('Origin',(0.,1.,-12.92379379272));
#3850=CARTESIAN_POINT('',(-1.405547261238,8.,-12.92379379272));
#3851=CARTESIAN_POINT('',(-1.405547261238,8.,-12.92379379272));
#3852=CARTESIAN_POINT('',(1.405547261238,8.,-12.92379379272));
#3853=CARTESIAN_POINT('Origin',(-2.778233587742,1.,-12.62164258956));
#3854=CARTESIAN_POINT('',(-4.150919914246,8.,-12.31949138641));
#3855=CARTESIAN_POINT('',(-4.150919914246,8.,-12.31949138641));
#3856=CARTESIAN_POINT('',(-1.405547261238,8.,-12.92379379272));
#3857=CARTESIAN_POINT('Origin',(-5.426559925079,1.,-11.72931718826));
#3858=CARTESIAN_POINT('',(-6.702199935913,8.,-11.13914299011));
#3859=CARTESIAN_POINT('',(-6.702199935913,8.,-11.13914299011));
#3860=CARTESIAN_POINT('',(-4.150919914246,8.,-12.31949138641));
#3861=CARTESIAN_POINT('Origin',(-7.82114648819,1.,-10.28854227066));
#3862=CARTESIAN_POINT('',(-8.940093040466,8.,-9.437941551208));
#3863=CARTESIAN_POINT('',(-8.940093040466,8.,-9.437941551208));
#3864=CARTESIAN_POINT('',(-6.702199935913,8.,-11.13914299011));
#3865=CARTESIAN_POINT('Origin',(-9.850025177002,1.,-8.366686582565));
#3866=CARTESIAN_POINT('',(-10.75995731353,8.,-7.295431613922));
#3867=CARTESIAN_POINT('',(-10.75995731353,8.,-7.295431613922));
#3868=CARTESIAN_POINT('',(-8.940093040466,8.,-9.437941551208));
#3869=CARTESIAN_POINT('Origin',(-11.41832733154,1.,-6.053613901138));
#3870=CARTESIAN_POINT('',(-12.07669734954,8.,-4.811796188354));
#3871=CARTESIAN_POINT('',(-12.07669734954,8.,-4.811796188354));
#3872=CARTESIAN_POINT('',(-10.75995731353,8.,-7.295431613922));
#3873=CARTESIAN_POINT('Origin',(-12.45272111892,1.,-3.457481026649));
#3874=CARTESIAN_POINT('',(-12.8287448883,8.,-2.103165864944));
#3875=CARTESIAN_POINT('',(-12.8287448883,8.,-2.103165864944));
#3876=CARTESIAN_POINT('',(-12.07669734954,8.,-4.811796188354));
#3877=CARTESIAN_POINT('Origin',(-12.90483951568,1.,-0.699680030346));
#3878=CARTESIAN_POINT('',(-12.98093414306,8.,0.703805804253));
#3879=CARTESIAN_POINT('',(-12.98093414306,8.,0.703805804253));
#3880=CARTESIAN_POINT('',(-12.8287448883,8.,-2.103165864944));
#3881=CARTESIAN_POINT('Origin',(-12.75354194641,1.,2.090837061405));
#3882=CARTESIAN_POINT('',(-12.52614974975,8.,3.477868318558));
#3883=CARTESIAN_POINT('',(-12.52614974975,8.,3.477868318558));
#3884=CARTESIAN_POINT('',(-12.98093414306,8.,0.703805804253));
#3885=CARTESIAN_POINT('Origin',(-12.00590324401,1.,4.78358900547));
#3886=CARTESIAN_POINT('',(-11.48565673828,8.,6.089309692383));
#3887=CARTESIAN_POINT('',(-11.48565673828,8.,6.089309692383));
#3888=CARTESIAN_POINT('',(-12.52614974975,8.,3.477868318558));
#3889=CARTESIAN_POINT('Origin',(-10.69688177108,1.,7.252665519714));
#3890=CARTESIAN_POINT('',(-9.908106803894,8.,8.416021347046));
#3891=CARTESIAN_POINT('',(-9.908106803894,8.,8.416021347046));
#3892=CARTESIAN_POINT('',(-11.48565673828,8.,6.089309692383));
#3893=CARTESIAN_POINT('Origin',(-8.887685775757,1.,9.382615566254));
#3894=CARTESIAN_POINT('',(-7.86726474762,8.,10.349209785461));
#3895=CARTESIAN_POINT('',(-7.86726474762,8.,10.349209785461));
#3896=CARTESIAN_POINT('',(-9.908106803894,8.,8.416021347046));
#3897=CARTESIAN_POINT('Origin',(-6.6629114151,1.,11.073844909668));
#3898=CARTESIAN_POINT('',(-5.458558082581,8.,11.798480033875));
#3899=CARTESIAN_POINT('',(-5.458558082581,8.,11.798480033875));
#3900=CARTESIAN_POINT('',(-7.86726474762,8.,10.349209785461));
#3901=CARTESIAN_POINT('Origin',(-4.126586914062,1.,12.247273445129));
#3902=CARTESIAN_POINT('',(-2.794615745544,8.,12.696066856384));
#3903=CARTESIAN_POINT('',(-2.794615745544,8.,12.696066856384));
#3904=CARTESIAN_POINT('',(-5.458558082581,8.,11.798480033875));
#3905=CARTESIAN_POINT('Origin',(-1.397307872772,1.,12.848033428192));
#3906=CARTESIAN_POINT('',(0.,8.,13.));
#3907=CARTESIAN_POINT('',(0.,8.,13.));
#3908=CARTESIAN_POINT('',(-2.794615745544,8.,12.696066856384));
#3909=CARTESIAN_POINT('Origin',(1.397307872772,1.,12.848033428192));
#3910=CARTESIAN_POINT('',(0.,8.,13.));
#3911=CARTESIAN_POINT('Origin',(12.990467071533,1.,0.351902902126));
#3912=CARTESIAN_POINT('',(13.,8.,0.));
#3913=CARTESIAN_POINT('',(13.,-6.,0.));
#3914=CARTESIAN_POINT('',(12.980934143066,8.,0.703805804253));
#3915=CARTESIAN_POINT('Origin',(0.001476378955468,8.,-5.348039546886E-5));
#3916=CARTESIAN_POINT('',(12.828744888306,8.,-2.103165864944));
#3917=CARTESIAN_POINT('',(13.,8.,0.));
#3918=CARTESIAN_POINT('',(12.828744888306,8.,-2.103165864944));
#3919=CARTESIAN_POINT('Origin',(0.001771315025186,2.,-7.408673473336E-5));
#3920=CARTESIAN_POINT('',(-0.772542476654,2.,2.377641201019));
#3921=CARTESIAN_POINT('',(0.,2.,2.5));
#3922=CARTESIAN_POINT('',(-0.772542476654,2.,2.377641201019));
#3923=CARTESIAN_POINT('',(-1.46946310997,2.,2.022542476654));
#3924=CARTESIAN_POINT('',(-1.46946310997,2.,2.022542476654));
#3925=CARTESIAN_POINT('',(-2.022542476654,2.,1.46946310997));
#3926=CARTESIAN_POINT('',(-2.022542476654,2.,1.46946310997));
#3927=CARTESIAN_POINT('',(-2.377641201019,2.,0.772542476654));
#3928=CARTESIAN_POINT('',(-2.377641201019,2.,0.772542476654));
#3929=CARTESIAN_POINT('',(-2.5,2.,0.));
#3930=CARTESIAN_POINT('',(-2.5,2.,0.));
#3931=CARTESIAN_POINT('',(-2.377641201019,2.,-0.772542476654));
#3932=CARTESIAN_POINT('',(-2.377641201019,2.,-0.772542476654));
#3933=CARTESIAN_POINT('',(-2.022542476654,2.,-1.46946310997));
#3934=CARTESIAN_POINT('',(-2.022542476654,2.,-1.46946310997));
#3935=CARTESIAN_POINT('',(-1.46946310997,2.,-2.022542476654));
#3936=CARTESIAN_POINT('',(-1.46946310997,2.,-2.022542476654));
#3937=CARTESIAN_POINT('',(-0.772542476654,2.,-2.377641201019));
#3938=CARTESIAN_POINT('',(-0.772542476654,2.,-2.377641201019));
#3939=CARTESIAN_POINT('',(0.,2.,-2.5));
#3940=CARTESIAN_POINT('',(0.,2.,-2.5));
#3941=CARTESIAN_POINT('',(0.772542476654,2.,-2.377641201019));
#3942=CARTESIAN_POINT('',(0.772542476654,2.,-2.377641201019));
#3943=CARTESIAN_POINT('',(1.46946310997,2.,-2.022542476654));
#3944=CARTESIAN_POINT('',(1.46946310997,2.,-2.022542476654));
#3945=CARTESIAN_POINT('',(2.022542476654,2.,-1.46946310997));
#3946=CARTESIAN_POINT('',(2.022542476654,2.,-1.46946310997));
#3947=CARTESIAN_POINT('',(2.377641201019,2.,-0.772542476654));
#3948=CARTESIAN_POINT('',(2.377641201019,2.,-0.772542476654));
#3949=CARTESIAN_POINT('',(2.5,2.,0.));
#3950=CARTESIAN_POINT('',(2.5,2.,0.));
#3951=CARTESIAN_POINT('',(2.377641201019,2.,0.772542476654));
#3952=CARTESIAN_POINT('',(2.377641201019,2.,0.772542476654));
#3953=CARTESIAN_POINT('',(2.022542476654,2.,1.46946310997));
#3954=CARTESIAN_POINT('',(2.022542476654,2.,1.46946310997));
#3955=CARTESIAN_POINT('',(1.46946310997,2.,2.022542476654));
#3956=CARTESIAN_POINT('',(1.46946310997,2.,2.022542476654));
#3957=CARTESIAN_POINT('',(0.772542476654,2.,2.377641201019));
#3958=CARTESIAN_POINT('',(0.772542476654,2.,2.377641201019));
#3959=CARTESIAN_POINT('',(0.,2.,2.5));
#3960=CARTESIAN_POINT('Origin',(-1.121002793312,-2.,2.200091838837));
#3961=CARTESIAN_POINT('',(-0.772542476654,2.,2.377641201019));
#3962=CARTESIAN_POINT('',(-1.46946310997,2.,2.022542476654));
#3963=CARTESIAN_POINT('Origin',(-1.746002793312,-2.,1.746002793312));
#3964=CARTESIAN_POINT('',(-2.022542476654,2.,1.46946310997));
#3965=CARTESIAN_POINT('Origin',(-2.200091838837,-2.,1.121002793312));
#3966=CARTESIAN_POINT('',(-2.377641201019,2.,0.772542476654));
#3967=CARTESIAN_POINT('Origin',(-2.43882060051,-2.,0.386271238327));
#3968=CARTESIAN_POINT('',(-2.5,2.,0.));
#3969=CARTESIAN_POINT('Origin',(-2.43882060051,-2.,-0.386271238327));
#3970=CARTESIAN_POINT('',(-2.377641201019,2.,-0.772542476654));
#3971=CARTESIAN_POINT('Origin',(-2.200091838837,-2.,-1.121002793312));
#3972=CARTESIAN_POINT('',(-2.022542476654,2.,-1.46946310997));
#3973=CARTESIAN_POINT('Origin',(-1.746002793312,-2.,-1.746002793312));
#3974=CARTESIAN_POINT('',(-1.46946310997,2.,-2.022542476654));
#3975=CARTESIAN_POINT('Origin',(-1.121002793312,-2.,-2.200091838837));
#3976=CARTESIAN_POINT('',(-0.772542476654,2.,-2.377641201019));
#3977=CARTESIAN_POINT('Origin',(-0.386271238327,-2.,-2.43882060051));
#3978=CARTESIAN_POINT('',(0.,2.,-2.5));
#3979=CARTESIAN_POINT('Origin',(0.386271238327,-2.,-2.43882060051));
#3980=CARTESIAN_POINT('',(0.772542476654,2.,-2.377641201019));
#3981=CARTESIAN_POINT('Origin',(1.121002793312,-2.,-2.200091838837));
#3982=CARTESIAN_POINT('',(1.46946310997,2.,-2.022542476654));
#3983=CARTESIAN_POINT('Origin',(1.746002793312,-2.,-1.746002793312));
#3984=CARTESIAN_POINT('',(2.022542476654,2.,-1.46946310997));
#3985=CARTESIAN_POINT('Origin',(2.200091838837,-2.,-1.121002793312));
#3986=CARTESIAN_POINT('',(2.377641201019,2.,-0.772542476654));
#3987=CARTESIAN_POINT('Origin',(2.43882060051,-2.,-0.386271238327));
#3988=CARTESIAN_POINT('',(2.5,2.,0.));
#3989=CARTESIAN_POINT('Origin',(2.43882060051,-2.,0.386271238327));
#3990=CARTESIAN_POINT('',(2.377641201019,2.,0.772542476654));
#3991=CARTESIAN_POINT('Origin',(2.200091838837,-2.,1.121002793312));
#3992=CARTESIAN_POINT('',(2.022542476654,2.,1.46946310997));
#3993=CARTESIAN_POINT('Origin',(1.746002793312,-2.,1.746002793312));
#3994=CARTESIAN_POINT('',(1.46946310997,2.,2.022542476654));
#3995=CARTESIAN_POINT('Origin',(1.121002793312,-2.,2.200091838837));
#3996=CARTESIAN_POINT('',(0.772542476654,2.,2.377641201019));
#3997=CARTESIAN_POINT('Origin',(0.386271238327,-2.,2.43882060051));
#3998=CARTESIAN_POINT('',(0.,2.,2.5));
#3999=CARTESIAN_POINT('Origin',(-0.386271238327,-2.,2.43882060051));
#4000=CARTESIAN_POINT('Origin',(12.914372444153,1.,-1.051582932472));
#4001=CARTESIAN_POINT('',(12.828744888306,-6.,-2.103165864944));
#4002=CARTESIAN_POINT('Origin',(12.452721118927,1.,-3.457481026649));
#4003=CARTESIAN_POINT('Origin',(8.,-13.5,6.449999809265));
#4004=CARTESIAN_POINT('Origin',(8.,-13.5,-6.449999809265));
#4005=CARTESIAN_POINT('Origin',(-4.145995140076,-21.65666103363,6.449999809265));
#4006=CARTESIAN_POINT('',(-4.25,-21.,4.199999809265));
#4007=CARTESIAN_POINT('',(-4.041990280151,-22.31332206726,4.199999809265));
#4008=CARTESIAN_POINT('Origin',(-4.145995140076,-21.65666103363,-6.449999809265));
#4009=CARTESIAN_POINT('',(-4.041990280151,-22.31332206726,-4.199999809265));
#4010=CARTESIAN_POINT('',(-4.25,-21.,-4.199999809265));
#4011=CARTESIAN_POINT('Origin',(-3.740156292915,-22.90570449829,6.449999809265));
#4012=CARTESIAN_POINT('',(-3.438322305679,-23.49808692932,4.199999809265));
#4013=CARTESIAN_POINT('Origin',(-3.740156292915,-22.90570449829,-6.449999809265));
#4014=CARTESIAN_POINT('',(-3.438322305679,-23.49808692932,-4.199999809265));
#4015=CARTESIAN_POINT('Origin',(-2.968204855919,-23.96820449829,6.449999809265));
#4016=CARTESIAN_POINT('',(-2.498087406158,-24.43832206726,4.199999809265));
#4017=CARTESIAN_POINT('Origin',(-2.968204855919,-23.96820449829,-6.449999809265));
#4018=CARTESIAN_POINT('',(-2.498087406158,-24.43832206726,-4.199999809265));
#4019=CARTESIAN_POINT('Origin',(-1.905704796314,-24.7401561737,6.449999809265));
#4020=CARTESIAN_POINT('',(-1.31332218647,-25.04199028015,4.199999809265));
#4021=CARTESIAN_POINT('Origin',(-1.905704796314,-24.7401561737,-6.449999809265));
#4022=CARTESIAN_POINT('',(-1.31332218647,-25.04199028015,-4.199999809265));
#4023=CARTESIAN_POINT('Origin',(-0.656661093235,-25.14599514007,6.449999809265));
#4024=CARTESIAN_POINT('',(0.,-25.25,4.199999809265));
#4025=CARTESIAN_POINT('Origin',(-0.656661093235,-25.14599514007,-6.449999809265));
#4026=CARTESIAN_POINT('',(0.,-25.25,-4.199999809265));
#4027=CARTESIAN_POINT('Origin',(0.656661093235,-25.14599514007,6.449999809265));
#4028=CARTESIAN_POINT('',(1.31332218647,-25.04199028015,4.199999809265));
#4029=CARTESIAN_POINT('Origin',(0.656661093235,-25.14599514007,-6.449999809265));
#4030=CARTESIAN_POINT('',(1.31332218647,-25.04199028015,-4.199999809265));
#4031=CARTESIAN_POINT('Origin',(1.905704796314,-24.7401561737,6.449999809265));
#4032=CARTESIAN_POINT('',(2.498087406158,-24.43832206726,4.199999809265));
#4033=CARTESIAN_POINT('Origin',(1.905704796314,-24.7401561737,-6.449999809265));
#4034=CARTESIAN_POINT('',(2.498087406158,-24.43832206726,-4.199999809265));
#4035=CARTESIAN_POINT('Origin',(2.968204855919,-23.96820449829,6.449999809265));
#4036=CARTESIAN_POINT('',(3.438322305679,-23.49808692932,4.199999809265));
#4037=CARTESIAN_POINT('Origin',(2.968204855919,-23.96820449829,-6.449999809265));
#4038=CARTESIAN_POINT('',(3.438322305679,-23.49808692932,-4.199999809265));
#4039=CARTESIAN_POINT('Origin',(3.740156292915,-22.90570449829,6.449999809265));
#4040=CARTESIAN_POINT('',(4.041990280151,-22.31332206726,4.199999809265));
#4041=CARTESIAN_POINT('Origin',(3.740156292915,-22.90570449829,-6.449999809265));
#4042=CARTESIAN_POINT('',(4.041990280151,-22.31332206726,-4.199999809265));
#4043=CARTESIAN_POINT('Origin',(4.145995140076,-21.65666103363,6.449999809265));
#4044=CARTESIAN_POINT('',(4.25,-21.,4.199999809265));
#4045=CARTESIAN_POINT('Origin',(4.145995140076,-21.65666103363,-6.449999809265));
#4046=CARTESIAN_POINT('',(4.25,-21.,-4.199999809265));
#4047=CARTESIAN_POINT('Origin',(4.145995140076,-20.34333896637,6.449999809265));
#4048=CARTESIAN_POINT('',(4.041990280151,-19.68667793273,4.199999809265));
#4049=CARTESIAN_POINT('Origin',(4.145995140076,-20.34333896637,-6.449999809265));
#4050=CARTESIAN_POINT('',(4.041990280151,-19.68667793273,-4.199999809265));
#4051=CARTESIAN_POINT('Origin',(3.740156292915,-19.0942955017,6.449999809265));
#4052=CARTESIAN_POINT('',(3.438322305679,-18.50191307067,4.199999809265));
#4053=CARTESIAN_POINT('Origin',(3.740156292915,-19.0942955017,-6.449999809265));
#4054=CARTESIAN_POINT('',(3.438322305679,-18.50191307067,-4.199999809265));
#4055=CARTESIAN_POINT('Origin',(2.968204855919,-18.0317955017,6.449999809265));
#4056=CARTESIAN_POINT('',(2.498087406158,-17.56167793273,4.199999809265));
#4057=CARTESIAN_POINT('Origin',(2.968204855919,-18.0317955017,-6.449999809265));
#4058=CARTESIAN_POINT('',(2.498087406158,-17.56167793273,-4.199999809265));
#4059=CARTESIAN_POINT('Origin',(1.905704796314,-17.25984382629,6.449999809265));
#4060=CARTESIAN_POINT('',(1.31332218647,-16.95800971984,4.199999809265));
#4061=CARTESIAN_POINT('Origin',(1.905704796314,-17.25984382629,-6.449999809265));
#4062=CARTESIAN_POINT('',(1.31332218647,-16.95800971984,-4.199999809265));
#4063=CARTESIAN_POINT('Origin',(0.656661093235,-16.85400485992,6.449999809265));
#4064=CARTESIAN_POINT('',(0.,-16.75,4.199999809265));
#4065=CARTESIAN_POINT('Origin',(0.656661093235,-16.85400485992,-6.449999809265));
#4066=CARTESIAN_POINT('',(0.,-16.75,-4.199999809265));
#4067=CARTESIAN_POINT('Origin',(-0.656661093235,-16.85400485992,6.449999809265));
#4068=CARTESIAN_POINT('',(-1.31332218647,-16.95800971984,4.199999809265));
#4069=CARTESIAN_POINT('Origin',(-0.656661093235,-16.85400485992,-6.449999809265));
#4070=CARTESIAN_POINT('',(-1.31332218647,-16.95800971984,-4.199999809265));
#4071=CARTESIAN_POINT('Origin',(-1.905704796314,-17.25984382629,6.449999809265));
#4072=CARTESIAN_POINT('',(-2.498087406158,-17.56167793273,4.199999809265));
#4073=CARTESIAN_POINT('Origin',(-1.905704796314,-17.25984382629,-6.449999809265));
#4074=CARTESIAN_POINT('',(-2.498087406158,-17.56167793273,-4.199999809265));
#4075=CARTESIAN_POINT('Origin',(-2.968204855919,-18.0317955017,6.449999809265));
#4076=CARTESIAN_POINT('',(-3.438322305679,-18.50191307067,4.199999809265));
#4077=CARTESIAN_POINT('Origin',(-2.968204855919,-18.0317955017,-6.449999809265));
#4078=CARTESIAN_POINT('',(-3.438322305679,-18.50191307067,-4.199999809265));
#4079=CARTESIAN_POINT('Origin',(-3.740156292915,-19.0942955017,6.449999809265));
#4080=CARTESIAN_POINT('',(-4.041990280151,-19.68667793273,4.199999809265));
#4081=CARTESIAN_POINT('Origin',(-3.740156292915,-19.0942955017,-6.449999809265));
#4082=CARTESIAN_POINT('',(-4.041990280151,-19.68667793273,-4.199999809265));
#4083=CARTESIAN_POINT('Origin',(-4.145995140076,-20.34333896637,6.449999809265));
#4084=CARTESIAN_POINT('Origin',(-4.145995140076,-20.34333896637,-6.449999809265));
#4085=UNCERTAINTY_MEASURE_WITH_UNIT(LENGTH_MEASURE(0.01),#4089,
'DISTANCE_ACCURACY_VALUE',
'Maximum model space distance between geometric entities at asserted c
onnectivities');
#4086=UNCERTAINTY_MEASURE_WITH_UNIT(LENGTH_MEASURE(0.01),#4089,
'DISTANCE_ACCURACY_VALUE',
'Maximum model space distance between geometric entities at asserted c
onnectivities');
#4087=(
GEOMETRIC_REPRESENTATION_CONTEXT(3)
GLOBAL_UNCERTAINTY_ASSIGNED_CONTEXT((#4085))
GLOBAL_UNIT_ASSIGNED_CONTEXT((#4089,#4091,#4092))
REPRESENTATION_CONTEXT('','3D')
);
#4088=(
GEOMETRIC_REPRESENTATION_CONTEXT(3)
GLOBAL_UNCERTAINTY_ASSIGNED_CONTEXT((#4086))
GLOBAL_UNIT_ASSIGNED_CONTEXT((#4089,#4091,#4092))
REPRESENTATION_CONTEXT('','3D')
);
#4089=(
LENGTH_UNIT()
NAMED_UNIT(*)
SI_UNIT(.MILLI.,.METRE.)
);
#4090=(
LENGTH_UNIT()
NAMED_UNIT(*)
SI_UNIT($,.METRE.)
);
#4091=(
NAMED_UNIT(*)
PLANE_ANGLE_UNIT()
SI_UNIT($,.RADIAN.)
);
#4092=(
NAMED_UNIT(*)
SI_UNIT($,.STERADIAN.)
SOLID_ANGLE_UNIT()
);
#4093=SHAPE_DEFINITION_REPRESENTATION(#4094,#4095);
#4094=PRODUCT_DEFINITION_SHAPE('',$,#4097);
#4095=SHAPE_REPRESENTATION('',(#2605),#4087);
#4096=PRODUCT_DEFINITION_CONTEXT('part definition',#4101,'design');
#4097=PRODUCT_DEFINITION('_2025_11_30_joint_spring001 (Solid)001',
'Unnamed-_2025_11_30_joint_spring001 (Solid)001 v2',#4098,#4096);
#4098=PRODUCT_DEFINITION_FORMATION('',$,#4103);
#4099=PRODUCT_RELATED_PRODUCT_CATEGORY(
'Unnamed-_2025_11_30_joint_spring001 (Solid)001 v2',
'Unnamed-_2025_11_30_joint_spring001 (Solid)001 v2',(#4103));
#4100=APPLICATION_PROTOCOL_DEFINITION('international standard',
'automotive_design',2009,#4101);
#4101=APPLICATION_CONTEXT(
'Core Data for Automotive Mechanical Design Process');
#4102=PRODUCT_CONTEXT('part definition',#4101,'mechanical');
#4103=PRODUCT('_2025_11_30_joint_spring001 (Solid)001',
'Unnamed-_2025_11_30_joint_spring001 (Solid)001 v2','FreeCAD Model',(#4102));
#4104=PRESENTATION_STYLE_ASSIGNMENT((#4106));
#4105=PRESENTATION_STYLE_ASSIGNMENT((#4107));
#4106=SURFACE_STYLE_USAGE(.BOTH.,#4108);
#4107=SURFACE_STYLE_USAGE(.BOTH.,#4109);
#4108=SURFACE_SIDE_STYLE('',(#4110));
#4109=SURFACE_SIDE_STYLE('',(#4111));
#4110=SURFACE_STYLE_FILL_AREA(#4112);
#4111=SURFACE_STYLE_FILL_AREA(#4113);
#4112=FILL_AREA_STYLE('Steel - Satin',(#4114));
#4113=FILL_AREA_STYLE('Opaque(114,121,128)',(#4115));
#4114=FILL_AREA_STYLE_COLOUR('Steel - Satin',#4116);
#4115=FILL_AREA_STYLE_COLOUR('Opaque(114,121,128)',#4117);
#4116=COLOUR_RGB('Steel - Satin',0.627450980392157,0.627450980392157,0.627450980392157);
#4117=COLOUR_RGB('Opaque(114,121,128)',0.447058823529412,0.474509803921569,
0.501960784313725);
ENDSEC;
END-ISO-10303-21;
