ISO-10303-21;
HEADER;
FILE_DESCRIPTION(('FreeCAD Model'),'2;1');
FILE_NAME('Open CASCADE Shape Model','2026-09-13T17:31:26',(''),(''),
  'Open CASCADE STEP processor 7.8','FreeCAD','Unknown');
FILE_SCHEMA(('AUTOMOTIVE_DESIGN { 1 0 10303 214 1 1 1 1 }'));
ENDSEC;
DATA;
#1 = APPLICATION_PROTOCOL_DEFINITION('international standard',
  'automotive_design',2000,#2);
#2 = APPLICATION_CONTEXT(
  'core data for automotive mechanical design processes');
#3 = SHAPE_DEFINITION_REPRESENTATION(#4,#10);
#4 = PRODUCT_DEFINITION_SHAPE('','',#5);
#5 = PRODUCT_DEFINITION('design','',#6,#9);
#6 = PRODUCT_DEFINITION_FORMATION('','',#7);
#7 = PRODUCT('_2025_11_30_joint_spring001 (Solid)001',
  '_2025_11_30_joint_spring001 (Solid)001','',(#8));
#8 = PRODUCT_CONTEXT('',#2,'mechanical');
#9 = PRODUCT_DEFINITION_CONTEXT('part definition',#2,'design');
#10 = ADVANCED_BREP_SHAPE_REPRESENTATION('',(#11,#15),#4893);
#11 = AXIS2_PLACEMENT_3D('',#12,#13,#14);
#12 = CARTESIAN_POINT('',(0.,0.,0.));
#13 = DIRECTION('',(0.,0.,1.));
#14 = DIRECTION('',(1.,0.,-0.));
#15 = MANIFOLD_SOLID_BREP('',#16);
#16 = CLOSED_SHELL('',(#17,#307,#338,#619,#636,#653,#670,#687,#704,#721,
    #738,#755,#772,#789,#806,#823,#1278,#1559,#1590,#1862,#1879,#1896,
    #1913,#1930,#1947,#1964,#1981,#1998,#2015,#2032,#2049,#2061,#2092,
    #2116,#2140,#2164,#2188,#2212,#2243,#2267,#2291,#2315,#2339,#2363,
    #2387,#2411,#2435,#2459,#2483,#2507,#2531,#2555,#2579,#2603,#2627,
    #2651,#2675,#2699,#2716,#2740,#3000,#3031,#3055,#3079,#3103,#3127,
    #3151,#3175,#3199,#3223,#3247,#3271,#3295,#3319,#3343,#3367,#3391,
    #3415,#3446,#3470,#3494,#3518,#3542,#3566,#3590,#3796,#3818,#3835,
    #3852,#3869,#3886,#3903,#3920,#3937,#3954,#3971,#3988,#4005,#4022,
    #4039,#4056,#4073,#4090,#4107,#4124,#4136,#4148,#4160,#4177,#4189,
    #4201,#4213,#4235,#4257,#4274,#4291,#4308,#4325,#4342,#4359,#4376,
    #4393,#4410,#4427,#4444,#4461,#4478,#4495,#4512,#4529,#4546,#4563,
    #4580,#4597,#4614,#4631,#4648,#4665,#4682,#4699,#4716,#4733,#4750,
    #4767,#4784,#4801,#4818,#4835,#4852,#4869,#4881));
#17 = ADVANCED_FACE('',(#18,#140),#302,.T.);
#18 = FACE_BOUND('',#19,.T.);
#19 = EDGE_LOOP('',(#20,#30,#38,#46,#54,#62,#70,#78,#86,#94,#102,#110,
    #118,#126,#134));
#20 = ORIENTED_EDGE('',*,*,#21,.F.);
#21 = EDGE_CURVE('',#22,#24,#26,.T.);
#22 = VERTEX_POINT('',#23);
#23 = CARTESIAN_POINT('',(8.,-6.,8.699999809265));
#24 = VERTEX_POINT('',#25);
#25 = CARTESIAN_POINT('',(8.,-21.,8.699999809265));
#26 = LINE('',#27,#28);
#27 = CARTESIAN_POINT('',(8.,-6.,8.699999809265));
#28 = VECTOR('',#29,1.);
#29 = DIRECTION('',(0.,-1.,0.));
#30 = ORIENTED_EDGE('',*,*,#31,.F.);
#31 = EDGE_CURVE('',#32,#22,#34,.T.);
#32 = VERTEX_POINT('',#33);
#33 = CARTESIAN_POINT('',(-8.,-6.,8.699999809265));
#34 = LINE('',#35,#36);
#35 = CARTESIAN_POINT('',(-8.,-6.,8.699999809265));
#36 = VECTOR('',#37,1.);
#37 = DIRECTION('',(1.,0.,0.));
#38 = ORIENTED_EDGE('',*,*,#39,.F.);
#39 = EDGE_CURVE('',#40,#32,#42,.T.);
#40 = VERTEX_POINT('',#41);
#41 = CARTESIAN_POINT('',(-8.,-21.,8.699999809265));
#42 = LINE('',#43,#44);
#43 = CARTESIAN_POINT('',(-8.,-21.,8.699999809265));
#44 = VECTOR('',#45,1.);
#45 = DIRECTION('',(0.,1.,0.));
#46 = ORIENTED_EDGE('',*,*,#47,.F.);
#47 = EDGE_CURVE('',#48,#40,#50,.T.);
#48 = VERTEX_POINT('',#49);
#49 = CARTESIAN_POINT('',(-7.72740650177,-23.07055282592,8.699999809265)
  );
#50 = LINE('',#51,#52);
#51 = CARTESIAN_POINT('',(-7.72740650177,-23.07055282592,8.699999809265)
  );
#52 = VECTOR('',#53,1.);
#53 = DIRECTION('',(-0.130526214488,0.991444858442,0.));
#54 = ORIENTED_EDGE('',*,*,#55,.F.);
#55 = EDGE_CURVE('',#56,#48,#58,.T.);
#56 = VERTEX_POINT('',#57);
#57 = CARTESIAN_POINT('',(-6.928203105927,-25.,8.699999809265));
#58 = LINE('',#59,#60);
#59 = CARTESIAN_POINT('',(-6.928203105927,-25.,8.699999809265));
#60 = VECTOR('',#61,1.);
#61 = DIRECTION('',(-0.382683517564,0.923879497221,0.));
#62 = ORIENTED_EDGE('',*,*,#63,.F.);
#63 = EDGE_CURVE('',#64,#56,#66,.T.);
#64 = VERTEX_POINT('',#65);
#65 = CARTESIAN_POINT('',(-5.656854152679,-26.65685462951,8.699999809265
    ));
#66 = LINE('',#67,#68);
#67 = CARTESIAN_POINT('',(-5.656854152679,-26.65685462951,8.699999809265
    ));
#68 = VECTOR('',#69,1.);
#69 = DIRECTION('',(-0.608761332826,0.793353414095,0.));
#70 = ORIENTED_EDGE('',*,*,#71,.F.);
#71 = EDGE_CURVE('',#72,#64,#74,.T.);
#72 = VERTEX_POINT('',#73);
#73 = CARTESIAN_POINT('',(-4.,-27.92820358276,8.699999809265));
#74 = LINE('',#75,#76);
#75 = CARTESIAN_POINT('',(-4.,-27.92820358276,8.699999809265));
#76 = VECTOR('',#77,1.);
#77 = DIRECTION('',(-0.79335332948,0.608761443099,0.));
#78 = ORIENTED_EDGE('',*,*,#79,.F.);
#79 = EDGE_CURVE('',#80,#72,#82,.T.);
#80 = VERTEX_POINT('',#81);
#81 = CARTESIAN_POINT('',(-2.070552349091,-28.72740745544,8.699999809265
    ));
#82 = LINE('',#83,#84);
#83 = CARTESIAN_POINT('',(-2.070552349091,-28.72740745544,8.699999809265
    ));
#84 = VECTOR('',#85,1.);
#85 = DIRECTION('',(-0.923879449933,0.382683631727,0.));
#86 = ORIENTED_EDGE('',*,*,#87,.F.);
#87 = EDGE_CURVE('',#88,#80,#90,.T.);
#88 = VERTEX_POINT('',#89);
#89 = CARTESIAN_POINT('',(0.,-29.,8.699999809265));
#90 = LINE('',#91,#92);
#91 = CARTESIAN_POINT('',(0.,-29.,8.699999809265));
#92 = VECTOR('',#93,1.);
#93 = DIRECTION('',(-0.991444913647,0.130525795166,0.));
#94 = ORIENTED_EDGE('',*,*,#95,.F.);
#95 = EDGE_CURVE('',#96,#88,#98,.T.);
#96 = VERTEX_POINT('',#97);
#97 = CARTESIAN_POINT('',(2.070552349091,-28.72740745544,8.699999809265)
  );
#98 = LINE('',#99,#100);
#99 = CARTESIAN_POINT('',(2.070552349091,-28.72740745544,8.699999809265)
  );
#100 = VECTOR('',#101,1.);
#101 = DIRECTION('',(-0.991444913647,-0.130525795166,0.));
#102 = ORIENTED_EDGE('',*,*,#103,.F.);
#103 = EDGE_CURVE('',#104,#96,#106,.T.);
#104 = VERTEX_POINT('',#105);
#105 = CARTESIAN_POINT('',(4.,-27.92820358276,8.699999809265));
#106 = LINE('',#107,#108);
#107 = CARTESIAN_POINT('',(4.,-27.92820358276,8.699999809265));
#108 = VECTOR('',#109,1.);
#109 = DIRECTION('',(-0.923879449933,-0.382683631727,0.));
#110 = ORIENTED_EDGE('',*,*,#111,.F.);
#111 = EDGE_CURVE('',#112,#104,#114,.T.);
#112 = VERTEX_POINT('',#113);
#113 = CARTESIAN_POINT('',(5.656854152679,-26.65685462951,8.699999809265
    ));
#114 = LINE('',#115,#116);
#115 = CARTESIAN_POINT('',(5.656854152679,-26.65685462951,8.699999809265
    ));
#116 = VECTOR('',#117,1.);
#117 = DIRECTION('',(-0.79335332948,-0.608761443099,0.));
#118 = ORIENTED_EDGE('',*,*,#119,.F.);
#119 = EDGE_CURVE('',#120,#112,#122,.T.);
#120 = VERTEX_POINT('',#121);
#121 = CARTESIAN_POINT('',(6.928203105927,-25.,8.699999809265));
#122 = LINE('',#123,#124);
#123 = CARTESIAN_POINT('',(6.928203105927,-25.,8.699999809265));
#124 = VECTOR('',#125,1.);
#125 = DIRECTION('',(-0.608761332826,-0.793353414095,0.));
#126 = ORIENTED_EDGE('',*,*,#127,.F.);
#127 = EDGE_CURVE('',#128,#120,#130,.T.);
#128 = VERTEX_POINT('',#129);
#129 = CARTESIAN_POINT('',(7.72740650177,-23.07055282592,8.699999809265)
  );
#130 = LINE('',#131,#132);
#131 = CARTESIAN_POINT('',(7.72740650177,-23.07055282592,8.699999809265)
  );
#132 = VECTOR('',#133,1.);
#133 = DIRECTION('',(-0.382683517564,-0.923879497221,0.));
#134 = ORIENTED_EDGE('',*,*,#135,.F.);
#135 = EDGE_CURVE('',#24,#128,#136,.T.);
#136 = LINE('',#137,#138);
#137 = CARTESIAN_POINT('',(8.,-21.,8.699999809265));
#138 = VECTOR('',#139,1.);
#139 = DIRECTION('',(-0.130526214488,-0.991444858442,0.));
#140 = FACE_BOUND('',#141,.T.);
#141 = EDGE_LOOP('',(#142,#152,#160,#168,#176,#184,#192,#200,#208,#216,
    #224,#232,#240,#248,#256,#264,#272,#280,#288,#296));
#142 = ORIENTED_EDGE('',*,*,#143,.T.);
#143 = EDGE_CURVE('',#144,#146,#148,.T.);
#144 = VERTEX_POINT('',#145);
#145 = CARTESIAN_POINT('',(3.438322305679,-18.50191307067,8.699999809265
    ));
#146 = VERTEX_POINT('',#147);
#147 = CARTESIAN_POINT('',(4.041990280151,-19.68667793273,8.699999809265
    ));
#148 = LINE('',#149,#150);
#149 = CARTESIAN_POINT('',(3.438322305679,-18.50191307067,8.699999809265
    ));
#150 = VECTOR('',#151,1.);
#151 = DIRECTION('',(0.45399057472,-0.891006485984,0.));
#152 = ORIENTED_EDGE('',*,*,#153,.T.);
#153 = EDGE_CURVE('',#146,#154,#156,.T.);
#154 = VERTEX_POINT('',#155);
#155 = CARTESIAN_POINT('',(4.25,-21.,8.699999809265));
#156 = LINE('',#157,#158);
#157 = CARTESIAN_POINT('',(4.041990280151,-19.68667793273,8.699999809265
    ));
#158 = VECTOR('',#159,1.);
#159 = DIRECTION('',(0.156434420478,-0.987688347653,0.));
#160 = ORIENTED_EDGE('',*,*,#161,.T.);
#161 = EDGE_CURVE('',#154,#162,#164,.T.);
#162 = VERTEX_POINT('',#163);
#163 = CARTESIAN_POINT('',(4.041990280151,-22.31332206726,8.699999809265
    ));
#164 = LINE('',#165,#166);
#165 = CARTESIAN_POINT('',(4.25,-21.,8.699999809265));
#166 = VECTOR('',#167,1.);
#167 = DIRECTION('',(-0.156434420478,-0.987688347653,0.));
#168 = ORIENTED_EDGE('',*,*,#169,.T.);
#169 = EDGE_CURVE('',#162,#170,#172,.T.);
#170 = VERTEX_POINT('',#171);
#171 = CARTESIAN_POINT('',(3.438322305679,-23.49808692932,8.699999809265
    ));
#172 = LINE('',#173,#174);
#173 = CARTESIAN_POINT('',(4.041990280151,-22.31332206726,8.699999809265
    ));
#174 = VECTOR('',#175,1.);
#175 = DIRECTION('',(-0.45399057472,-0.891006485984,0.));
#176 = ORIENTED_EDGE('',*,*,#177,.T.);
#177 = EDGE_CURVE('',#170,#178,#180,.T.);
#178 = VERTEX_POINT('',#179);
#179 = CARTESIAN_POINT('',(2.498087406158,-24.43832206726,8.699999809265
    ));
#180 = LINE('',#181,#182);
#181 = CARTESIAN_POINT('',(3.438322305679,-23.49808692932,8.699999809265
    ));
#182 = VECTOR('',#183,1.);
#183 = DIRECTION('',(-0.707106691535,-0.707106870838,0.));
#184 = ORIENTED_EDGE('',*,*,#185,.T.);
#185 = EDGE_CURVE('',#178,#186,#188,.T.);
#186 = VERTEX_POINT('',#187);
#187 = CARTESIAN_POINT('',(1.31332218647,-25.04199028015,8.699999809265)
  );
#188 = LINE('',#189,#190);
#189 = CARTESIAN_POINT('',(2.498087406158,-24.43832206726,8.699999809265
    ));
#190 = VECTOR('',#191,1.);
#191 = DIRECTION('',(-0.891006468888,-0.453990608273,0.));
#192 = ORIENTED_EDGE('',*,*,#193,.T.);
#193 = EDGE_CURVE('',#186,#194,#196,.T.);
#194 = VERTEX_POINT('',#195);
#195 = CARTESIAN_POINT('',(0.,-25.25,8.699999809265));
#196 = LINE('',#197,#198);
#197 = CARTESIAN_POINT('',(1.31332218647,-25.04199028015,8.699999809265)
  );
#198 = VECTOR('',#199,1.);
#199 = DIRECTION('',(-0.987688349847,-0.156434406626,0.));
#200 = ORIENTED_EDGE('',*,*,#201,.T.);
#201 = EDGE_CURVE('',#194,#202,#204,.T.);
#202 = VERTEX_POINT('',#203);
#203 = CARTESIAN_POINT('',(-1.31332218647,-25.04199028015,8.699999809265
    ));
#204 = LINE('',#205,#206);
#205 = CARTESIAN_POINT('',(0.,-25.25,8.699999809265));
#206 = VECTOR('',#207,1.);
#207 = DIRECTION('',(-0.987688349847,0.156434406626,0.));
#208 = ORIENTED_EDGE('',*,*,#209,.T.);
#209 = EDGE_CURVE('',#202,#210,#212,.T.);
#210 = VERTEX_POINT('',#211);
#211 = CARTESIAN_POINT('',(-2.498087406158,-24.43832206726,
    8.699999809265));
#212 = LINE('',#213,#214);
#213 = CARTESIAN_POINT('',(-1.31332218647,-25.04199028015,8.699999809265
    ));
#214 = VECTOR('',#215,1.);
#215 = DIRECTION('',(-0.891006468888,0.453990608273,0.));
#216 = ORIENTED_EDGE('',*,*,#217,.T.);
#217 = EDGE_CURVE('',#210,#218,#220,.T.);
#218 = VERTEX_POINT('',#219);
#219 = CARTESIAN_POINT('',(-3.438322305679,-23.49808692932,
    8.699999809265));
#220 = LINE('',#221,#222);
#221 = CARTESIAN_POINT('',(-2.498087406158,-24.43832206726,
    8.699999809265));
#222 = VECTOR('',#223,1.);
#223 = DIRECTION('',(-0.707106691535,0.707106870838,0.));
#224 = ORIENTED_EDGE('',*,*,#225,.T.);
#225 = EDGE_CURVE('',#218,#226,#228,.T.);
#226 = VERTEX_POINT('',#227);
#227 = CARTESIAN_POINT('',(-4.041990280151,-22.31332206726,
    8.699999809265));
#228 = LINE('',#229,#230);
#229 = CARTESIAN_POINT('',(-3.438322305679,-23.49808692932,
    8.699999809265));
#230 = VECTOR('',#231,1.);
#231 = DIRECTION('',(-0.45399057472,0.891006485984,0.));
#232 = ORIENTED_EDGE('',*,*,#233,.T.);
#233 = EDGE_CURVE('',#226,#234,#236,.T.);
#234 = VERTEX_POINT('',#235);
#235 = CARTESIAN_POINT('',(-4.25,-21.,8.699999809265));
#236 = LINE('',#237,#238);
#237 = CARTESIAN_POINT('',(-4.041990280151,-22.31332206726,
    8.699999809265));
#238 = VECTOR('',#239,1.);
#239 = DIRECTION('',(-0.156434420478,0.987688347653,0.));
#240 = ORIENTED_EDGE('',*,*,#241,.T.);
#241 = EDGE_CURVE('',#234,#242,#244,.T.);
#242 = VERTEX_POINT('',#243);
#243 = CARTESIAN_POINT('',(-4.041990280151,-19.68667793273,
    8.699999809265));
#244 = LINE('',#245,#246);
#245 = CARTESIAN_POINT('',(-4.25,-21.,8.699999809265));
#246 = VECTOR('',#247,1.);
#247 = DIRECTION('',(0.156434420478,0.987688347653,0.));
#248 = ORIENTED_EDGE('',*,*,#249,.T.);
#249 = EDGE_CURVE('',#242,#250,#252,.T.);
#250 = VERTEX_POINT('',#251);
#251 = CARTESIAN_POINT('',(-3.438322305679,-18.50191307067,
    8.699999809265));
#252 = LINE('',#253,#254);
#253 = CARTESIAN_POINT('',(-4.041990280151,-19.68667793273,
    8.699999809265));
#254 = VECTOR('',#255,1.);
#255 = DIRECTION('',(0.45399057472,0.891006485984,0.));
#256 = ORIENTED_EDGE('',*,*,#257,.T.);
#257 = EDGE_CURVE('',#250,#258,#260,.T.);
#258 = VERTEX_POINT('',#259);
#259 = CARTESIAN_POINT('',(-2.498087406158,-17.56167793273,
    8.699999809265));
#260 = LINE('',#261,#262);
#261 = CARTESIAN_POINT('',(-3.438322305679,-18.50191307067,
    8.699999809265));
#262 = VECTOR('',#263,1.);
#263 = DIRECTION('',(0.707106691535,0.707106870838,0.));
#264 = ORIENTED_EDGE('',*,*,#265,.T.);
#265 = EDGE_CURVE('',#258,#266,#268,.T.);
#266 = VERTEX_POINT('',#267);
#267 = CARTESIAN_POINT('',(-1.31332218647,-16.95800971984,8.699999809265
    ));
#268 = LINE('',#269,#270);
#269 = CARTESIAN_POINT('',(-2.498087406158,-17.56167793273,
    8.699999809265));
#270 = VECTOR('',#271,1.);
#271 = DIRECTION('',(0.891006468888,0.453990608273,0.));
#272 = ORIENTED_EDGE('',*,*,#273,.T.);
#273 = EDGE_CURVE('',#266,#274,#276,.T.);
#274 = VERTEX_POINT('',#275);
#275 = CARTESIAN_POINT('',(0.,-16.75,8.699999809265));
#276 = LINE('',#277,#278);
#277 = CARTESIAN_POINT('',(-1.31332218647,-16.95800971984,8.699999809265
    ));
#278 = VECTOR('',#279,1.);
#279 = DIRECTION('',(0.987688349847,0.156434406626,0.));
#280 = ORIENTED_EDGE('',*,*,#281,.T.);
#281 = EDGE_CURVE('',#274,#282,#284,.T.);
#282 = VERTEX_POINT('',#283);
#283 = CARTESIAN_POINT('',(1.31332218647,-16.95800971984,8.699999809265)
  );
#284 = LINE('',#285,#286);
#285 = CARTESIAN_POINT('',(0.,-16.75,8.699999809265));
#286 = VECTOR('',#287,1.);
#287 = DIRECTION('',(0.987688349847,-0.156434406626,0.));
#288 = ORIENTED_EDGE('',*,*,#289,.T.);
#289 = EDGE_CURVE('',#282,#290,#292,.T.);
#290 = VERTEX_POINT('',#291);
#291 = CARTESIAN_POINT('',(2.498087406158,-17.56167793273,8.699999809265
    ));
#292 = LINE('',#293,#294);
#293 = CARTESIAN_POINT('',(1.31332218647,-16.95800971984,8.699999809265)
  );
#294 = VECTOR('',#295,1.);
#295 = DIRECTION('',(0.891006468888,-0.453990608273,0.));
#296 = ORIENTED_EDGE('',*,*,#297,.T.);
#297 = EDGE_CURVE('',#290,#144,#298,.T.);
#298 = LINE('',#299,#300);
#299 = CARTESIAN_POINT('',(2.498087406158,-17.56167793273,8.699999809265
    ));
#300 = VECTOR('',#301,1.);
#301 = DIRECTION('',(0.707106691535,-0.707106870838,0.));
#302 = PLANE('',#303);
#303 = AXIS2_PLACEMENT_3D('',#304,#305,#306);
#304 = CARTESIAN_POINT('',(0.,-16.24218759029,8.699999809265));
#305 = DIRECTION('',(0.,0.,1.));
#306 = DIRECTION('',(1.,0.,-0.));
#307 = ADVANCED_FACE('',(#308),#333,.T.);
#308 = FACE_BOUND('',#309,.T.);
#309 = EDGE_LOOP('',(#310,#318,#319,#327));
#310 = ORIENTED_EDGE('',*,*,#311,.T.);
#311 = EDGE_CURVE('',#312,#24,#314,.T.);
#312 = VERTEX_POINT('',#313);
#313 = CARTESIAN_POINT('',(8.,-21.,4.199999809265));
#314 = LINE('',#315,#316);
#315 = CARTESIAN_POINT('',(8.,-21.,4.199999809265));
#316 = VECTOR('',#317,1.);
#317 = DIRECTION('',(0.,0.,1.));
#318 = ORIENTED_EDGE('',*,*,#135,.T.);
#319 = ORIENTED_EDGE('',*,*,#320,.F.);
#320 = EDGE_CURVE('',#321,#128,#323,.T.);
#321 = VERTEX_POINT('',#322);
#322 = CARTESIAN_POINT('',(7.72740650177,-23.07055282592,4.199999809265)
  );
#323 = LINE('',#324,#325);
#324 = CARTESIAN_POINT('',(7.72740650177,-23.07055282592,4.199999809265)
  );
#325 = VECTOR('',#326,1.);
#326 = DIRECTION('',(0.,0.,1.));
#327 = ORIENTED_EDGE('',*,*,#328,.T.);
#328 = EDGE_CURVE('',#321,#312,#329,.T.);
#329 = LINE('',#330,#331);
#330 = CARTESIAN_POINT('',(7.72740650177,-23.07055282592,4.199999809265)
  );
#331 = VECTOR('',#332,1.);
#332 = DIRECTION('',(0.130526214488,0.991444858442,0.));
#333 = PLANE('',#334);
#334 = AXIS2_PLACEMENT_3D('',#335,#336,#337);
#335 = CARTESIAN_POINT('',(7.863703250885,-22.03527641296,6.449999809265
    ));
#336 = DIRECTION('',(0.991444858442,-0.130526214488,0.));
#337 = DIRECTION('',(0.130526214488,0.991444858442,0.));
#338 = ADVANCED_FACE('',(#339,#452),#614,.T.);
#339 = FACE_BOUND('',#340,.T.);
#340 = EDGE_LOOP('',(#341,#351,#359,#367,#375,#383,#391,#399,#405,#406,
    #414,#422,#430,#438,#446));
#341 = ORIENTED_EDGE('',*,*,#342,.F.);
#342 = EDGE_CURVE('',#343,#345,#347,.T.);
#343 = VERTEX_POINT('',#344);
#344 = CARTESIAN_POINT('',(-4.,-27.92820358276,4.199999809265));
#345 = VERTEX_POINT('',#346);
#346 = CARTESIAN_POINT('',(-2.070552349091,-28.72740745544,
    4.199999809265));
#347 = LINE('',#348,#349);
#348 = CARTESIAN_POINT('',(-4.,-27.92820358276,4.199999809265));
#349 = VECTOR('',#350,1.);
#350 = DIRECTION('',(0.923879449933,-0.382683631727,0.));
#351 = ORIENTED_EDGE('',*,*,#352,.F.);
#352 = EDGE_CURVE('',#353,#343,#355,.T.);
#353 = VERTEX_POINT('',#354);
#354 = CARTESIAN_POINT('',(-5.656854152679,-26.65685462951,
    4.199999809265));
#355 = LINE('',#356,#357);
#356 = CARTESIAN_POINT('',(-5.656854152679,-26.65685462951,
    4.199999809265));
#357 = VECTOR('',#358,1.);
#358 = DIRECTION('',(0.79335332948,-0.608761443099,0.));
#359 = ORIENTED_EDGE('',*,*,#360,.F.);
#360 = EDGE_CURVE('',#361,#353,#363,.T.);
#361 = VERTEX_POINT('',#362);
#362 = CARTESIAN_POINT('',(-6.928203105927,-25.,4.199999809265));
#363 = LINE('',#364,#365);
#364 = CARTESIAN_POINT('',(-6.928203105927,-25.,4.199999809265));
#365 = VECTOR('',#366,1.);
#366 = DIRECTION('',(0.608761332826,-0.793353414095,0.));
#367 = ORIENTED_EDGE('',*,*,#368,.F.);
#368 = EDGE_CURVE('',#369,#361,#371,.T.);
#369 = VERTEX_POINT('',#370);
#370 = CARTESIAN_POINT('',(-7.72740650177,-23.07055282592,4.199999809265
    ));
#371 = LINE('',#372,#373);
#372 = CARTESIAN_POINT('',(-7.72740650177,-23.07055282592,4.199999809265
    ));
#373 = VECTOR('',#374,1.);
#374 = DIRECTION('',(0.382683517564,-0.923879497221,0.));
#375 = ORIENTED_EDGE('',*,*,#376,.F.);
#376 = EDGE_CURVE('',#377,#369,#379,.T.);
#377 = VERTEX_POINT('',#378);
#378 = CARTESIAN_POINT('',(-8.,-21.,4.199999809265));
#379 = LINE('',#380,#381);
#380 = CARTESIAN_POINT('',(-8.,-21.,4.199999809265));
#381 = VECTOR('',#382,1.);
#382 = DIRECTION('',(0.130526214488,-0.991444858442,0.));
#383 = ORIENTED_EDGE('',*,*,#384,.F.);
#384 = EDGE_CURVE('',#385,#377,#387,.T.);
#385 = VERTEX_POINT('',#386);
#386 = CARTESIAN_POINT('',(-8.,-6.,4.199999809265));
#387 = LINE('',#388,#389);
#388 = CARTESIAN_POINT('',(-8.,-6.,4.199999809265));
#389 = VECTOR('',#390,1.);
#390 = DIRECTION('',(0.,-1.,0.));
#391 = ORIENTED_EDGE('',*,*,#392,.F.);
#392 = EDGE_CURVE('',#393,#385,#395,.T.);
#393 = VERTEX_POINT('',#394);
#394 = CARTESIAN_POINT('',(8.,-6.,4.199999809265));
#395 = LINE('',#396,#397);
#396 = CARTESIAN_POINT('',(8.,-6.,4.199999809265));
#397 = VECTOR('',#398,1.);
#398 = DIRECTION('',(-1.,0.,0.));
#399 = ORIENTED_EDGE('',*,*,#400,.F.);
#400 = EDGE_CURVE('',#312,#393,#401,.T.);
#401 = LINE('',#402,#403);
#402 = CARTESIAN_POINT('',(8.,-21.,4.199999809265));
#403 = VECTOR('',#404,1.);
#404 = DIRECTION('',(0.,1.,0.));
#405 = ORIENTED_EDGE('',*,*,#328,.F.);
#406 = ORIENTED_EDGE('',*,*,#407,.F.);
#407 = EDGE_CURVE('',#408,#321,#410,.T.);
#408 = VERTEX_POINT('',#409);
#409 = CARTESIAN_POINT('',(6.928203105927,-25.,4.199999809265));
#410 = LINE('',#411,#412);
#411 = CARTESIAN_POINT('',(6.928203105927,-25.,4.199999809265));
#412 = VECTOR('',#413,1.);
#413 = DIRECTION('',(0.382683517564,0.923879497221,0.));
#414 = ORIENTED_EDGE('',*,*,#415,.F.);
#415 = EDGE_CURVE('',#416,#408,#418,.T.);
#416 = VERTEX_POINT('',#417);
#417 = CARTESIAN_POINT('',(5.656854152679,-26.65685462951,4.199999809265
    ));
#418 = LINE('',#419,#420);
#419 = CARTESIAN_POINT('',(5.656854152679,-26.65685462951,4.199999809265
    ));
#420 = VECTOR('',#421,1.);
#421 = DIRECTION('',(0.608761332826,0.793353414095,0.));
#422 = ORIENTED_EDGE('',*,*,#423,.F.);
#423 = EDGE_CURVE('',#424,#416,#426,.T.);
#424 = VERTEX_POINT('',#425);
#425 = CARTESIAN_POINT('',(4.,-27.92820358276,4.199999809265));
#426 = LINE('',#427,#428);
#427 = CARTESIAN_POINT('',(4.,-27.92820358276,4.199999809265));
#428 = VECTOR('',#429,1.);
#429 = DIRECTION('',(0.79335332948,0.608761443099,0.));
#430 = ORIENTED_EDGE('',*,*,#431,.F.);
#431 = EDGE_CURVE('',#432,#424,#434,.T.);
#432 = VERTEX_POINT('',#433);
#433 = CARTESIAN_POINT('',(2.070552349091,-28.72740745544,4.199999809265
    ));
#434 = LINE('',#435,#436);
#435 = CARTESIAN_POINT('',(2.070552349091,-28.72740745544,4.199999809265
    ));
#436 = VECTOR('',#437,1.);
#437 = DIRECTION('',(0.923879449933,0.382683631727,0.));
#438 = ORIENTED_EDGE('',*,*,#439,.F.);
#439 = EDGE_CURVE('',#440,#432,#442,.T.);
#440 = VERTEX_POINT('',#441);
#441 = CARTESIAN_POINT('',(0.,-29.,4.199999809265));
#442 = LINE('',#443,#444);
#443 = CARTESIAN_POINT('',(0.,-29.,4.199999809265));
#444 = VECTOR('',#445,1.);
#445 = DIRECTION('',(0.991444913647,0.130525795166,0.));
#446 = ORIENTED_EDGE('',*,*,#447,.F.);
#447 = EDGE_CURVE('',#345,#440,#448,.T.);
#448 = LINE('',#449,#450);
#449 = CARTESIAN_POINT('',(-2.070552349091,-28.72740745544,
    4.199999809265));
#450 = VECTOR('',#451,1.);
#451 = DIRECTION('',(0.991444913647,-0.130525795166,0.));
#452 = FACE_BOUND('',#453,.T.);
#453 = EDGE_LOOP('',(#454,#464,#472,#480,#488,#496,#504,#512,#520,#528,
    #536,#544,#552,#560,#568,#576,#584,#592,#600,#608));
#454 = ORIENTED_EDGE('',*,*,#455,.T.);
#455 = EDGE_CURVE('',#456,#458,#460,.T.);
#456 = VERTEX_POINT('',#457);
#457 = CARTESIAN_POINT('',(-2.498087406158,-24.43832206726,
    4.199999809265));
#458 = VERTEX_POINT('',#459);
#459 = CARTESIAN_POINT('',(-1.31332218647,-25.04199028015,4.199999809265
    ));
#460 = LINE('',#461,#462);
#461 = CARTESIAN_POINT('',(-2.498087406158,-24.43832206726,
    4.199999809265));
#462 = VECTOR('',#463,1.);
#463 = DIRECTION('',(0.891006468888,-0.453990608273,0.));
#464 = ORIENTED_EDGE('',*,*,#465,.T.);
#465 = EDGE_CURVE('',#458,#466,#468,.T.);
#466 = VERTEX_POINT('',#467);
#467 = CARTESIAN_POINT('',(0.,-25.25,4.199999809265));
#468 = LINE('',#469,#470);
#469 = CARTESIAN_POINT('',(-1.31332218647,-25.04199028015,4.199999809265
    ));
#470 = VECTOR('',#471,1.);
#471 = DIRECTION('',(0.987688349847,-0.156434406626,0.));
#472 = ORIENTED_EDGE('',*,*,#473,.T.);
#473 = EDGE_CURVE('',#466,#474,#476,.T.);
#474 = VERTEX_POINT('',#475);
#475 = CARTESIAN_POINT('',(1.31332218647,-25.04199028015,4.199999809265)
  );
#476 = LINE('',#477,#478);
#477 = CARTESIAN_POINT('',(0.,-25.25,4.199999809265));
#478 = VECTOR('',#479,1.);
#479 = DIRECTION('',(0.987688349847,0.156434406626,0.));
#480 = ORIENTED_EDGE('',*,*,#481,.T.);
#481 = EDGE_CURVE('',#474,#482,#484,.T.);
#482 = VERTEX_POINT('',#483);
#483 = CARTESIAN_POINT('',(2.498087406158,-24.43832206726,4.199999809265
    ));
#484 = LINE('',#485,#486);
#485 = CARTESIAN_POINT('',(1.31332218647,-25.04199028015,4.199999809265)
  );
#486 = VECTOR('',#487,1.);
#487 = DIRECTION('',(0.891006468888,0.453990608273,0.));
#488 = ORIENTED_EDGE('',*,*,#489,.T.);
#489 = EDGE_CURVE('',#482,#490,#492,.T.);
#490 = VERTEX_POINT('',#491);
#491 = CARTESIAN_POINT('',(3.438322305679,-23.49808692932,4.199999809265
    ));
#492 = LINE('',#493,#494);
#493 = CARTESIAN_POINT('',(2.498087406158,-24.43832206726,4.199999809265
    ));
#494 = VECTOR('',#495,1.);
#495 = DIRECTION('',(0.707106691535,0.707106870838,0.));
#496 = ORIENTED_EDGE('',*,*,#497,.T.);
#497 = EDGE_CURVE('',#490,#498,#500,.T.);
#498 = VERTEX_POINT('',#499);
#499 = CARTESIAN_POINT('',(4.041990280151,-22.31332206726,4.199999809265
    ));
#500 = LINE('',#501,#502);
#501 = CARTESIAN_POINT('',(3.438322305679,-23.49808692932,4.199999809265
    ));
#502 = VECTOR('',#503,1.);
#503 = DIRECTION('',(0.45399057472,0.891006485984,0.));
#504 = ORIENTED_EDGE('',*,*,#505,.T.);
#505 = EDGE_CURVE('',#498,#506,#508,.T.);
#506 = VERTEX_POINT('',#507);
#507 = CARTESIAN_POINT('',(4.25,-21.,4.199999809265));
#508 = LINE('',#509,#510);
#509 = CARTESIAN_POINT('',(4.041990280151,-22.31332206726,4.199999809265
    ));
#510 = VECTOR('',#511,1.);
#511 = DIRECTION('',(0.156434420478,0.987688347653,0.));
#512 = ORIENTED_EDGE('',*,*,#513,.T.);
#513 = EDGE_CURVE('',#506,#514,#516,.T.);
#514 = VERTEX_POINT('',#515);
#515 = CARTESIAN_POINT('',(4.041990280151,-19.68667793273,4.199999809265
    ));
#516 = LINE('',#517,#518);
#517 = CARTESIAN_POINT('',(4.25,-21.,4.199999809265));
#518 = VECTOR('',#519,1.);
#519 = DIRECTION('',(-0.156434420478,0.987688347653,0.));
#520 = ORIENTED_EDGE('',*,*,#521,.T.);
#521 = EDGE_CURVE('',#514,#522,#524,.T.);
#522 = VERTEX_POINT('',#523);
#523 = CARTESIAN_POINT('',(3.438322305679,-18.50191307067,4.199999809265
    ));
#524 = LINE('',#525,#526);
#525 = CARTESIAN_POINT('',(4.041990280151,-19.68667793273,4.199999809265
    ));
#526 = VECTOR('',#527,1.);
#527 = DIRECTION('',(-0.45399057472,0.891006485984,0.));
#528 = ORIENTED_EDGE('',*,*,#529,.T.);
#529 = EDGE_CURVE('',#522,#530,#532,.T.);
#530 = VERTEX_POINT('',#531);
#531 = CARTESIAN_POINT('',(2.498087406158,-17.56167793273,4.199999809265
    ));
#532 = LINE('',#533,#534);
#533 = CARTESIAN_POINT('',(3.438322305679,-18.50191307067,4.199999809265
    ));
#534 = VECTOR('',#535,1.);
#535 = DIRECTION('',(-0.707106691535,0.707106870838,0.));
#536 = ORIENTED_EDGE('',*,*,#537,.T.);
#537 = EDGE_CURVE('',#530,#538,#540,.T.);
#538 = VERTEX_POINT('',#539);
#539 = CARTESIAN_POINT('',(1.31332218647,-16.95800971984,4.199999809265)
  );
#540 = LINE('',#541,#542);
#541 = CARTESIAN_POINT('',(2.498087406158,-17.56167793273,4.199999809265
    ));
#542 = VECTOR('',#543,1.);
#543 = DIRECTION('',(-0.891006468888,0.453990608273,0.));
#544 = ORIENTED_EDGE('',*,*,#545,.T.);
#545 = EDGE_CURVE('',#538,#546,#548,.T.);
#546 = VERTEX_POINT('',#547);
#547 = CARTESIAN_POINT('',(0.,-16.75,4.199999809265));
#548 = LINE('',#549,#550);
#549 = CARTESIAN_POINT('',(1.31332218647,-16.95800971984,4.199999809265)
  );
#550 = VECTOR('',#551,1.);
#551 = DIRECTION('',(-0.987688349847,0.156434406626,0.));
#552 = ORIENTED_EDGE('',*,*,#553,.T.);
#553 = EDGE_CURVE('',#546,#554,#556,.T.);
#554 = VERTEX_POINT('',#555);
#555 = CARTESIAN_POINT('',(-1.31332218647,-16.95800971984,4.199999809265
    ));
#556 = LINE('',#557,#558);
#557 = CARTESIAN_POINT('',(0.,-16.75,4.199999809265));
#558 = VECTOR('',#559,1.);
#559 = DIRECTION('',(-0.987688349847,-0.156434406626,0.));
#560 = ORIENTED_EDGE('',*,*,#561,.T.);
#561 = EDGE_CURVE('',#554,#562,#564,.T.);
#562 = VERTEX_POINT('',#563);
#563 = CARTESIAN_POINT('',(-2.498087406158,-17.56167793273,
    4.199999809265));
#564 = LINE('',#565,#566);
#565 = CARTESIAN_POINT('',(-1.31332218647,-16.95800971984,4.199999809265
    ));
#566 = VECTOR('',#567,1.);
#567 = DIRECTION('',(-0.891006468888,-0.453990608273,0.));
#568 = ORIENTED_EDGE('',*,*,#569,.T.);
#569 = EDGE_CURVE('',#562,#570,#572,.T.);
#570 = VERTEX_POINT('',#571);
#571 = CARTESIAN_POINT('',(-3.438322305679,-18.50191307067,
    4.199999809265));
#572 = LINE('',#573,#574);
#573 = CARTESIAN_POINT('',(-2.498087406158,-17.56167793273,
    4.199999809265));
#574 = VECTOR('',#575,1.);
#575 = DIRECTION('',(-0.707106691535,-0.707106870838,0.));
#576 = ORIENTED_EDGE('',*,*,#577,.T.);
#577 = EDGE_CURVE('',#570,#578,#580,.T.);
#578 = VERTEX_POINT('',#579);
#579 = CARTESIAN_POINT('',(-4.041990280151,-19.68667793273,
    4.199999809265));
#580 = LINE('',#581,#582);
#581 = CARTESIAN_POINT('',(-3.438322305679,-18.50191307067,
    4.199999809265));
#582 = VECTOR('',#583,1.);
#583 = DIRECTION('',(-0.45399057472,-0.891006485984,0.));
#584 = ORIENTED_EDGE('',*,*,#585,.T.);
#585 = EDGE_CURVE('',#578,#586,#588,.T.);
#586 = VERTEX_POINT('',#587);
#587 = CARTESIAN_POINT('',(-4.25,-21.,4.199999809265));
#588 = LINE('',#589,#590);
#589 = CARTESIAN_POINT('',(-4.041990280151,-19.68667793273,
    4.199999809265));
#590 = VECTOR('',#591,1.);
#591 = DIRECTION('',(-0.156434420478,-0.987688347653,0.));
#592 = ORIENTED_EDGE('',*,*,#593,.T.);
#593 = EDGE_CURVE('',#586,#594,#596,.T.);
#594 = VERTEX_POINT('',#595);
#595 = CARTESIAN_POINT('',(-4.041990280151,-22.31332206726,
    4.199999809265));
#596 = LINE('',#597,#598);
#597 = CARTESIAN_POINT('',(-4.25,-21.,4.199999809265));
#598 = VECTOR('',#599,1.);
#599 = DIRECTION('',(0.156434420478,-0.987688347653,0.));
#600 = ORIENTED_EDGE('',*,*,#601,.T.);
#601 = EDGE_CURVE('',#594,#602,#604,.T.);
#602 = VERTEX_POINT('',#603);
#603 = CARTESIAN_POINT('',(-3.438322305679,-23.49808692932,
    4.199999809265));
#604 = LINE('',#605,#606);
#605 = CARTESIAN_POINT('',(-4.041990280151,-22.31332206726,
    4.199999809265));
#606 = VECTOR('',#607,1.);
#607 = DIRECTION('',(0.45399057472,-0.891006485984,0.));
#608 = ORIENTED_EDGE('',*,*,#609,.T.);
#609 = EDGE_CURVE('',#602,#456,#610,.T.);
#610 = LINE('',#611,#612);
#611 = CARTESIAN_POINT('',(-3.438322305679,-23.49808692932,
    4.199999809265));
#612 = VECTOR('',#613,1.);
#613 = DIRECTION('',(0.707106691535,-0.707106870838,0.));
#614 = PLANE('',#615);
#615 = AXIS2_PLACEMENT_3D('',#616,#617,#618);
#616 = CARTESIAN_POINT('',(-8.825209290863E-17,-16.24218759029,
    4.199999809265));
#617 = DIRECTION('',(-0.,-0.,-1.));
#618 = DIRECTION('',(-1.,0.,0.));
#619 = ADVANCED_FACE('',(#620),#631,.T.);
#620 = FACE_BOUND('',#621,.T.);
#621 = EDGE_LOOP('',(#622,#623,#624,#630));
#622 = ORIENTED_EDGE('',*,*,#320,.T.);
#623 = ORIENTED_EDGE('',*,*,#127,.T.);
#624 = ORIENTED_EDGE('',*,*,#625,.F.);
#625 = EDGE_CURVE('',#408,#120,#626,.T.);
#626 = LINE('',#627,#628);
#627 = CARTESIAN_POINT('',(6.928203105927,-25.,4.199999809265));
#628 = VECTOR('',#629,1.);
#629 = DIRECTION('',(0.,0.,1.));
#630 = ORIENTED_EDGE('',*,*,#407,.T.);
#631 = PLANE('',#632);
#632 = AXIS2_PLACEMENT_3D('',#633,#634,#635);
#633 = CARTESIAN_POINT('',(7.327804803848,-24.03527641296,6.449999809265
    ));
#634 = DIRECTION('',(0.923879497221,-0.382683517564,0.));
#635 = DIRECTION('',(0.382683517564,0.923879497221,0.));
#636 = ADVANCED_FACE('',(#637),#648,.T.);
#637 = FACE_BOUND('',#638,.T.);
#638 = EDGE_LOOP('',(#639,#640,#641,#647));
#639 = ORIENTED_EDGE('',*,*,#625,.T.);
#640 = ORIENTED_EDGE('',*,*,#119,.T.);
#641 = ORIENTED_EDGE('',*,*,#642,.F.);
#642 = EDGE_CURVE('',#416,#112,#643,.T.);
#643 = LINE('',#644,#645);
#644 = CARTESIAN_POINT('',(5.656854152679,-26.65685462951,4.199999809265
    ));
#645 = VECTOR('',#646,1.);
#646 = DIRECTION('',(0.,0.,1.));
#647 = ORIENTED_EDGE('',*,*,#415,.T.);
#648 = PLANE('',#649);
#649 = AXIS2_PLACEMENT_3D('',#650,#651,#652);
#650 = CARTESIAN_POINT('',(6.292528629303,-25.82842731475,6.449999809265
    ));
#651 = DIRECTION('',(0.793353414095,-0.608761332826,0.));
#652 = DIRECTION('',(0.608761332826,0.793353414095,0.));
#653 = ADVANCED_FACE('',(#654),#665,.T.);
#654 = FACE_BOUND('',#655,.T.);
#655 = EDGE_LOOP('',(#656,#657,#658,#664));
#656 = ORIENTED_EDGE('',*,*,#642,.T.);
#657 = ORIENTED_EDGE('',*,*,#111,.T.);
#658 = ORIENTED_EDGE('',*,*,#659,.F.);
#659 = EDGE_CURVE('',#424,#104,#660,.T.);
#660 = LINE('',#661,#662);
#661 = CARTESIAN_POINT('',(4.,-27.92820358276,4.199999809265));
#662 = VECTOR('',#663,1.);
#663 = DIRECTION('',(0.,0.,1.));
#664 = ORIENTED_EDGE('',*,*,#423,.T.);
#665 = PLANE('',#666);
#666 = AXIS2_PLACEMENT_3D('',#667,#668,#669);
#667 = CARTESIAN_POINT('',(4.82842707634,-27.29252910614,6.449999809265)
  );
#668 = DIRECTION('',(0.608761443099,-0.79335332948,-0.));
#669 = DIRECTION('',(-0.79335332948,-0.608761443099,0.));
#670 = ADVANCED_FACE('',(#671),#682,.T.);
#671 = FACE_BOUND('',#672,.T.);
#672 = EDGE_LOOP('',(#673,#674,#675,#681));
#673 = ORIENTED_EDGE('',*,*,#659,.T.);
#674 = ORIENTED_EDGE('',*,*,#103,.T.);
#675 = ORIENTED_EDGE('',*,*,#676,.F.);
#676 = EDGE_CURVE('',#432,#96,#677,.T.);
#677 = LINE('',#678,#679);
#678 = CARTESIAN_POINT('',(2.070552349091,-28.72740745544,4.199999809265
    ));
#679 = VECTOR('',#680,1.);
#680 = DIRECTION('',(0.,0.,1.));
#681 = ORIENTED_EDGE('',*,*,#431,.T.);
#682 = PLANE('',#683);
#683 = AXIS2_PLACEMENT_3D('',#684,#685,#686);
#684 = CARTESIAN_POINT('',(3.035276174545,-28.3278055191,6.449999809265)
  );
#685 = DIRECTION('',(0.382683631727,-0.923879449933,-0.));
#686 = DIRECTION('',(-0.923879449933,-0.382683631727,0.));
#687 = ADVANCED_FACE('',(#688),#699,.T.);
#688 = FACE_BOUND('',#689,.T.);
#689 = EDGE_LOOP('',(#690,#691,#692,#698));
#690 = ORIENTED_EDGE('',*,*,#676,.T.);
#691 = ORIENTED_EDGE('',*,*,#95,.T.);
#692 = ORIENTED_EDGE('',*,*,#693,.F.);
#693 = EDGE_CURVE('',#440,#88,#694,.T.);
#694 = LINE('',#695,#696);
#695 = CARTESIAN_POINT('',(0.,-29.,4.199999809265));
#696 = VECTOR('',#697,1.);
#697 = DIRECTION('',(0.,0.,1.));
#698 = ORIENTED_EDGE('',*,*,#439,.T.);
#699 = PLANE('',#700);
#700 = AXIS2_PLACEMENT_3D('',#701,#702,#703);
#701 = CARTESIAN_POINT('',(1.035276174545,-28.86370372772,6.449999809265
    ));
#702 = DIRECTION('',(0.130525795166,-0.991444913647,-0.));
#703 = DIRECTION('',(-0.991444913647,-0.130525795166,0.));
#704 = ADVANCED_FACE('',(#705),#716,.T.);
#705 = FACE_BOUND('',#706,.T.);
#706 = EDGE_LOOP('',(#707,#708,#709,#715));
#707 = ORIENTED_EDGE('',*,*,#693,.T.);
#708 = ORIENTED_EDGE('',*,*,#87,.T.);
#709 = ORIENTED_EDGE('',*,*,#710,.F.);
#710 = EDGE_CURVE('',#345,#80,#711,.T.);
#711 = LINE('',#712,#713);
#712 = CARTESIAN_POINT('',(-2.070552349091,-28.72740745544,
    4.199999809265));
#713 = VECTOR('',#714,1.);
#714 = DIRECTION('',(0.,0.,1.));
#715 = ORIENTED_EDGE('',*,*,#447,.T.);
#716 = PLANE('',#717);
#717 = AXIS2_PLACEMENT_3D('',#718,#719,#720);
#718 = CARTESIAN_POINT('',(-1.035276174545,-28.86370372772,
    6.449999809265));
#719 = DIRECTION('',(-0.130525795166,-0.991444913647,-0.));
#720 = DIRECTION('',(-0.991444913647,0.130525795166,0.));
#721 = ADVANCED_FACE('',(#722),#733,.T.);
#722 = FACE_BOUND('',#723,.T.);
#723 = EDGE_LOOP('',(#724,#725,#726,#732));
#724 = ORIENTED_EDGE('',*,*,#710,.T.);
#725 = ORIENTED_EDGE('',*,*,#79,.T.);
#726 = ORIENTED_EDGE('',*,*,#727,.F.);
#727 = EDGE_CURVE('',#343,#72,#728,.T.);
#728 = LINE('',#729,#730);
#729 = CARTESIAN_POINT('',(-4.,-27.92820358276,4.199999809265));
#730 = VECTOR('',#731,1.);
#731 = DIRECTION('',(0.,0.,1.));
#732 = ORIENTED_EDGE('',*,*,#342,.T.);
#733 = PLANE('',#734);
#734 = AXIS2_PLACEMENT_3D('',#735,#736,#737);
#735 = CARTESIAN_POINT('',(-3.035276174545,-28.3278055191,6.449999809265
    ));
#736 = DIRECTION('',(-0.382683631727,-0.923879449933,-0.));
#737 = DIRECTION('',(-0.923879449933,0.382683631727,0.));
#738 = ADVANCED_FACE('',(#739),#750,.T.);
#739 = FACE_BOUND('',#740,.T.);
#740 = EDGE_LOOP('',(#741,#742,#743,#749));
#741 = ORIENTED_EDGE('',*,*,#727,.T.);
#742 = ORIENTED_EDGE('',*,*,#71,.T.);
#743 = ORIENTED_EDGE('',*,*,#744,.F.);
#744 = EDGE_CURVE('',#353,#64,#745,.T.);
#745 = LINE('',#746,#747);
#746 = CARTESIAN_POINT('',(-5.656854152679,-26.65685462951,
    4.199999809265));
#747 = VECTOR('',#748,1.);
#748 = DIRECTION('',(0.,0.,1.));
#749 = ORIENTED_EDGE('',*,*,#352,.T.);
#750 = PLANE('',#751);
#751 = AXIS2_PLACEMENT_3D('',#752,#753,#754);
#752 = CARTESIAN_POINT('',(-4.82842707634,-27.29252910614,6.449999809265
    ));
#753 = DIRECTION('',(-0.608761443099,-0.79335332948,-0.));
#754 = DIRECTION('',(-0.79335332948,0.608761443099,0.));
#755 = ADVANCED_FACE('',(#756),#767,.T.);
#756 = FACE_BOUND('',#757,.T.);
#757 = EDGE_LOOP('',(#758,#759,#760,#766));
#758 = ORIENTED_EDGE('',*,*,#744,.T.);
#759 = ORIENTED_EDGE('',*,*,#63,.T.);
#760 = ORIENTED_EDGE('',*,*,#761,.F.);
#761 = EDGE_CURVE('',#361,#56,#762,.T.);
#762 = LINE('',#763,#764);
#763 = CARTESIAN_POINT('',(-6.928203105927,-25.,4.199999809265));
#764 = VECTOR('',#765,1.);
#765 = DIRECTION('',(0.,0.,1.));
#766 = ORIENTED_EDGE('',*,*,#360,.T.);
#767 = PLANE('',#768);
#768 = AXIS2_PLACEMENT_3D('',#769,#770,#771);
#769 = CARTESIAN_POINT('',(-6.292528629303,-25.82842731475,
    6.449999809265));
#770 = DIRECTION('',(-0.793353414095,-0.608761332826,-0.));
#771 = DIRECTION('',(0.608761332826,-0.793353414095,0.));
#772 = ADVANCED_FACE('',(#773),#784,.T.);
#773 = FACE_BOUND('',#774,.T.);
#774 = EDGE_LOOP('',(#775,#776,#777,#783));
#775 = ORIENTED_EDGE('',*,*,#761,.T.);
#776 = ORIENTED_EDGE('',*,*,#55,.T.);
#777 = ORIENTED_EDGE('',*,*,#778,.F.);
#778 = EDGE_CURVE('',#369,#48,#779,.T.);
#779 = LINE('',#780,#781);
#780 = CARTESIAN_POINT('',(-7.72740650177,-23.07055282592,4.199999809265
    ));
#781 = VECTOR('',#782,1.);
#782 = DIRECTION('',(0.,0.,1.));
#783 = ORIENTED_EDGE('',*,*,#368,.T.);
#784 = PLANE('',#785);
#785 = AXIS2_PLACEMENT_3D('',#786,#787,#788);
#786 = CARTESIAN_POINT('',(-7.327804803848,-24.03527641296,
    6.449999809265));
#787 = DIRECTION('',(-0.923879497221,-0.382683517564,-0.));
#788 = DIRECTION('',(0.382683517564,-0.923879497221,0.));
#789 = ADVANCED_FACE('',(#790),#801,.T.);
#790 = FACE_BOUND('',#791,.T.);
#791 = EDGE_LOOP('',(#792,#793,#794,#800));
#792 = ORIENTED_EDGE('',*,*,#778,.T.);
#793 = ORIENTED_EDGE('',*,*,#47,.T.);
#794 = ORIENTED_EDGE('',*,*,#795,.F.);
#795 = EDGE_CURVE('',#377,#40,#796,.T.);
#796 = LINE('',#797,#798);
#797 = CARTESIAN_POINT('',(-8.,-21.,4.199999809265));
#798 = VECTOR('',#799,1.);
#799 = DIRECTION('',(0.,0.,1.));
#800 = ORIENTED_EDGE('',*,*,#376,.T.);
#801 = PLANE('',#802);
#802 = AXIS2_PLACEMENT_3D('',#803,#804,#805);
#803 = CARTESIAN_POINT('',(-7.863703250885,-22.03527641296,
    6.449999809265));
#804 = DIRECTION('',(-0.991444858442,-0.130526214488,-0.));
#805 = DIRECTION('',(0.130526214488,-0.991444858442,0.));
#806 = ADVANCED_FACE('',(#807),#818,.T.);
#807 = FACE_BOUND('',#808,.T.);
#808 = EDGE_LOOP('',(#809,#810,#811,#812));
#809 = ORIENTED_EDGE('',*,*,#384,.T.);
#810 = ORIENTED_EDGE('',*,*,#795,.T.);
#811 = ORIENTED_EDGE('',*,*,#39,.T.);
#812 = ORIENTED_EDGE('',*,*,#813,.F.);
#813 = EDGE_CURVE('',#385,#32,#814,.T.);
#814 = LINE('',#815,#816);
#815 = CARTESIAN_POINT('',(-8.,-6.,4.199999809265));
#816 = VECTOR('',#817,1.);
#817 = DIRECTION('',(0.,0.,1.));
#818 = PLANE('',#819);
#819 = AXIS2_PLACEMENT_3D('',#820,#821,#822);
#820 = CARTESIAN_POINT('',(-8.,-13.5,6.449999809265));
#821 = DIRECTION('',(-1.,-0.,-0.));
#822 = DIRECTION('',(0.,0.,-1.));
#823 = ADVANCED_FACE('',(#824,#1066,#1077,#1111),#1273,.T.);
#824 = FACE_BOUND('',#825,.T.);
#825 = EDGE_LOOP('',(#826,#836,#844,#852,#860,#868,#876,#884,#892,#900,
    #908,#916,#924,#932,#940,#948,#956,#964,#972,#980,#988,#996,#1004,
    #1012,#1020,#1028,#1036,#1044,#1052,#1060));
#826 = ORIENTED_EDGE('',*,*,#827,.F.);
#827 = EDGE_CURVE('',#828,#830,#832,.T.);
#828 = VERTEX_POINT('',#829);
#829 = CARTESIAN_POINT('',(-11.48565673828,-6.,6.089309692383));
#830 = VERTEX_POINT('',#831);
#831 = CARTESIAN_POINT('',(-9.908106803894,-6.,8.416021347046));
#832 = LINE('',#833,#834);
#833 = CARTESIAN_POINT('',(-11.48565673828,-6.,6.089309692383));
#834 = VECTOR('',#835,1.);
#835 = DIRECTION('',(0.561187135824,0.,0.827688950383));
#836 = ORIENTED_EDGE('',*,*,#837,.F.);
#837 = EDGE_CURVE('',#838,#828,#840,.T.);
#838 = VERTEX_POINT('',#839);
#839 = CARTESIAN_POINT('',(-12.52614974975,-6.,3.477868318558));
#840 = LINE('',#841,#842);
#841 = CARTESIAN_POINT('',(-12.52614974975,-6.,3.477868318558));
#842 = VECTOR('',#843,1.);
#843 = DIRECTION('',(0.370138053525,0.,0.928976760384));
#844 = ORIENTED_EDGE('',*,*,#845,.F.);
#845 = EDGE_CURVE('',#846,#838,#848,.T.);
#846 = VERTEX_POINT('',#847);
#847 = CARTESIAN_POINT('',(-12.98093414306,-6.,0.703805804253));
#848 = LINE('',#849,#850);
#849 = CARTESIAN_POINT('',(-12.98093414306,-6.,0.703805804253));
#850 = VECTOR('',#851,1.);
#851 = DIRECTION('',(0.161781971709,0.,0.986826526614));
#852 = ORIENTED_EDGE('',*,*,#853,.F.);
#853 = EDGE_CURVE('',#854,#846,#856,.T.);
#854 = VERTEX_POINT('',#855);
#855 = CARTESIAN_POINT('',(-12.8287448883,-6.,-2.103165864944));
#856 = LINE('',#857,#858);
#857 = CARTESIAN_POINT('',(-12.8287448883,-6.,-2.103165864944));
#858 = VECTOR('',#859,1.);
#859 = DIRECTION('',(-5.413879261137E-02,0.,0.998533420139));
#860 = ORIENTED_EDGE('',*,*,#861,.F.);
#861 = EDGE_CURVE('',#862,#854,#864,.T.);
#862 = VERTEX_POINT('',#863);
#863 = CARTESIAN_POINT('',(-12.07669734954,-6.,-4.811796188354));
#864 = LINE('',#865,#866);
#865 = CARTESIAN_POINT('',(-12.07669734954,-6.,-4.811796188354));
#866 = VECTOR('',#867,1.);
#867 = DIRECTION('',(-0.267528348892,0.,0.963549989642));
#868 = ORIENTED_EDGE('',*,*,#869,.F.);
#869 = EDGE_CURVE('',#870,#862,#872,.T.);
#870 = VERTEX_POINT('',#871);
#871 = CARTESIAN_POINT('',(-10.75995731353,-6.,-7.295431613922));
#872 = LINE('',#873,#874);
#873 = CARTESIAN_POINT('',(-10.75995731353,-6.,-7.295431613922));
#874 = VECTOR('',#875,1.);
#875 = DIRECTION('',(-0.468408404324,0.,0.883512063731));
#876 = ORIENTED_EDGE('',*,*,#877,.F.);
#877 = EDGE_CURVE('',#878,#870,#880,.T.);
#878 = VERTEX_POINT('',#879);
#879 = CARTESIAN_POINT('',(-8.940093040466,-6.,-9.437941551208));
#880 = LINE('',#881,#882);
#881 = CARTESIAN_POINT('',(-8.940093040466,-6.,-9.437941551208));
#882 = VECTOR('',#883,1.);
#883 = DIRECTION('',(-0.647386270144,0.,0.762162067562));
#884 = ORIENTED_EDGE('',*,*,#885,.F.);
#885 = EDGE_CURVE('',#886,#878,#888,.T.);
#886 = VERTEX_POINT('',#887);
#887 = CARTESIAN_POINT('',(-6.702199935913,-6.,-11.13914299011));
#888 = LINE('',#889,#890);
#889 = CARTESIAN_POINT('',(-6.702199935913,-6.,-11.13914299011));
#890 = VECTOR('',#891,1.);
#891 = DIRECTION('',(-0.796093180742,0.,0.605174063866));
#892 = ORIENTED_EDGE('',*,*,#893,.F.);
#893 = EDGE_CURVE('',#894,#886,#896,.T.);
#894 = VERTEX_POINT('',#895);
#895 = CARTESIAN_POINT('',(-4.150919914246,-6.,-12.31949138641));
#896 = LINE('',#897,#898);
#897 = CARTESIAN_POINT('',(-4.150919914246,-6.,-12.31949138641));
#898 = VECTOR('',#899,1.);
#899 = DIRECTION('',(-0.907575342745,0.,0.419889267832));
#900 = ORIENTED_EDGE('',*,*,#901,.F.);
#901 = EDGE_CURVE('',#902,#894,#904,.T.);
#902 = VERTEX_POINT('',#903);
#903 = CARTESIAN_POINT('',(-1.405547261238,-6.,-12.92379379272));
#904 = LINE('',#905,#906);
#905 = CARTESIAN_POINT('',(-1.405547261238,-6.,-12.92379379272));
#906 = VECTOR('',#907,1.);
#907 = DIRECTION('',(-0.976620541631,0.,0.214970504173));
#908 = ORIENTED_EDGE('',*,*,#909,.F.);
#909 = EDGE_CURVE('',#910,#902,#912,.T.);
#910 = VERTEX_POINT('',#911);
#911 = CARTESIAN_POINT('',(1.405547261238,-6.,-12.92379379272));
#912 = LINE('',#913,#914);
#913 = CARTESIAN_POINT('',(1.405547261238,-6.,-12.92379379272));
#914 = VECTOR('',#915,1.);
#915 = DIRECTION('',(-1.,0.,0.));
#916 = ORIENTED_EDGE('',*,*,#917,.F.);
#917 = EDGE_CURVE('',#918,#910,#920,.T.);
#918 = VERTEX_POINT('',#919);
#919 = CARTESIAN_POINT('',(4.150919914246,-6.,-12.31949138641));
#920 = LINE('',#921,#922);
#921 = CARTESIAN_POINT('',(4.150919914246,-6.,-12.31949138641));
#922 = VECTOR('',#923,1.);
#923 = DIRECTION('',(-0.976620541631,0.,-0.214970504173));
#924 = ORIENTED_EDGE('',*,*,#925,.F.);
#925 = EDGE_CURVE('',#926,#918,#928,.T.);
#926 = VERTEX_POINT('',#927);
#927 = CARTESIAN_POINT('',(6.702199935913,-6.,-11.13914299011));
#928 = LINE('',#929,#930);
#929 = CARTESIAN_POINT('',(6.702199935913,-6.,-11.13914299011));
#930 = VECTOR('',#931,1.);
#931 = DIRECTION('',(-0.907575342745,0.,-0.419889267832));
#932 = ORIENTED_EDGE('',*,*,#933,.F.);
#933 = EDGE_CURVE('',#934,#926,#936,.T.);
#934 = VERTEX_POINT('',#935);
#935 = CARTESIAN_POINT('',(8.940093040466,-6.,-9.437941551208));
#936 = LINE('',#937,#938);
#937 = CARTESIAN_POINT('',(8.940093040466,-6.,-9.437941551208));
#938 = VECTOR('',#939,1.);
#939 = DIRECTION('',(-0.796093180742,0.,-0.605174063866));
#940 = ORIENTED_EDGE('',*,*,#941,.F.);
#941 = EDGE_CURVE('',#942,#934,#944,.T.);
#942 = VERTEX_POINT('',#943);
#943 = CARTESIAN_POINT('',(10.759957313538,-6.,-7.295431613922));
#944 = LINE('',#945,#946);
#945 = CARTESIAN_POINT('',(10.759957313538,-6.,-7.295431613922));
#946 = VECTOR('',#947,1.);
#947 = DIRECTION('',(-0.647386270144,0.,-0.762162067562));
#948 = ORIENTED_EDGE('',*,*,#949,.F.);
#949 = EDGE_CURVE('',#950,#942,#952,.T.);
#950 = VERTEX_POINT('',#951);
#951 = CARTESIAN_POINT('',(12.076697349548,-6.,-4.811796188354));
#952 = LINE('',#953,#954);
#953 = CARTESIAN_POINT('',(12.076697349548,-6.,-4.811796188354));
#954 = VECTOR('',#955,1.);
#955 = DIRECTION('',(-0.468408404324,0.,-0.883512063731));
#956 = ORIENTED_EDGE('',*,*,#957,.F.);
#957 = EDGE_CURVE('',#958,#950,#960,.T.);
#958 = VERTEX_POINT('',#959);
#959 = CARTESIAN_POINT('',(12.828744888306,-6.,-2.103165864944));
#960 = LINE('',#961,#962);
#961 = CARTESIAN_POINT('',(12.828744888306,-6.,-2.103165864944));
#962 = VECTOR('',#963,1.);
#963 = DIRECTION('',(-0.267528348892,0.,-0.963549989642));
#964 = ORIENTED_EDGE('',*,*,#965,.F.);
#965 = EDGE_CURVE('',#966,#958,#968,.T.);
#966 = VERTEX_POINT('',#967);
#967 = CARTESIAN_POINT('',(13.,-6.,0.));
#968 = LINE('',#969,#970);
#969 = CARTESIAN_POINT('',(13.,-6.,0.));
#970 = VECTOR('',#971,1.);
#971 = DIRECTION('',(-8.115868413721E-02,0.,-0.996701192931));
#972 = ORIENTED_EDGE('',*,*,#973,.F.);
#973 = EDGE_CURVE('',#974,#966,#976,.T.);
#974 = VERTEX_POINT('',#975);
#975 = CARTESIAN_POINT('',(12.980934143066,-6.,0.703805804253));
#976 = LINE('',#977,#978);
#977 = CARTESIAN_POINT('',(12.980934143066,-6.,0.703805804253));
#978 = VECTOR('',#979,1.);
#979 = DIRECTION('',(2.707972132676E-02,0.,-0.999633277104));
#980 = ORIENTED_EDGE('',*,*,#981,.F.);
#981 = EDGE_CURVE('',#982,#974,#984,.T.);
#982 = VERTEX_POINT('',#983);
#983 = CARTESIAN_POINT('',(12.526149749756,-6.,3.477868318558));
#984 = LINE('',#985,#986);
#985 = CARTESIAN_POINT('',(12.526149749756,-6.,3.477868318558));
#986 = VECTOR('',#987,1.);
#987 = DIRECTION('',(0.161781971709,0.,-0.986826526614));
#988 = ORIENTED_EDGE('',*,*,#989,.F.);
#989 = EDGE_CURVE('',#990,#982,#992,.T.);
#990 = VERTEX_POINT('',#991);
#991 = CARTESIAN_POINT('',(11.485656738281,-6.,6.089309692383));
#992 = LINE('',#993,#994);
#993 = CARTESIAN_POINT('',(11.485656738281,-6.,6.089309692383));
#994 = VECTOR('',#995,1.);
#995 = DIRECTION('',(0.370138053525,0.,-0.928976760384));
#996 = ORIENTED_EDGE('',*,*,#997,.F.);
#997 = EDGE_CURVE('',#998,#990,#1000,.T.);
#998 = VERTEX_POINT('',#999);
#999 = CARTESIAN_POINT('',(9.908106803894,-6.,8.416021347046));
#1000 = LINE('',#1001,#1002);
#1001 = CARTESIAN_POINT('',(9.908106803894,-6.,8.416021347046));
#1002 = VECTOR('',#1003,1.);
#1003 = DIRECTION('',(0.561187135824,0.,-0.827688950383));
#1004 = ORIENTED_EDGE('',*,*,#1005,.F.);
#1005 = EDGE_CURVE('',#1006,#998,#1008,.T.);
#1006 = VERTEX_POINT('',#1007);
#1007 = CARTESIAN_POINT('',(7.86726474762,-6.,10.349209785461));
#1008 = LINE('',#1009,#1010);
#1009 = CARTESIAN_POINT('',(7.86726474762,-6.,10.349209785461));
#1010 = VECTOR('',#1011,1.);
#1011 = DIRECTION('',(0.725995464127,0.,-0.687699488198));
#1012 = ORIENTED_EDGE('',*,*,#1013,.F.);
#1013 = EDGE_CURVE('',#1014,#1006,#1016,.T.);
#1014 = VERTEX_POINT('',#1015);
#1015 = CARTESIAN_POINT('',(5.458558082581,-6.,11.798480033875));
#1016 = LINE('',#1017,#1018);
#1017 = CARTESIAN_POINT('',(5.458558082581,-6.,11.798480033875));
#1018 = VECTOR('',#1019,1.);
#1019 = DIRECTION('',(0.856857249419,0.,-0.515553735432));
#1020 = ORIENTED_EDGE('',*,*,#1021,.F.);
#1021 = EDGE_CURVE('',#1022,#1014,#1024,.T.);
#1022 = VERTEX_POINT('',#1023);
#1023 = CARTESIAN_POINT('',(2.794615745544,-6.,12.696066856384));
#1024 = LINE('',#1025,#1026);
#1025 = CARTESIAN_POINT('',(2.794615745544,-6.,12.696066856384));
#1026 = VECTOR('',#1027,1.);
#1027 = DIRECTION('',(0.947653155922,0.,-0.319301575428));
#1028 = ORIENTED_EDGE('',*,*,#1029,.F.);
#1029 = EDGE_CURVE('',#1030,#1022,#1032,.T.);
#1030 = VERTEX_POINT('',#1031);
#1031 = CARTESIAN_POINT('',(0.,-6.,13.));
#1032 = LINE('',#1033,#1034);
#1033 = CARTESIAN_POINT('',(0.,-6.,13.));
#1034 = VECTOR('',#1035,1.);
#1035 = DIRECTION('',(0.994137943184,0.,-0.108119146878));
#1036 = ORIENTED_EDGE('',*,*,#1037,.F.);
#1037 = EDGE_CURVE('',#1038,#1030,#1040,.T.);
#1038 = VERTEX_POINT('',#1039);
#1039 = CARTESIAN_POINT('',(-2.794615745544,-6.,12.696066856384));
#1040 = LINE('',#1041,#1042);
#1041 = CARTESIAN_POINT('',(-2.794615745544,-6.,12.696066856384));
#1042 = VECTOR('',#1043,1.);
#1043 = DIRECTION('',(0.994137943184,0.,0.108119146878));
#1044 = ORIENTED_EDGE('',*,*,#1045,.F.);
#1045 = EDGE_CURVE('',#1046,#1038,#1048,.T.);
#1046 = VERTEX_POINT('',#1047);
#1047 = CARTESIAN_POINT('',(-5.458558082581,-6.,11.798480033875));
#1048 = LINE('',#1049,#1050);
#1049 = CARTESIAN_POINT('',(-5.458558082581,-6.,11.798480033875));
#1050 = VECTOR('',#1051,1.);
#1051 = DIRECTION('',(0.947653155922,0.,0.319301575428));
#1052 = ORIENTED_EDGE('',*,*,#1053,.F.);
#1053 = EDGE_CURVE('',#1054,#1046,#1056,.T.);
#1054 = VERTEX_POINT('',#1055);
#1055 = CARTESIAN_POINT('',(-7.86726474762,-6.,10.349209785461));
#1056 = LINE('',#1057,#1058);
#1057 = CARTESIAN_POINT('',(-7.86726474762,-6.,10.349209785461));
#1058 = VECTOR('',#1059,1.);
#1059 = DIRECTION('',(0.856857249419,0.,0.515553735432));
#1060 = ORIENTED_EDGE('',*,*,#1061,.F.);
#1061 = EDGE_CURVE('',#830,#1054,#1062,.T.);
#1062 = LINE('',#1063,#1064);
#1063 = CARTESIAN_POINT('',(-9.908106803894,-6.,8.416021347046));
#1064 = VECTOR('',#1065,1.);
#1065 = DIRECTION('',(0.725995464127,0.,0.687699488198));
#1066 = FACE_BOUND('',#1067,.T.);
#1067 = EDGE_LOOP('',(#1068,#1069,#1070,#1076));
#1068 = ORIENTED_EDGE('',*,*,#813,.T.);
#1069 = ORIENTED_EDGE('',*,*,#31,.T.);
#1070 = ORIENTED_EDGE('',*,*,#1071,.T.);
#1071 = EDGE_CURVE('',#22,#393,#1072,.T.);
#1072 = LINE('',#1073,#1074);
#1073 = CARTESIAN_POINT('',(8.,-6.,8.699999809265));
#1074 = VECTOR('',#1075,1.);
#1075 = DIRECTION('',(0.,0.,-1.));
#1076 = ORIENTED_EDGE('',*,*,#392,.T.);
#1077 = FACE_BOUND('',#1078,.T.);
#1078 = EDGE_LOOP('',(#1079,#1089,#1097,#1105));
#1079 = ORIENTED_EDGE('',*,*,#1080,.T.);
#1080 = EDGE_CURVE('',#1081,#1083,#1085,.T.);
#1081 = VERTEX_POINT('',#1082);
#1082 = CARTESIAN_POINT('',(-8.,-6.,-4.199999809265));
#1083 = VERTEX_POINT('',#1084);
#1084 = CARTESIAN_POINT('',(8.,-6.,-4.199999809265));
#1085 = LINE('',#1086,#1087);
#1086 = CARTESIAN_POINT('',(-8.,-6.,-4.199999809265));
#1087 = VECTOR('',#1088,1.);
#1088 = DIRECTION('',(1.,0.,0.));
#1089 = ORIENTED_EDGE('',*,*,#1090,.T.);
#1090 = EDGE_CURVE('',#1083,#1091,#1093,.T.);
#1091 = VERTEX_POINT('',#1092);
#1092 = CARTESIAN_POINT('',(8.,-6.,-8.699999809265));
#1093 = LINE('',#1094,#1095);
#1094 = CARTESIAN_POINT('',(8.,-6.,-4.199999809265));
#1095 = VECTOR('',#1096,1.);
#1096 = DIRECTION('',(0.,0.,-1.));
#1097 = ORIENTED_EDGE('',*,*,#1098,.T.);
#1098 = EDGE_CURVE('',#1091,#1099,#1101,.T.);
#1099 = VERTEX_POINT('',#1100);
#1100 = CARTESIAN_POINT('',(-8.,-6.,-8.699999809265));
#1101 = LINE('',#1102,#1103);
#1102 = CARTESIAN_POINT('',(8.,-6.,-8.699999809265));
#1103 = VECTOR('',#1104,1.);
#1104 = DIRECTION('',(-1.,0.,0.));
#1105 = ORIENTED_EDGE('',*,*,#1106,.T.);
#1106 = EDGE_CURVE('',#1099,#1081,#1107,.T.);
#1107 = LINE('',#1108,#1109);
#1108 = CARTESIAN_POINT('',(-8.,-6.,-8.699999809265));
#1109 = VECTOR('',#1110,1.);
#1110 = DIRECTION('',(0.,0.,1.));
#1111 = FACE_BOUND('',#1112,.T.);
#1112 = EDGE_LOOP('',(#1113,#1123,#1131,#1139,#1147,#1155,#1163,#1171,
    #1179,#1187,#1195,#1203,#1211,#1219,#1227,#1235,#1243,#1251,#1259,
    #1267));
#1113 = ORIENTED_EDGE('',*,*,#1114,.F.);
#1114 = EDGE_CURVE('',#1115,#1117,#1119,.T.);
#1115 = VERTEX_POINT('',#1116);
#1116 = CARTESIAN_POINT('',(-2.377641201019,-6.,0.772542476654));
#1117 = VERTEX_POINT('',#1118);
#1118 = CARTESIAN_POINT('',(-2.5,-6.,0.));
#1119 = LINE('',#1120,#1121);
#1120 = CARTESIAN_POINT('',(-2.377641201019,-6.,0.772542476654));
#1121 = VECTOR('',#1122,1.);
#1122 = DIRECTION('',(-0.156434578771,0.,-0.987688322582));
#1123 = ORIENTED_EDGE('',*,*,#1124,.F.);
#1124 = EDGE_CURVE('',#1125,#1115,#1127,.T.);
#1125 = VERTEX_POINT('',#1126);
#1126 = CARTESIAN_POINT('',(-2.022542476654,-6.,1.46946310997));
#1127 = LINE('',#1128,#1129);
#1128 = CARTESIAN_POINT('',(-2.022542476654,-6.,1.46946310997));
#1129 = VECTOR('',#1130,1.);
#1130 = DIRECTION('',(-0.453990424035,0.,-0.891006562762));
#1131 = ORIENTED_EDGE('',*,*,#1132,.F.);
#1132 = EDGE_CURVE('',#1133,#1125,#1135,.T.);
#1133 = VERTEX_POINT('',#1134);
#1134 = CARTESIAN_POINT('',(-1.46946310997,-6.,2.022542476654));
#1135 = LINE('',#1136,#1137);
#1136 = CARTESIAN_POINT('',(-1.46946310997,-6.,2.022542476654));
#1137 = VECTOR('',#1138,1.);
#1138 = DIRECTION('',(-0.707106781187,0.,-0.707106781187));
#1139 = ORIENTED_EDGE('',*,*,#1140,.F.);
#1140 = EDGE_CURVE('',#1141,#1133,#1143,.T.);
#1141 = VERTEX_POINT('',#1142);
#1142 = CARTESIAN_POINT('',(-0.772542476654,-6.,2.377641201019));
#1143 = LINE('',#1144,#1145);
#1144 = CARTESIAN_POINT('',(-0.772542476654,-6.,2.377641201019));
#1145 = VECTOR('',#1146,1.);
#1146 = DIRECTION('',(-0.891006562762,0.,-0.453990424035));
#1147 = ORIENTED_EDGE('',*,*,#1148,.F.);
#1148 = EDGE_CURVE('',#1149,#1141,#1151,.T.);
#1149 = VERTEX_POINT('',#1150);
#1150 = CARTESIAN_POINT('',(0.,-6.,2.5));
#1151 = LINE('',#1152,#1153);
#1152 = CARTESIAN_POINT('',(0.,-6.,2.5));
#1153 = VECTOR('',#1154,1.);
#1154 = DIRECTION('',(-0.987688322582,0.,-0.156434578771));
#1155 = ORIENTED_EDGE('',*,*,#1156,.F.);
#1156 = EDGE_CURVE('',#1157,#1149,#1159,.T.);
#1157 = VERTEX_POINT('',#1158);
#1158 = CARTESIAN_POINT('',(0.772542476654,-6.,2.377641201019));
#1159 = LINE('',#1160,#1161);
#1160 = CARTESIAN_POINT('',(0.772542476654,-6.,2.377641201019));
#1161 = VECTOR('',#1162,1.);
#1162 = DIRECTION('',(-0.987688322582,0.,0.156434578771));
#1163 = ORIENTED_EDGE('',*,*,#1164,.F.);
#1164 = EDGE_CURVE('',#1165,#1157,#1167,.T.);
#1165 = VERTEX_POINT('',#1166);
#1166 = CARTESIAN_POINT('',(1.46946310997,-6.,2.022542476654));
#1167 = LINE('',#1168,#1169);
#1168 = CARTESIAN_POINT('',(1.46946310997,-6.,2.022542476654));
#1169 = VECTOR('',#1170,1.);
#1170 = DIRECTION('',(-0.891006562762,0.,0.453990424035));
#1171 = ORIENTED_EDGE('',*,*,#1172,.F.);
#1172 = EDGE_CURVE('',#1173,#1165,#1175,.T.);
#1173 = VERTEX_POINT('',#1174);
#1174 = CARTESIAN_POINT('',(2.022542476654,-6.,1.46946310997));
#1175 = LINE('',#1176,#1177);
#1176 = CARTESIAN_POINT('',(2.022542476654,-6.,1.46946310997));
#1177 = VECTOR('',#1178,1.);
#1178 = DIRECTION('',(-0.707106781187,0.,0.707106781187));
#1179 = ORIENTED_EDGE('',*,*,#1180,.F.);
#1180 = EDGE_CURVE('',#1181,#1173,#1183,.T.);
#1181 = VERTEX_POINT('',#1182);
#1182 = CARTESIAN_POINT('',(2.377641201019,-6.,0.772542476654));
#1183 = LINE('',#1184,#1185);
#1184 = CARTESIAN_POINT('',(2.377641201019,-6.,0.772542476654));
#1185 = VECTOR('',#1186,1.);
#1186 = DIRECTION('',(-0.453990424035,0.,0.891006562762));
#1187 = ORIENTED_EDGE('',*,*,#1188,.F.);
#1188 = EDGE_CURVE('',#1189,#1181,#1191,.T.);
#1189 = VERTEX_POINT('',#1190);
#1190 = CARTESIAN_POINT('',(2.5,-6.,0.));
#1191 = LINE('',#1192,#1193);
#1192 = CARTESIAN_POINT('',(2.5,-6.,0.));
#1193 = VECTOR('',#1194,1.);
#1194 = DIRECTION('',(-0.156434578771,0.,0.987688322582));
#1195 = ORIENTED_EDGE('',*,*,#1196,.F.);
#1196 = EDGE_CURVE('',#1197,#1189,#1199,.T.);
#1197 = VERTEX_POINT('',#1198);
#1198 = CARTESIAN_POINT('',(2.377641201019,-6.,-0.772542476654));
#1199 = LINE('',#1200,#1201);
#1200 = CARTESIAN_POINT('',(2.377641201019,-6.,-0.772542476654));
#1201 = VECTOR('',#1202,1.);
#1202 = DIRECTION('',(0.156434578771,0.,0.987688322582));
#1203 = ORIENTED_EDGE('',*,*,#1204,.F.);
#1204 = EDGE_CURVE('',#1205,#1197,#1207,.T.);
#1205 = VERTEX_POINT('',#1206);
#1206 = CARTESIAN_POINT('',(2.022542476654,-6.,-1.46946310997));
#1207 = LINE('',#1208,#1209);
#1208 = CARTESIAN_POINT('',(2.022542476654,-6.,-1.46946310997));
#1209 = VECTOR('',#1210,1.);
#1210 = DIRECTION('',(0.453990424035,0.,0.891006562762));
#1211 = ORIENTED_EDGE('',*,*,#1212,.F.);
#1212 = EDGE_CURVE('',#1213,#1205,#1215,.T.);
#1213 = VERTEX_POINT('',#1214);
#1214 = CARTESIAN_POINT('',(1.46946310997,-6.,-2.022542476654));
#1215 = LINE('',#1216,#1217);
#1216 = CARTESIAN_POINT('',(1.46946310997,-6.,-2.022542476654));
#1217 = VECTOR('',#1218,1.);
#1218 = DIRECTION('',(0.707106781187,0.,0.707106781187));
#1219 = ORIENTED_EDGE('',*,*,#1220,.F.);
#1220 = EDGE_CURVE('',#1221,#1213,#1223,.T.);
#1221 = VERTEX_POINT('',#1222);
#1222 = CARTESIAN_POINT('',(0.772542476654,-6.,-2.377641201019));
#1223 = LINE('',#1224,#1225);
#1224 = CARTESIAN_POINT('',(0.772542476654,-6.,-2.377641201019));
#1225 = VECTOR('',#1226,1.);
#1226 = DIRECTION('',(0.891006562762,0.,0.453990424035));
#1227 = ORIENTED_EDGE('',*,*,#1228,.F.);
#1228 = EDGE_CURVE('',#1229,#1221,#1231,.T.);
#1229 = VERTEX_POINT('',#1230);
#1230 = CARTESIAN_POINT('',(0.,-6.,-2.5));
#1231 = LINE('',#1232,#1233);
#1232 = CARTESIAN_POINT('',(0.,-6.,-2.5));
#1233 = VECTOR('',#1234,1.);
#1234 = DIRECTION('',(0.987688322582,0.,0.156434578771));
#1235 = ORIENTED_EDGE('',*,*,#1236,.F.);
#1236 = EDGE_CURVE('',#1237,#1229,#1239,.T.);
#1237 = VERTEX_POINT('',#1238);
#1238 = CARTESIAN_POINT('',(-0.772542476654,-6.,-2.377641201019));
#1239 = LINE('',#1240,#1241);
#1240 = CARTESIAN_POINT('',(-0.772542476654,-6.,-2.377641201019));
#1241 = VECTOR('',#1242,1.);
#1242 = DIRECTION('',(0.987688322582,0.,-0.156434578771));
#1243 = ORIENTED_EDGE('',*,*,#1244,.F.);
#1244 = EDGE_CURVE('',#1245,#1237,#1247,.T.);
#1245 = VERTEX_POINT('',#1246);
#1246 = CARTESIAN_POINT('',(-1.46946310997,-6.,-2.022542476654));
#1247 = LINE('',#1248,#1249);
#1248 = CARTESIAN_POINT('',(-1.46946310997,-6.,-2.022542476654));
#1249 = VECTOR('',#1250,1.);
#1250 = DIRECTION('',(0.891006562762,0.,-0.453990424035));
#1251 = ORIENTED_EDGE('',*,*,#1252,.F.);
#1252 = EDGE_CURVE('',#1253,#1245,#1255,.T.);
#1253 = VERTEX_POINT('',#1254);
#1254 = CARTESIAN_POINT('',(-2.022542476654,-6.,-1.46946310997));
#1255 = LINE('',#1256,#1257);
#1256 = CARTESIAN_POINT('',(-2.022542476654,-6.,-1.46946310997));
#1257 = VECTOR('',#1258,1.);
#1258 = DIRECTION('',(0.707106781187,0.,-0.707106781187));
#1259 = ORIENTED_EDGE('',*,*,#1260,.F.);
#1260 = EDGE_CURVE('',#1261,#1253,#1263,.T.);
#1261 = VERTEX_POINT('',#1262);
#1262 = CARTESIAN_POINT('',(-2.377641201019,-6.,-0.772542476654));
#1263 = LINE('',#1264,#1265);
#1264 = CARTESIAN_POINT('',(-2.377641201019,-6.,-0.772542476654));
#1265 = VECTOR('',#1266,1.);
#1266 = DIRECTION('',(0.453990424035,0.,-0.891006562762));
#1267 = ORIENTED_EDGE('',*,*,#1268,.F.);
#1268 = EDGE_CURVE('',#1117,#1261,#1269,.T.);
#1269 = LINE('',#1270,#1271);
#1270 = CARTESIAN_POINT('',(-2.5,-6.,0.));
#1271 = VECTOR('',#1272,1.);
#1272 = DIRECTION('',(0.156434578771,0.,-0.987688322582));
#1273 = PLANE('',#1274);
#1274 = AXIS2_PLACEMENT_3D('',#1275,#1276,#1277);
#1275 = CARTESIAN_POINT('',(1.476378955469E-03,-6.,-5.348039546772E-05)
  );
#1276 = DIRECTION('',(-0.,-1.,-0.));
#1277 = DIRECTION('',(0.,0.,-1.));
#1278 = ADVANCED_FACE('',(#1279,#1392),#1554,.T.);
#1279 = FACE_BOUND('',#1280,.T.);
#1280 = EDGE_LOOP('',(#1281,#1289,#1290,#1298,#1306,#1314,#1322,#1330,
    #1338,#1346,#1354,#1362,#1370,#1378,#1386));
#1281 = ORIENTED_EDGE('',*,*,#1282,.F.);
#1282 = EDGE_CURVE('',#1099,#1283,#1285,.T.);
#1283 = VERTEX_POINT('',#1284);
#1284 = CARTESIAN_POINT('',(-8.,-21.,-8.699999809265));
#1285 = LINE('',#1286,#1287);
#1286 = CARTESIAN_POINT('',(-8.,-6.,-8.699999809265));
#1287 = VECTOR('',#1288,1.);
#1288 = DIRECTION('',(0.,-1.,0.));
#1289 = ORIENTED_EDGE('',*,*,#1098,.F.);
#1290 = ORIENTED_EDGE('',*,*,#1291,.F.);
#1291 = EDGE_CURVE('',#1292,#1091,#1294,.T.);
#1292 = VERTEX_POINT('',#1293);
#1293 = CARTESIAN_POINT('',(8.,-21.,-8.699999809265));
#1294 = LINE('',#1295,#1296);
#1295 = CARTESIAN_POINT('',(8.,-21.,-8.699999809265));
#1296 = VECTOR('',#1297,1.);
#1297 = DIRECTION('',(0.,1.,0.));
#1298 = ORIENTED_EDGE('',*,*,#1299,.F.);
#1299 = EDGE_CURVE('',#1300,#1292,#1302,.T.);
#1300 = VERTEX_POINT('',#1301);
#1301 = CARTESIAN_POINT('',(7.72740650177,-23.07055282592,
    -8.699999809265));
#1302 = LINE('',#1303,#1304);
#1303 = CARTESIAN_POINT('',(7.72740650177,-23.07055282592,
    -8.699999809265));
#1304 = VECTOR('',#1305,1.);
#1305 = DIRECTION('',(0.130526214488,0.991444858442,0.));
#1306 = ORIENTED_EDGE('',*,*,#1307,.F.);
#1307 = EDGE_CURVE('',#1308,#1300,#1310,.T.);
#1308 = VERTEX_POINT('',#1309);
#1309 = CARTESIAN_POINT('',(6.928203105927,-25.,-8.699999809265));
#1310 = LINE('',#1311,#1312);
#1311 = CARTESIAN_POINT('',(6.928203105927,-25.,-8.699999809265));
#1312 = VECTOR('',#1313,1.);
#1313 = DIRECTION('',(0.382683517564,0.923879497221,0.));
#1314 = ORIENTED_EDGE('',*,*,#1315,.F.);
#1315 = EDGE_CURVE('',#1316,#1308,#1318,.T.);
#1316 = VERTEX_POINT('',#1317);
#1317 = CARTESIAN_POINT('',(5.656854152679,-26.65685462951,
    -8.699999809265));
#1318 = LINE('',#1319,#1320);
#1319 = CARTESIAN_POINT('',(5.656854152679,-26.65685462951,
    -8.699999809265));
#1320 = VECTOR('',#1321,1.);
#1321 = DIRECTION('',(0.608761332826,0.793353414095,0.));
#1322 = ORIENTED_EDGE('',*,*,#1323,.F.);
#1323 = EDGE_CURVE('',#1324,#1316,#1326,.T.);
#1324 = VERTEX_POINT('',#1325);
#1325 = CARTESIAN_POINT('',(4.,-27.92820358276,-8.699999809265));
#1326 = LINE('',#1327,#1328);
#1327 = CARTESIAN_POINT('',(4.,-27.92820358276,-8.699999809265));
#1328 = VECTOR('',#1329,1.);
#1329 = DIRECTION('',(0.79335332948,0.608761443099,0.));
#1330 = ORIENTED_EDGE('',*,*,#1331,.F.);
#1331 = EDGE_CURVE('',#1332,#1324,#1334,.T.);
#1332 = VERTEX_POINT('',#1333);
#1333 = CARTESIAN_POINT('',(2.070552349091,-28.72740745544,
    -8.699999809265));
#1334 = LINE('',#1335,#1336);
#1335 = CARTESIAN_POINT('',(2.070552349091,-28.72740745544,
    -8.699999809265));
#1336 = VECTOR('',#1337,1.);
#1337 = DIRECTION('',(0.923879449933,0.382683631727,0.));
#1338 = ORIENTED_EDGE('',*,*,#1339,.F.);
#1339 = EDGE_CURVE('',#1340,#1332,#1342,.T.);
#1340 = VERTEX_POINT('',#1341);
#1341 = CARTESIAN_POINT('',(0.,-29.,-8.699999809265));
#1342 = LINE('',#1343,#1344);
#1343 = CARTESIAN_POINT('',(0.,-29.,-8.699999809265));
#1344 = VECTOR('',#1345,1.);
#1345 = DIRECTION('',(0.991444913647,0.130525795166,0.));
#1346 = ORIENTED_EDGE('',*,*,#1347,.F.);
#1347 = EDGE_CURVE('',#1348,#1340,#1350,.T.);
#1348 = VERTEX_POINT('',#1349);
#1349 = CARTESIAN_POINT('',(-2.070552349091,-28.72740745544,
    -8.699999809265));
#1350 = LINE('',#1351,#1352);
#1351 = CARTESIAN_POINT('',(-2.070552349091,-28.72740745544,
    -8.699999809265));
#1352 = VECTOR('',#1353,1.);
#1353 = DIRECTION('',(0.991444913647,-0.130525795166,0.));
#1354 = ORIENTED_EDGE('',*,*,#1355,.F.);
#1355 = EDGE_CURVE('',#1356,#1348,#1358,.T.);
#1356 = VERTEX_POINT('',#1357);
#1357 = CARTESIAN_POINT('',(-4.,-27.92820358276,-8.699999809265));
#1358 = LINE('',#1359,#1360);
#1359 = CARTESIAN_POINT('',(-4.,-27.92820358276,-8.699999809265));
#1360 = VECTOR('',#1361,1.);
#1361 = DIRECTION('',(0.923879449933,-0.382683631727,0.));
#1362 = ORIENTED_EDGE('',*,*,#1363,.F.);
#1363 = EDGE_CURVE('',#1364,#1356,#1366,.T.);
#1364 = VERTEX_POINT('',#1365);
#1365 = CARTESIAN_POINT('',(-5.656854152679,-26.65685462951,
    -8.699999809265));
#1366 = LINE('',#1367,#1368);
#1367 = CARTESIAN_POINT('',(-5.656854152679,-26.65685462951,
    -8.699999809265));
#1368 = VECTOR('',#1369,1.);
#1369 = DIRECTION('',(0.79335332948,-0.608761443099,0.));
#1370 = ORIENTED_EDGE('',*,*,#1371,.F.);
#1371 = EDGE_CURVE('',#1372,#1364,#1374,.T.);
#1372 = VERTEX_POINT('',#1373);
#1373 = CARTESIAN_POINT('',(-6.928203105927,-25.,-8.699999809265));
#1374 = LINE('',#1375,#1376);
#1375 = CARTESIAN_POINT('',(-6.928203105927,-25.,-8.699999809265));
#1376 = VECTOR('',#1377,1.);
#1377 = DIRECTION('',(0.608761332826,-0.793353414095,0.));
#1378 = ORIENTED_EDGE('',*,*,#1379,.F.);
#1379 = EDGE_CURVE('',#1380,#1372,#1382,.T.);
#1380 = VERTEX_POINT('',#1381);
#1381 = CARTESIAN_POINT('',(-7.72740650177,-23.07055282592,
    -8.699999809265));
#1382 = LINE('',#1383,#1384);
#1383 = CARTESIAN_POINT('',(-7.72740650177,-23.07055282592,
    -8.699999809265));
#1384 = VECTOR('',#1385,1.);
#1385 = DIRECTION('',(0.382683517564,-0.923879497221,0.));
#1386 = ORIENTED_EDGE('',*,*,#1387,.F.);
#1387 = EDGE_CURVE('',#1283,#1380,#1388,.T.);
#1388 = LINE('',#1389,#1390);
#1389 = CARTESIAN_POINT('',(-8.,-21.,-8.699999809265));
#1390 = VECTOR('',#1391,1.);
#1391 = DIRECTION('',(0.130526214488,-0.991444858442,0.));
#1392 = FACE_BOUND('',#1393,.T.);
#1393 = EDGE_LOOP('',(#1394,#1404,#1412,#1420,#1428,#1436,#1444,#1452,
    #1460,#1468,#1476,#1484,#1492,#1500,#1508,#1516,#1524,#1532,#1540,
    #1548));
#1394 = ORIENTED_EDGE('',*,*,#1395,.T.);
#1395 = EDGE_CURVE('',#1396,#1398,#1400,.T.);
#1396 = VERTEX_POINT('',#1397);
#1397 = CARTESIAN_POINT('',(-3.438322305679,-18.50191307067,
    -8.699999809265));
#1398 = VERTEX_POINT('',#1399);
#1399 = CARTESIAN_POINT('',(-4.041990280151,-19.68667793273,
    -8.699999809265));
#1400 = LINE('',#1401,#1402);
#1401 = CARTESIAN_POINT('',(-3.438322305679,-18.50191307067,
    -8.699999809265));
#1402 = VECTOR('',#1403,1.);
#1403 = DIRECTION('',(-0.45399057472,-0.891006485984,0.));
#1404 = ORIENTED_EDGE('',*,*,#1405,.T.);
#1405 = EDGE_CURVE('',#1398,#1406,#1408,.T.);
#1406 = VERTEX_POINT('',#1407);
#1407 = CARTESIAN_POINT('',(-4.25,-21.,-8.699999809265));
#1408 = LINE('',#1409,#1410);
#1409 = CARTESIAN_POINT('',(-4.041990280151,-19.68667793273,
    -8.699999809265));
#1410 = VECTOR('',#1411,1.);
#1411 = DIRECTION('',(-0.156434420478,-0.987688347653,0.));
#1412 = ORIENTED_EDGE('',*,*,#1413,.T.);
#1413 = EDGE_CURVE('',#1406,#1414,#1416,.T.);
#1414 = VERTEX_POINT('',#1415);
#1415 = CARTESIAN_POINT('',(-4.041990280151,-22.31332206726,
    -8.699999809265));
#1416 = LINE('',#1417,#1418);
#1417 = CARTESIAN_POINT('',(-4.25,-21.,-8.699999809265));
#1418 = VECTOR('',#1419,1.);
#1419 = DIRECTION('',(0.156434420478,-0.987688347653,0.));
#1420 = ORIENTED_EDGE('',*,*,#1421,.T.);
#1421 = EDGE_CURVE('',#1414,#1422,#1424,.T.);
#1422 = VERTEX_POINT('',#1423);
#1423 = CARTESIAN_POINT('',(-3.438322305679,-23.49808692932,
    -8.699999809265));
#1424 = LINE('',#1425,#1426);
#1425 = CARTESIAN_POINT('',(-4.041990280151,-22.31332206726,
    -8.699999809265));
#1426 = VECTOR('',#1427,1.);
#1427 = DIRECTION('',(0.45399057472,-0.891006485984,0.));
#1428 = ORIENTED_EDGE('',*,*,#1429,.T.);
#1429 = EDGE_CURVE('',#1422,#1430,#1432,.T.);
#1430 = VERTEX_POINT('',#1431);
#1431 = CARTESIAN_POINT('',(-2.498087406158,-24.43832206726,
    -8.699999809265));
#1432 = LINE('',#1433,#1434);
#1433 = CARTESIAN_POINT('',(-3.438322305679,-23.49808692932,
    -8.699999809265));
#1434 = VECTOR('',#1435,1.);
#1435 = DIRECTION('',(0.707106691535,-0.707106870838,0.));
#1436 = ORIENTED_EDGE('',*,*,#1437,.T.);
#1437 = EDGE_CURVE('',#1430,#1438,#1440,.T.);
#1438 = VERTEX_POINT('',#1439);
#1439 = CARTESIAN_POINT('',(-1.31332218647,-25.04199028015,
    -8.699999809265));
#1440 = LINE('',#1441,#1442);
#1441 = CARTESIAN_POINT('',(-2.498087406158,-24.43832206726,
    -8.699999809265));
#1442 = VECTOR('',#1443,1.);
#1443 = DIRECTION('',(0.891006468888,-0.453990608273,0.));
#1444 = ORIENTED_EDGE('',*,*,#1445,.T.);
#1445 = EDGE_CURVE('',#1438,#1446,#1448,.T.);
#1446 = VERTEX_POINT('',#1447);
#1447 = CARTESIAN_POINT('',(0.,-25.25,-8.699999809265));
#1448 = LINE('',#1449,#1450);
#1449 = CARTESIAN_POINT('',(-1.31332218647,-25.04199028015,
    -8.699999809265));
#1450 = VECTOR('',#1451,1.);
#1451 = DIRECTION('',(0.987688349847,-0.156434406626,0.));
#1452 = ORIENTED_EDGE('',*,*,#1453,.T.);
#1453 = EDGE_CURVE('',#1446,#1454,#1456,.T.);
#1454 = VERTEX_POINT('',#1455);
#1455 = CARTESIAN_POINT('',(1.31332218647,-25.04199028015,
    -8.699999809265));
#1456 = LINE('',#1457,#1458);
#1457 = CARTESIAN_POINT('',(0.,-25.25,-8.699999809265));
#1458 = VECTOR('',#1459,1.);
#1459 = DIRECTION('',(0.987688349847,0.156434406626,0.));
#1460 = ORIENTED_EDGE('',*,*,#1461,.T.);
#1461 = EDGE_CURVE('',#1454,#1462,#1464,.T.);
#1462 = VERTEX_POINT('',#1463);
#1463 = CARTESIAN_POINT('',(2.498087406158,-24.43832206726,
    -8.699999809265));
#1464 = LINE('',#1465,#1466);
#1465 = CARTESIAN_POINT('',(1.31332218647,-25.04199028015,
    -8.699999809265));
#1466 = VECTOR('',#1467,1.);
#1467 = DIRECTION('',(0.891006468888,0.453990608273,0.));
#1468 = ORIENTED_EDGE('',*,*,#1469,.T.);
#1469 = EDGE_CURVE('',#1462,#1470,#1472,.T.);
#1470 = VERTEX_POINT('',#1471);
#1471 = CARTESIAN_POINT('',(3.438322305679,-23.49808692932,
    -8.699999809265));
#1472 = LINE('',#1473,#1474);
#1473 = CARTESIAN_POINT('',(2.498087406158,-24.43832206726,
    -8.699999809265));
#1474 = VECTOR('',#1475,1.);
#1475 = DIRECTION('',(0.707106691535,0.707106870838,0.));
#1476 = ORIENTED_EDGE('',*,*,#1477,.T.);
#1477 = EDGE_CURVE('',#1470,#1478,#1480,.T.);
#1478 = VERTEX_POINT('',#1479);
#1479 = CARTESIAN_POINT('',(4.041990280151,-22.31332206726,
    -8.699999809265));
#1480 = LINE('',#1481,#1482);
#1481 = CARTESIAN_POINT('',(3.438322305679,-23.49808692932,
    -8.699999809265));
#1482 = VECTOR('',#1483,1.);
#1483 = DIRECTION('',(0.45399057472,0.891006485984,0.));
#1484 = ORIENTED_EDGE('',*,*,#1485,.T.);
#1485 = EDGE_CURVE('',#1478,#1486,#1488,.T.);
#1486 = VERTEX_POINT('',#1487);
#1487 = CARTESIAN_POINT('',(4.25,-21.,-8.699999809265));
#1488 = LINE('',#1489,#1490);
#1489 = CARTESIAN_POINT('',(4.041990280151,-22.31332206726,
    -8.699999809265));
#1490 = VECTOR('',#1491,1.);
#1491 = DIRECTION('',(0.156434420478,0.987688347653,0.));
#1492 = ORIENTED_EDGE('',*,*,#1493,.T.);
#1493 = EDGE_CURVE('',#1486,#1494,#1496,.T.);
#1494 = VERTEX_POINT('',#1495);
#1495 = CARTESIAN_POINT('',(4.041990280151,-19.68667793273,
    -8.699999809265));
#1496 = LINE('',#1497,#1498);
#1497 = CARTESIAN_POINT('',(4.25,-21.,-8.699999809265));
#1498 = VECTOR('',#1499,1.);
#1499 = DIRECTION('',(-0.156434420478,0.987688347653,0.));
#1500 = ORIENTED_EDGE('',*,*,#1501,.T.);
#1501 = EDGE_CURVE('',#1494,#1502,#1504,.T.);
#1502 = VERTEX_POINT('',#1503);
#1503 = CARTESIAN_POINT('',(3.438322305679,-18.50191307067,
    -8.699999809265));
#1504 = LINE('',#1505,#1506);
#1505 = CARTESIAN_POINT('',(4.041990280151,-19.68667793273,
    -8.699999809265));
#1506 = VECTOR('',#1507,1.);
#1507 = DIRECTION('',(-0.45399057472,0.891006485984,0.));
#1508 = ORIENTED_EDGE('',*,*,#1509,.T.);
#1509 = EDGE_CURVE('',#1502,#1510,#1512,.T.);
#1510 = VERTEX_POINT('',#1511);
#1511 = CARTESIAN_POINT('',(2.498087406158,-17.56167793273,
    -8.699999809265));
#1512 = LINE('',#1513,#1514);
#1513 = CARTESIAN_POINT('',(3.438322305679,-18.50191307067,
    -8.699999809265));
#1514 = VECTOR('',#1515,1.);
#1515 = DIRECTION('',(-0.707106691535,0.707106870838,0.));
#1516 = ORIENTED_EDGE('',*,*,#1517,.T.);
#1517 = EDGE_CURVE('',#1510,#1518,#1520,.T.);
#1518 = VERTEX_POINT('',#1519);
#1519 = CARTESIAN_POINT('',(1.31332218647,-16.95800971984,
    -8.699999809265));
#1520 = LINE('',#1521,#1522);
#1521 = CARTESIAN_POINT('',(2.498087406158,-17.56167793273,
    -8.699999809265));
#1522 = VECTOR('',#1523,1.);
#1523 = DIRECTION('',(-0.891006468888,0.453990608273,0.));
#1524 = ORIENTED_EDGE('',*,*,#1525,.T.);
#1525 = EDGE_CURVE('',#1518,#1526,#1528,.T.);
#1526 = VERTEX_POINT('',#1527);
#1527 = CARTESIAN_POINT('',(0.,-16.75,-8.699999809265));
#1528 = LINE('',#1529,#1530);
#1529 = CARTESIAN_POINT('',(1.31332218647,-16.95800971984,
    -8.699999809265));
#1530 = VECTOR('',#1531,1.);
#1531 = DIRECTION('',(-0.987688349847,0.156434406626,0.));
#1532 = ORIENTED_EDGE('',*,*,#1533,.T.);
#1533 = EDGE_CURVE('',#1526,#1534,#1536,.T.);
#1534 = VERTEX_POINT('',#1535);
#1535 = CARTESIAN_POINT('',(-1.31332218647,-16.95800971984,
    -8.699999809265));
#1536 = LINE('',#1537,#1538);
#1537 = CARTESIAN_POINT('',(0.,-16.75,-8.699999809265));
#1538 = VECTOR('',#1539,1.);
#1539 = DIRECTION('',(-0.987688349847,-0.156434406626,0.));
#1540 = ORIENTED_EDGE('',*,*,#1541,.T.);
#1541 = EDGE_CURVE('',#1534,#1542,#1544,.T.);
#1542 = VERTEX_POINT('',#1543);
#1543 = CARTESIAN_POINT('',(-2.498087406158,-17.56167793273,
    -8.699999809265));
#1544 = LINE('',#1545,#1546);
#1545 = CARTESIAN_POINT('',(-1.31332218647,-16.95800971984,
    -8.699999809265));
#1546 = VECTOR('',#1547,1.);
#1547 = DIRECTION('',(-0.891006468888,-0.453990608273,0.));
#1548 = ORIENTED_EDGE('',*,*,#1549,.T.);
#1549 = EDGE_CURVE('',#1542,#1396,#1550,.T.);
#1550 = LINE('',#1551,#1552);
#1551 = CARTESIAN_POINT('',(-2.498087406158,-17.56167793273,
    -8.699999809265));
#1552 = VECTOR('',#1553,1.);
#1553 = DIRECTION('',(-0.707106691535,-0.707106870838,0.));
#1554 = PLANE('',#1555);
#1555 = AXIS2_PLACEMENT_3D('',#1556,#1557,#1558);
#1556 = CARTESIAN_POINT('',(0.,-16.24218759029,-8.699999809265));
#1557 = DIRECTION('',(-0.,-0.,-1.));
#1558 = DIRECTION('',(-1.,0.,0.));
#1559 = ADVANCED_FACE('',(#1560),#1585,.T.);
#1560 = FACE_BOUND('',#1561,.T.);
#1561 = EDGE_LOOP('',(#1562,#1570,#1571,#1579));
#1562 = ORIENTED_EDGE('',*,*,#1563,.T.);
#1563 = EDGE_CURVE('',#1564,#1300,#1566,.T.);
#1564 = VERTEX_POINT('',#1565);
#1565 = CARTESIAN_POINT('',(7.72740650177,-23.07055282592,
    -4.199999809265));
#1566 = LINE('',#1567,#1568);
#1567 = CARTESIAN_POINT('',(7.72740650177,-23.07055282592,
    -4.199999809265));
#1568 = VECTOR('',#1569,1.);
#1569 = DIRECTION('',(0.,0.,-1.));
#1570 = ORIENTED_EDGE('',*,*,#1299,.T.);
#1571 = ORIENTED_EDGE('',*,*,#1572,.T.);
#1572 = EDGE_CURVE('',#1292,#1573,#1575,.T.);
#1573 = VERTEX_POINT('',#1574);
#1574 = CARTESIAN_POINT('',(8.,-21.,-4.199999809265));
#1575 = LINE('',#1576,#1577);
#1576 = CARTESIAN_POINT('',(8.,-21.,-8.699999809265));
#1577 = VECTOR('',#1578,1.);
#1578 = DIRECTION('',(0.,0.,1.));
#1579 = ORIENTED_EDGE('',*,*,#1580,.T.);
#1580 = EDGE_CURVE('',#1573,#1564,#1581,.T.);
#1581 = LINE('',#1582,#1583);
#1582 = CARTESIAN_POINT('',(8.,-21.,-4.199999809265));
#1583 = VECTOR('',#1584,1.);
#1584 = DIRECTION('',(-0.130526214488,-0.991444858442,0.));
#1585 = PLANE('',#1586);
#1586 = AXIS2_PLACEMENT_3D('',#1587,#1588,#1589);
#1587 = CARTESIAN_POINT('',(7.863703250885,-22.03527641296,
    -6.449999809265));
#1588 = DIRECTION('',(0.991444858442,-0.130526214488,0.));
#1589 = DIRECTION('',(0.130526214488,0.991444858442,0.));
#1590 = ADVANCED_FACE('',(#1591,#1695),#1857,.T.);
#1591 = FACE_BOUND('',#1592,.T.);
#1592 = EDGE_LOOP('',(#1593,#1599,#1600,#1608,#1616,#1624,#1632,#1640,
    #1648,#1656,#1664,#1672,#1680,#1688,#1694));
#1593 = ORIENTED_EDGE('',*,*,#1594,.F.);
#1594 = EDGE_CURVE('',#1083,#1573,#1595,.T.);
#1595 = LINE('',#1596,#1597);
#1596 = CARTESIAN_POINT('',(8.,-6.,-4.199999809265));
#1597 = VECTOR('',#1598,1.);
#1598 = DIRECTION('',(0.,-1.,0.));
#1599 = ORIENTED_EDGE('',*,*,#1080,.F.);
#1600 = ORIENTED_EDGE('',*,*,#1601,.F.);
#1601 = EDGE_CURVE('',#1602,#1081,#1604,.T.);
#1602 = VERTEX_POINT('',#1603);
#1603 = CARTESIAN_POINT('',(-8.,-21.,-4.199999809265));
#1604 = LINE('',#1605,#1606);
#1605 = CARTESIAN_POINT('',(-8.,-21.,-4.199999809265));
#1606 = VECTOR('',#1607,1.);
#1607 = DIRECTION('',(0.,1.,0.));
#1608 = ORIENTED_EDGE('',*,*,#1609,.F.);
#1609 = EDGE_CURVE('',#1610,#1602,#1612,.T.);
#1610 = VERTEX_POINT('',#1611);
#1611 = CARTESIAN_POINT('',(-7.72740650177,-23.07055282592,
    -4.199999809265));
#1612 = LINE('',#1613,#1614);
#1613 = CARTESIAN_POINT('',(-7.72740650177,-23.07055282592,
    -4.199999809265));
#1614 = VECTOR('',#1615,1.);
#1615 = DIRECTION('',(-0.130526214488,0.991444858442,0.));
#1616 = ORIENTED_EDGE('',*,*,#1617,.F.);
#1617 = EDGE_CURVE('',#1618,#1610,#1620,.T.);
#1618 = VERTEX_POINT('',#1619);
#1619 = CARTESIAN_POINT('',(-6.928203105927,-25.,-4.199999809265));
#1620 = LINE('',#1621,#1622);
#1621 = CARTESIAN_POINT('',(-6.928203105927,-25.,-4.199999809265));
#1622 = VECTOR('',#1623,1.);
#1623 = DIRECTION('',(-0.382683517564,0.923879497221,0.));
#1624 = ORIENTED_EDGE('',*,*,#1625,.F.);
#1625 = EDGE_CURVE('',#1626,#1618,#1628,.T.);
#1626 = VERTEX_POINT('',#1627);
#1627 = CARTESIAN_POINT('',(-5.656854152679,-26.65685462951,
    -4.199999809265));
#1628 = LINE('',#1629,#1630);
#1629 = CARTESIAN_POINT('',(-5.656854152679,-26.65685462951,
    -4.199999809265));
#1630 = VECTOR('',#1631,1.);
#1631 = DIRECTION('',(-0.608761332826,0.793353414095,0.));
#1632 = ORIENTED_EDGE('',*,*,#1633,.F.);
#1633 = EDGE_CURVE('',#1634,#1626,#1636,.T.);
#1634 = VERTEX_POINT('',#1635);
#1635 = CARTESIAN_POINT('',(-4.,-27.92820358276,-4.199999809265));
#1636 = LINE('',#1637,#1638);
#1637 = CARTESIAN_POINT('',(-4.,-27.92820358276,-4.199999809265));
#1638 = VECTOR('',#1639,1.);
#1639 = DIRECTION('',(-0.79335332948,0.608761443099,0.));
#1640 = ORIENTED_EDGE('',*,*,#1641,.F.);
#1641 = EDGE_CURVE('',#1642,#1634,#1644,.T.);
#1642 = VERTEX_POINT('',#1643);
#1643 = CARTESIAN_POINT('',(-2.070552349091,-28.72740745544,
    -4.199999809265));
#1644 = LINE('',#1645,#1646);
#1645 = CARTESIAN_POINT('',(-2.070552349091,-28.72740745544,
    -4.199999809265));
#1646 = VECTOR('',#1647,1.);
#1647 = DIRECTION('',(-0.923879449933,0.382683631727,0.));
#1648 = ORIENTED_EDGE('',*,*,#1649,.F.);
#1649 = EDGE_CURVE('',#1650,#1642,#1652,.T.);
#1650 = VERTEX_POINT('',#1651);
#1651 = CARTESIAN_POINT('',(0.,-29.,-4.199999809265));
#1652 = LINE('',#1653,#1654);
#1653 = CARTESIAN_POINT('',(0.,-29.,-4.199999809265));
#1654 = VECTOR('',#1655,1.);
#1655 = DIRECTION('',(-0.991444913647,0.130525795166,0.));
#1656 = ORIENTED_EDGE('',*,*,#1657,.F.);
#1657 = EDGE_CURVE('',#1658,#1650,#1660,.T.);
#1658 = VERTEX_POINT('',#1659);
#1659 = CARTESIAN_POINT('',(2.070552349091,-28.72740745544,
    -4.199999809265));
#1660 = LINE('',#1661,#1662);
#1661 = CARTESIAN_POINT('',(2.070552349091,-28.72740745544,
    -4.199999809265));
#1662 = VECTOR('',#1663,1.);
#1663 = DIRECTION('',(-0.991444913647,-0.130525795166,0.));
#1664 = ORIENTED_EDGE('',*,*,#1665,.F.);
#1665 = EDGE_CURVE('',#1666,#1658,#1668,.T.);
#1666 = VERTEX_POINT('',#1667);
#1667 = CARTESIAN_POINT('',(4.,-27.92820358276,-4.199999809265));
#1668 = LINE('',#1669,#1670);
#1669 = CARTESIAN_POINT('',(4.,-27.92820358276,-4.199999809265));
#1670 = VECTOR('',#1671,1.);
#1671 = DIRECTION('',(-0.923879449933,-0.382683631727,0.));
#1672 = ORIENTED_EDGE('',*,*,#1673,.F.);
#1673 = EDGE_CURVE('',#1674,#1666,#1676,.T.);
#1674 = VERTEX_POINT('',#1675);
#1675 = CARTESIAN_POINT('',(5.656854152679,-26.65685462951,
    -4.199999809265));
#1676 = LINE('',#1677,#1678);
#1677 = CARTESIAN_POINT('',(5.656854152679,-26.65685462951,
    -4.199999809265));
#1678 = VECTOR('',#1679,1.);
#1679 = DIRECTION('',(-0.79335332948,-0.608761443099,0.));
#1680 = ORIENTED_EDGE('',*,*,#1681,.F.);
#1681 = EDGE_CURVE('',#1682,#1674,#1684,.T.);
#1682 = VERTEX_POINT('',#1683);
#1683 = CARTESIAN_POINT('',(6.928203105927,-25.,-4.199999809265));
#1684 = LINE('',#1685,#1686);
#1685 = CARTESIAN_POINT('',(6.928203105927,-25.,-4.199999809265));
#1686 = VECTOR('',#1687,1.);
#1687 = DIRECTION('',(-0.608761332826,-0.793353414095,0.));
#1688 = ORIENTED_EDGE('',*,*,#1689,.F.);
#1689 = EDGE_CURVE('',#1564,#1682,#1690,.T.);
#1690 = LINE('',#1691,#1692);
#1691 = CARTESIAN_POINT('',(7.72740650177,-23.07055282592,
    -4.199999809265));
#1692 = VECTOR('',#1693,1.);
#1693 = DIRECTION('',(-0.382683517564,-0.923879497221,0.));
#1694 = ORIENTED_EDGE('',*,*,#1580,.F.);
#1695 = FACE_BOUND('',#1696,.T.);
#1696 = EDGE_LOOP('',(#1697,#1707,#1715,#1723,#1731,#1739,#1747,#1755,
    #1763,#1771,#1779,#1787,#1795,#1803,#1811,#1819,#1827,#1835,#1843,
    #1851));
#1697 = ORIENTED_EDGE('',*,*,#1698,.T.);
#1698 = EDGE_CURVE('',#1699,#1701,#1703,.T.);
#1699 = VERTEX_POINT('',#1700);
#1700 = CARTESIAN_POINT('',(0.,-16.75,-4.199999809265));
#1701 = VERTEX_POINT('',#1702);
#1702 = CARTESIAN_POINT('',(1.31332218647,-16.95800971984,
    -4.199999809265));
#1703 = LINE('',#1704,#1705);
#1704 = CARTESIAN_POINT('',(0.,-16.75,-4.199999809265));
#1705 = VECTOR('',#1706,1.);
#1706 = DIRECTION('',(0.987688349847,-0.156434406626,0.));
#1707 = ORIENTED_EDGE('',*,*,#1708,.T.);
#1708 = EDGE_CURVE('',#1701,#1709,#1711,.T.);
#1709 = VERTEX_POINT('',#1710);
#1710 = CARTESIAN_POINT('',(2.498087406158,-17.56167793273,
    -4.199999809265));
#1711 = LINE('',#1712,#1713);
#1712 = CARTESIAN_POINT('',(1.31332218647,-16.95800971984,
    -4.199999809265));
#1713 = VECTOR('',#1714,1.);
#1714 = DIRECTION('',(0.891006468888,-0.453990608273,0.));
#1715 = ORIENTED_EDGE('',*,*,#1716,.T.);
#1716 = EDGE_CURVE('',#1709,#1717,#1719,.T.);
#1717 = VERTEX_POINT('',#1718);
#1718 = CARTESIAN_POINT('',(3.438322305679,-18.50191307067,
    -4.199999809265));
#1719 = LINE('',#1720,#1721);
#1720 = CARTESIAN_POINT('',(2.498087406158,-17.56167793273,
    -4.199999809265));
#1721 = VECTOR('',#1722,1.);
#1722 = DIRECTION('',(0.707106691535,-0.707106870838,0.));
#1723 = ORIENTED_EDGE('',*,*,#1724,.T.);
#1724 = EDGE_CURVE('',#1717,#1725,#1727,.T.);
#1725 = VERTEX_POINT('',#1726);
#1726 = CARTESIAN_POINT('',(4.041990280151,-19.68667793273,
    -4.199999809265));
#1727 = LINE('',#1728,#1729);
#1728 = CARTESIAN_POINT('',(3.438322305679,-18.50191307067,
    -4.199999809265));
#1729 = VECTOR('',#1730,1.);
#1730 = DIRECTION('',(0.45399057472,-0.891006485984,0.));
#1731 = ORIENTED_EDGE('',*,*,#1732,.T.);
#1732 = EDGE_CURVE('',#1725,#1733,#1735,.T.);
#1733 = VERTEX_POINT('',#1734);
#1734 = CARTESIAN_POINT('',(4.25,-21.,-4.199999809265));
#1735 = LINE('',#1736,#1737);
#1736 = CARTESIAN_POINT('',(4.041990280151,-19.68667793273,
    -4.199999809265));
#1737 = VECTOR('',#1738,1.);
#1738 = DIRECTION('',(0.156434420478,-0.987688347653,0.));
#1739 = ORIENTED_EDGE('',*,*,#1740,.T.);
#1740 = EDGE_CURVE('',#1733,#1741,#1743,.T.);
#1741 = VERTEX_POINT('',#1742);
#1742 = CARTESIAN_POINT('',(4.041990280151,-22.31332206726,
    -4.199999809265));
#1743 = LINE('',#1744,#1745);
#1744 = CARTESIAN_POINT('',(4.25,-21.,-4.199999809265));
#1745 = VECTOR('',#1746,1.);
#1746 = DIRECTION('',(-0.156434420478,-0.987688347653,0.));
#1747 = ORIENTED_EDGE('',*,*,#1748,.T.);
#1748 = EDGE_CURVE('',#1741,#1749,#1751,.T.);
#1749 = VERTEX_POINT('',#1750);
#1750 = CARTESIAN_POINT('',(3.438322305679,-23.49808692932,
    -4.199999809265));
#1751 = LINE('',#1752,#1753);
#1752 = CARTESIAN_POINT('',(4.041990280151,-22.31332206726,
    -4.199999809265));
#1753 = VECTOR('',#1754,1.);
#1754 = DIRECTION('',(-0.45399057472,-0.891006485984,0.));
#1755 = ORIENTED_EDGE('',*,*,#1756,.T.);
#1756 = EDGE_CURVE('',#1749,#1757,#1759,.T.);
#1757 = VERTEX_POINT('',#1758);
#1758 = CARTESIAN_POINT('',(2.498087406158,-24.43832206726,
    -4.199999809265));
#1759 = LINE('',#1760,#1761);
#1760 = CARTESIAN_POINT('',(3.438322305679,-23.49808692932,
    -4.199999809265));
#1761 = VECTOR('',#1762,1.);
#1762 = DIRECTION('',(-0.707106691535,-0.707106870838,0.));
#1763 = ORIENTED_EDGE('',*,*,#1764,.T.);
#1764 = EDGE_CURVE('',#1757,#1765,#1767,.T.);
#1765 = VERTEX_POINT('',#1766);
#1766 = CARTESIAN_POINT('',(1.31332218647,-25.04199028015,
    -4.199999809265));
#1767 = LINE('',#1768,#1769);
#1768 = CARTESIAN_POINT('',(2.498087406158,-24.43832206726,
    -4.199999809265));
#1769 = VECTOR('',#1770,1.);
#1770 = DIRECTION('',(-0.891006468888,-0.453990608273,0.));
#1771 = ORIENTED_EDGE('',*,*,#1772,.T.);
#1772 = EDGE_CURVE('',#1765,#1773,#1775,.T.);
#1773 = VERTEX_POINT('',#1774);
#1774 = CARTESIAN_POINT('',(0.,-25.25,-4.199999809265));
#1775 = LINE('',#1776,#1777);
#1776 = CARTESIAN_POINT('',(1.31332218647,-25.04199028015,
    -4.199999809265));
#1777 = VECTOR('',#1778,1.);
#1778 = DIRECTION('',(-0.987688349847,-0.156434406626,0.));
#1779 = ORIENTED_EDGE('',*,*,#1780,.T.);
#1780 = EDGE_CURVE('',#1773,#1781,#1783,.T.);
#1781 = VERTEX_POINT('',#1782);
#1782 = CARTESIAN_POINT('',(-1.31332218647,-25.04199028015,
    -4.199999809265));
#1783 = LINE('',#1784,#1785);
#1784 = CARTESIAN_POINT('',(0.,-25.25,-4.199999809265));
#1785 = VECTOR('',#1786,1.);
#1786 = DIRECTION('',(-0.987688349847,0.156434406626,0.));
#1787 = ORIENTED_EDGE('',*,*,#1788,.T.);
#1788 = EDGE_CURVE('',#1781,#1789,#1791,.T.);
#1789 = VERTEX_POINT('',#1790);
#1790 = CARTESIAN_POINT('',(-2.498087406158,-24.43832206726,
    -4.199999809265));
#1791 = LINE('',#1792,#1793);
#1792 = CARTESIAN_POINT('',(-1.31332218647,-25.04199028015,
    -4.199999809265));
#1793 = VECTOR('',#1794,1.);
#1794 = DIRECTION('',(-0.891006468888,0.453990608273,0.));
#1795 = ORIENTED_EDGE('',*,*,#1796,.T.);
#1796 = EDGE_CURVE('',#1789,#1797,#1799,.T.);
#1797 = VERTEX_POINT('',#1798);
#1798 = CARTESIAN_POINT('',(-3.438322305679,-23.49808692932,
    -4.199999809265));
#1799 = LINE('',#1800,#1801);
#1800 = CARTESIAN_POINT('',(-2.498087406158,-24.43832206726,
    -4.199999809265));
#1801 = VECTOR('',#1802,1.);
#1802 = DIRECTION('',(-0.707106691535,0.707106870838,0.));
#1803 = ORIENTED_EDGE('',*,*,#1804,.T.);
#1804 = EDGE_CURVE('',#1797,#1805,#1807,.T.);
#1805 = VERTEX_POINT('',#1806);
#1806 = CARTESIAN_POINT('',(-4.041990280151,-22.31332206726,
    -4.199999809265));
#1807 = LINE('',#1808,#1809);
#1808 = CARTESIAN_POINT('',(-3.438322305679,-23.49808692932,
    -4.199999809265));
#1809 = VECTOR('',#1810,1.);
#1810 = DIRECTION('',(-0.45399057472,0.891006485984,0.));
#1811 = ORIENTED_EDGE('',*,*,#1812,.T.);
#1812 = EDGE_CURVE('',#1805,#1813,#1815,.T.);
#1813 = VERTEX_POINT('',#1814);
#1814 = CARTESIAN_POINT('',(-4.25,-21.,-4.199999809265));
#1815 = LINE('',#1816,#1817);
#1816 = CARTESIAN_POINT('',(-4.041990280151,-22.31332206726,
    -4.199999809265));
#1817 = VECTOR('',#1818,1.);
#1818 = DIRECTION('',(-0.156434420478,0.987688347653,0.));
#1819 = ORIENTED_EDGE('',*,*,#1820,.T.);
#1820 = EDGE_CURVE('',#1813,#1821,#1823,.T.);
#1821 = VERTEX_POINT('',#1822);
#1822 = CARTESIAN_POINT('',(-4.041990280151,-19.68667793273,
    -4.199999809265));
#1823 = LINE('',#1824,#1825);
#1824 = CARTESIAN_POINT('',(-4.25,-21.,-4.199999809265));
#1825 = VECTOR('',#1826,1.);
#1826 = DIRECTION('',(0.156434420478,0.987688347653,0.));
#1827 = ORIENTED_EDGE('',*,*,#1828,.T.);
#1828 = EDGE_CURVE('',#1821,#1829,#1831,.T.);
#1829 = VERTEX_POINT('',#1830);
#1830 = CARTESIAN_POINT('',(-3.438322305679,-18.50191307067,
    -4.199999809265));
#1831 = LINE('',#1832,#1833);
#1832 = CARTESIAN_POINT('',(-4.041990280151,-19.68667793273,
    -4.199999809265));
#1833 = VECTOR('',#1834,1.);
#1834 = DIRECTION('',(0.45399057472,0.891006485984,0.));
#1835 = ORIENTED_EDGE('',*,*,#1836,.T.);
#1836 = EDGE_CURVE('',#1829,#1837,#1839,.T.);
#1837 = VERTEX_POINT('',#1838);
#1838 = CARTESIAN_POINT('',(-2.498087406158,-17.56167793273,
    -4.199999809265));
#1839 = LINE('',#1840,#1841);
#1840 = CARTESIAN_POINT('',(-3.438322305679,-18.50191307067,
    -4.199999809265));
#1841 = VECTOR('',#1842,1.);
#1842 = DIRECTION('',(0.707106691535,0.707106870838,0.));
#1843 = ORIENTED_EDGE('',*,*,#1844,.T.);
#1844 = EDGE_CURVE('',#1837,#1845,#1847,.T.);
#1845 = VERTEX_POINT('',#1846);
#1846 = CARTESIAN_POINT('',(-1.31332218647,-16.95800971984,
    -4.199999809265));
#1847 = LINE('',#1848,#1849);
#1848 = CARTESIAN_POINT('',(-2.498087406158,-17.56167793273,
    -4.199999809265));
#1849 = VECTOR('',#1850,1.);
#1850 = DIRECTION('',(0.891006468888,0.453990608273,0.));
#1851 = ORIENTED_EDGE('',*,*,#1852,.T.);
#1852 = EDGE_CURVE('',#1845,#1699,#1853,.T.);
#1853 = LINE('',#1854,#1855);
#1854 = CARTESIAN_POINT('',(-1.31332218647,-16.95800971984,
    -4.199999809265));
#1855 = VECTOR('',#1856,1.);
#1856 = DIRECTION('',(0.987688349847,0.156434406626,0.));
#1857 = PLANE('',#1858);
#1858 = AXIS2_PLACEMENT_3D('',#1859,#1860,#1861);
#1859 = CARTESIAN_POINT('',(0.,-16.24218759029,-4.199999809265));
#1860 = DIRECTION('',(0.,0.,1.));
#1861 = DIRECTION('',(1.,0.,-0.));
#1862 = ADVANCED_FACE('',(#1863),#1874,.T.);
#1863 = FACE_BOUND('',#1864,.T.);
#1864 = EDGE_LOOP('',(#1865,#1871,#1872,#1873));
#1865 = ORIENTED_EDGE('',*,*,#1866,.T.);
#1866 = EDGE_CURVE('',#1682,#1308,#1867,.T.);
#1867 = LINE('',#1868,#1869);
#1868 = CARTESIAN_POINT('',(6.928203105927,-25.,-4.199999809265));
#1869 = VECTOR('',#1870,1.);
#1870 = DIRECTION('',(0.,0.,-1.));
#1871 = ORIENTED_EDGE('',*,*,#1307,.T.);
#1872 = ORIENTED_EDGE('',*,*,#1563,.F.);
#1873 = ORIENTED_EDGE('',*,*,#1689,.T.);
#1874 = PLANE('',#1875);
#1875 = AXIS2_PLACEMENT_3D('',#1876,#1877,#1878);
#1876 = CARTESIAN_POINT('',(7.327804803848,-24.03527641296,
    -6.449999809265));
#1877 = DIRECTION('',(0.923879497221,-0.382683517564,0.));
#1878 = DIRECTION('',(0.382683517564,0.923879497221,0.));
#1879 = ADVANCED_FACE('',(#1880),#1891,.T.);
#1880 = FACE_BOUND('',#1881,.T.);
#1881 = EDGE_LOOP('',(#1882,#1888,#1889,#1890));
#1882 = ORIENTED_EDGE('',*,*,#1883,.T.);
#1883 = EDGE_CURVE('',#1674,#1316,#1884,.T.);
#1884 = LINE('',#1885,#1886);
#1885 = CARTESIAN_POINT('',(5.656854152679,-26.65685462951,
    -4.199999809265));
#1886 = VECTOR('',#1887,1.);
#1887 = DIRECTION('',(0.,0.,-1.));
#1888 = ORIENTED_EDGE('',*,*,#1315,.T.);
#1889 = ORIENTED_EDGE('',*,*,#1866,.F.);
#1890 = ORIENTED_EDGE('',*,*,#1681,.T.);
#1891 = PLANE('',#1892);
#1892 = AXIS2_PLACEMENT_3D('',#1893,#1894,#1895);
#1893 = CARTESIAN_POINT('',(6.292528629303,-25.82842731475,
    -6.449999809265));
#1894 = DIRECTION('',(0.793353414095,-0.608761332826,0.));
#1895 = DIRECTION('',(0.608761332826,0.793353414095,0.));
#1896 = ADVANCED_FACE('',(#1897),#1908,.T.);
#1897 = FACE_BOUND('',#1898,.T.);
#1898 = EDGE_LOOP('',(#1899,#1905,#1906,#1907));
#1899 = ORIENTED_EDGE('',*,*,#1900,.T.);
#1900 = EDGE_CURVE('',#1666,#1324,#1901,.T.);
#1901 = LINE('',#1902,#1903);
#1902 = CARTESIAN_POINT('',(4.,-27.92820358276,-4.199999809265));
#1903 = VECTOR('',#1904,1.);
#1904 = DIRECTION('',(0.,0.,-1.));
#1905 = ORIENTED_EDGE('',*,*,#1323,.T.);
#1906 = ORIENTED_EDGE('',*,*,#1883,.F.);
#1907 = ORIENTED_EDGE('',*,*,#1673,.T.);
#1908 = PLANE('',#1909);
#1909 = AXIS2_PLACEMENT_3D('',#1910,#1911,#1912);
#1910 = CARTESIAN_POINT('',(4.82842707634,-27.29252910614,
    -6.449999809265));
#1911 = DIRECTION('',(0.608761443099,-0.79335332948,-0.));
#1912 = DIRECTION('',(-0.79335332948,-0.608761443099,0.));
#1913 = ADVANCED_FACE('',(#1914),#1925,.T.);
#1914 = FACE_BOUND('',#1915,.T.);
#1915 = EDGE_LOOP('',(#1916,#1922,#1923,#1924));
#1916 = ORIENTED_EDGE('',*,*,#1917,.T.);
#1917 = EDGE_CURVE('',#1658,#1332,#1918,.T.);
#1918 = LINE('',#1919,#1920);
#1919 = CARTESIAN_POINT('',(2.070552349091,-28.72740745544,
    -4.199999809265));
#1920 = VECTOR('',#1921,1.);
#1921 = DIRECTION('',(0.,0.,-1.));
#1922 = ORIENTED_EDGE('',*,*,#1331,.T.);
#1923 = ORIENTED_EDGE('',*,*,#1900,.F.);
#1924 = ORIENTED_EDGE('',*,*,#1665,.T.);
#1925 = PLANE('',#1926);
#1926 = AXIS2_PLACEMENT_3D('',#1927,#1928,#1929);
#1927 = CARTESIAN_POINT('',(3.035276174545,-28.3278055191,
    -6.449999809265));
#1928 = DIRECTION('',(0.382683631727,-0.923879449933,-0.));
#1929 = DIRECTION('',(-0.923879449933,-0.382683631727,0.));
#1930 = ADVANCED_FACE('',(#1931),#1942,.T.);
#1931 = FACE_BOUND('',#1932,.T.);
#1932 = EDGE_LOOP('',(#1933,#1939,#1940,#1941));
#1933 = ORIENTED_EDGE('',*,*,#1934,.T.);
#1934 = EDGE_CURVE('',#1650,#1340,#1935,.T.);
#1935 = LINE('',#1936,#1937);
#1936 = CARTESIAN_POINT('',(0.,-29.,-4.199999809265));
#1937 = VECTOR('',#1938,1.);
#1938 = DIRECTION('',(0.,0.,-1.));
#1939 = ORIENTED_EDGE('',*,*,#1339,.T.);
#1940 = ORIENTED_EDGE('',*,*,#1917,.F.);
#1941 = ORIENTED_EDGE('',*,*,#1657,.T.);
#1942 = PLANE('',#1943);
#1943 = AXIS2_PLACEMENT_3D('',#1944,#1945,#1946);
#1944 = CARTESIAN_POINT('',(1.035276174545,-28.86370372772,
    -6.449999809265));
#1945 = DIRECTION('',(0.130525795166,-0.991444913647,-0.));
#1946 = DIRECTION('',(-0.991444913647,-0.130525795166,0.));
#1947 = ADVANCED_FACE('',(#1948),#1959,.T.);
#1948 = FACE_BOUND('',#1949,.T.);
#1949 = EDGE_LOOP('',(#1950,#1956,#1957,#1958));
#1950 = ORIENTED_EDGE('',*,*,#1951,.T.);
#1951 = EDGE_CURVE('',#1642,#1348,#1952,.T.);
#1952 = LINE('',#1953,#1954);
#1953 = CARTESIAN_POINT('',(-2.070552349091,-28.72740745544,
    -4.199999809265));
#1954 = VECTOR('',#1955,1.);
#1955 = DIRECTION('',(0.,0.,-1.));
#1956 = ORIENTED_EDGE('',*,*,#1347,.T.);
#1957 = ORIENTED_EDGE('',*,*,#1934,.F.);
#1958 = ORIENTED_EDGE('',*,*,#1649,.T.);
#1959 = PLANE('',#1960);
#1960 = AXIS2_PLACEMENT_3D('',#1961,#1962,#1963);
#1961 = CARTESIAN_POINT('',(-1.035276174545,-28.86370372772,
    -6.449999809265));
#1962 = DIRECTION('',(-0.130525795166,-0.991444913647,-0.));
#1963 = DIRECTION('',(-0.991444913647,0.130525795166,0.));
#1964 = ADVANCED_FACE('',(#1965),#1976,.T.);
#1965 = FACE_BOUND('',#1966,.T.);
#1966 = EDGE_LOOP('',(#1967,#1973,#1974,#1975));
#1967 = ORIENTED_EDGE('',*,*,#1968,.T.);
#1968 = EDGE_CURVE('',#1634,#1356,#1969,.T.);
#1969 = LINE('',#1970,#1971);
#1970 = CARTESIAN_POINT('',(-4.,-27.92820358276,-4.199999809265));
#1971 = VECTOR('',#1972,1.);
#1972 = DIRECTION('',(0.,0.,-1.));
#1973 = ORIENTED_EDGE('',*,*,#1355,.T.);
#1974 = ORIENTED_EDGE('',*,*,#1951,.F.);
#1975 = ORIENTED_EDGE('',*,*,#1641,.T.);
#1976 = PLANE('',#1977);
#1977 = AXIS2_PLACEMENT_3D('',#1978,#1979,#1980);
#1978 = CARTESIAN_POINT('',(-3.035276174545,-28.3278055191,
    -6.449999809265));
#1979 = DIRECTION('',(-0.382683631727,-0.923879449933,-0.));
#1980 = DIRECTION('',(-0.923879449933,0.382683631727,0.));
#1981 = ADVANCED_FACE('',(#1982),#1993,.T.);
#1982 = FACE_BOUND('',#1983,.T.);
#1983 = EDGE_LOOP('',(#1984,#1990,#1991,#1992));
#1984 = ORIENTED_EDGE('',*,*,#1985,.T.);
#1985 = EDGE_CURVE('',#1626,#1364,#1986,.T.);
#1986 = LINE('',#1987,#1988);
#1987 = CARTESIAN_POINT('',(-5.656854152679,-26.65685462951,
    -4.199999809265));
#1988 = VECTOR('',#1989,1.);
#1989 = DIRECTION('',(0.,0.,-1.));
#1990 = ORIENTED_EDGE('',*,*,#1363,.T.);
#1991 = ORIENTED_EDGE('',*,*,#1968,.F.);
#1992 = ORIENTED_EDGE('',*,*,#1633,.T.);
#1993 = PLANE('',#1994);
#1994 = AXIS2_PLACEMENT_3D('',#1995,#1996,#1997);
#1995 = CARTESIAN_POINT('',(-4.82842707634,-27.29252910614,
    -6.449999809265));
#1996 = DIRECTION('',(-0.608761443099,-0.79335332948,-0.));
#1997 = DIRECTION('',(-0.79335332948,0.608761443099,0.));
#1998 = ADVANCED_FACE('',(#1999),#2010,.T.);
#1999 = FACE_BOUND('',#2000,.T.);
#2000 = EDGE_LOOP('',(#2001,#2007,#2008,#2009));
#2001 = ORIENTED_EDGE('',*,*,#2002,.T.);
#2002 = EDGE_CURVE('',#1618,#1372,#2003,.T.);
#2003 = LINE('',#2004,#2005);
#2004 = CARTESIAN_POINT('',(-6.928203105927,-25.,-4.199999809265));
#2005 = VECTOR('',#2006,1.);
#2006 = DIRECTION('',(0.,0.,-1.));
#2007 = ORIENTED_EDGE('',*,*,#1371,.T.);
#2008 = ORIENTED_EDGE('',*,*,#1985,.F.);
#2009 = ORIENTED_EDGE('',*,*,#1625,.T.);
#2010 = PLANE('',#2011);
#2011 = AXIS2_PLACEMENT_3D('',#2012,#2013,#2014);
#2012 = CARTESIAN_POINT('',(-6.292528629303,-25.82842731475,
    -6.449999809265));
#2013 = DIRECTION('',(-0.793353414095,-0.608761332826,-0.));
#2014 = DIRECTION('',(0.608761332826,-0.793353414095,0.));
#2015 = ADVANCED_FACE('',(#2016),#2027,.T.);
#2016 = FACE_BOUND('',#2017,.T.);
#2017 = EDGE_LOOP('',(#2018,#2024,#2025,#2026));
#2018 = ORIENTED_EDGE('',*,*,#2019,.T.);
#2019 = EDGE_CURVE('',#1610,#1380,#2020,.T.);
#2020 = LINE('',#2021,#2022);
#2021 = CARTESIAN_POINT('',(-7.72740650177,-23.07055282592,
    -4.199999809265));
#2022 = VECTOR('',#2023,1.);
#2023 = DIRECTION('',(0.,0.,-1.));
#2024 = ORIENTED_EDGE('',*,*,#1379,.T.);
#2025 = ORIENTED_EDGE('',*,*,#2002,.F.);
#2026 = ORIENTED_EDGE('',*,*,#1617,.T.);
#2027 = PLANE('',#2028);
#2028 = AXIS2_PLACEMENT_3D('',#2029,#2030,#2031);
#2029 = CARTESIAN_POINT('',(-7.327804803848,-24.03527641296,
    -6.449999809265));
#2030 = DIRECTION('',(-0.923879497221,-0.382683517564,-0.));
#2031 = DIRECTION('',(0.382683517564,-0.923879497221,0.));
#2032 = ADVANCED_FACE('',(#2033),#2044,.T.);
#2033 = FACE_BOUND('',#2034,.T.);
#2034 = EDGE_LOOP('',(#2035,#2041,#2042,#2043));
#2035 = ORIENTED_EDGE('',*,*,#2036,.F.);
#2036 = EDGE_CURVE('',#1283,#1602,#2037,.T.);
#2037 = LINE('',#2038,#2039);
#2038 = CARTESIAN_POINT('',(-8.,-21.,-8.699999809265));
#2039 = VECTOR('',#2040,1.);
#2040 = DIRECTION('',(0.,0.,1.));
#2041 = ORIENTED_EDGE('',*,*,#1387,.T.);
#2042 = ORIENTED_EDGE('',*,*,#2019,.F.);
#2043 = ORIENTED_EDGE('',*,*,#1609,.T.);
#2044 = PLANE('',#2045);
#2045 = AXIS2_PLACEMENT_3D('',#2046,#2047,#2048);
#2046 = CARTESIAN_POINT('',(-7.863703250885,-22.03527641296,
    -6.449999809265));
#2047 = DIRECTION('',(-0.991444858442,-0.130526214488,-0.));
#2048 = DIRECTION('',(0.130526214488,-0.991444858442,0.));
#2049 = ADVANCED_FACE('',(#2050),#2056,.T.);
#2050 = FACE_BOUND('',#2051,.T.);
#2051 = EDGE_LOOP('',(#2052,#2053,#2054,#2055));
#2052 = ORIENTED_EDGE('',*,*,#1601,.T.);
#2053 = ORIENTED_EDGE('',*,*,#1106,.F.);
#2054 = ORIENTED_EDGE('',*,*,#1282,.T.);
#2055 = ORIENTED_EDGE('',*,*,#2036,.T.);
#2056 = PLANE('',#2057);
#2057 = AXIS2_PLACEMENT_3D('',#2058,#2059,#2060);
#2058 = CARTESIAN_POINT('',(-8.,-13.5,-6.449999809265));
#2059 = DIRECTION('',(-1.,-0.,-0.));
#2060 = DIRECTION('',(0.,0.,-1.));
#2061 = ADVANCED_FACE('',(#2062),#2087,.T.);
#2062 = FACE_BOUND('',#2063,.T.);
#2063 = EDGE_LOOP('',(#2064,#2072,#2073,#2081));
#2064 = ORIENTED_EDGE('',*,*,#2065,.T.);
#2065 = EDGE_CURVE('',#2066,#1022,#2068,.T.);
#2066 = VERTEX_POINT('',#2067);
#2067 = CARTESIAN_POINT('',(2.794615745544,8.,12.696066856384));
#2068 = LINE('',#2069,#2070);
#2069 = CARTESIAN_POINT('',(2.794615745544,8.,12.696066856384));
#2070 = VECTOR('',#2071,1.);
#2071 = DIRECTION('',(0.,-1.,0.));
#2072 = ORIENTED_EDGE('',*,*,#1021,.T.);
#2073 = ORIENTED_EDGE('',*,*,#2074,.F.);
#2074 = EDGE_CURVE('',#2075,#1014,#2077,.T.);
#2075 = VERTEX_POINT('',#2076);
#2076 = CARTESIAN_POINT('',(5.458558082581,8.,11.798480033875));
#2077 = LINE('',#2078,#2079);
#2078 = CARTESIAN_POINT('',(5.458558082581,8.,11.798480033875));
#2079 = VECTOR('',#2080,1.);
#2080 = DIRECTION('',(0.,-1.,0.));
#2081 = ORIENTED_EDGE('',*,*,#2082,.F.);
#2082 = EDGE_CURVE('',#2066,#2075,#2083,.T.);
#2083 = LINE('',#2084,#2085);
#2084 = CARTESIAN_POINT('',(2.794615745544,8.,12.696066856384));
#2085 = VECTOR('',#2086,1.);
#2086 = DIRECTION('',(0.947653155922,0.,-0.319301575428));
#2087 = PLANE('',#2088);
#2088 = AXIS2_PLACEMENT_3D('',#2089,#2090,#2091);
#2089 = CARTESIAN_POINT('',(4.126586914062,1.,12.247273445129));
#2090 = DIRECTION('',(0.319301575428,0.,0.947653155922));
#2091 = DIRECTION('',(0.947653155922,0.,-0.319301575428));
#2092 = ADVANCED_FACE('',(#2093),#2111,.T.);
#2093 = FACE_BOUND('',#2094,.T.);
#2094 = EDGE_LOOP('',(#2095,#2096,#2097,#2105));
#2095 = ORIENTED_EDGE('',*,*,#2074,.T.);
#2096 = ORIENTED_EDGE('',*,*,#1013,.T.);
#2097 = ORIENTED_EDGE('',*,*,#2098,.F.);
#2098 = EDGE_CURVE('',#2099,#1006,#2101,.T.);
#2099 = VERTEX_POINT('',#2100);
#2100 = CARTESIAN_POINT('',(7.86726474762,8.,10.349209785461));
#2101 = LINE('',#2102,#2103);
#2102 = CARTESIAN_POINT('',(7.86726474762,8.,10.349209785461));
#2103 = VECTOR('',#2104,1.);
#2104 = DIRECTION('',(0.,-1.,0.));
#2105 = ORIENTED_EDGE('',*,*,#2106,.F.);
#2106 = EDGE_CURVE('',#2075,#2099,#2107,.T.);
#2107 = LINE('',#2108,#2109);
#2108 = CARTESIAN_POINT('',(5.458558082581,8.,11.798480033875));
#2109 = VECTOR('',#2110,1.);
#2110 = DIRECTION('',(0.856857249419,0.,-0.515553735432));
#2111 = PLANE('',#2112);
#2112 = AXIS2_PLACEMENT_3D('',#2113,#2114,#2115);
#2113 = CARTESIAN_POINT('',(6.6629114151,1.,11.073844909668));
#2114 = DIRECTION('',(0.515553735432,0.,0.856857249419));
#2115 = DIRECTION('',(0.856857249419,0.,-0.515553735432));
#2116 = ADVANCED_FACE('',(#2117),#2135,.T.);
#2117 = FACE_BOUND('',#2118,.T.);
#2118 = EDGE_LOOP('',(#2119,#2120,#2121,#2129));
#2119 = ORIENTED_EDGE('',*,*,#2098,.T.);
#2120 = ORIENTED_EDGE('',*,*,#1005,.T.);
#2121 = ORIENTED_EDGE('',*,*,#2122,.F.);
#2122 = EDGE_CURVE('',#2123,#998,#2125,.T.);
#2123 = VERTEX_POINT('',#2124);
#2124 = CARTESIAN_POINT('',(9.908106803894,8.,8.416021347046));
#2125 = LINE('',#2126,#2127);
#2126 = CARTESIAN_POINT('',(9.908106803894,8.,8.416021347046));
#2127 = VECTOR('',#2128,1.);
#2128 = DIRECTION('',(0.,-1.,0.));
#2129 = ORIENTED_EDGE('',*,*,#2130,.F.);
#2130 = EDGE_CURVE('',#2099,#2123,#2131,.T.);
#2131 = LINE('',#2132,#2133);
#2132 = CARTESIAN_POINT('',(7.86726474762,8.,10.349209785461));
#2133 = VECTOR('',#2134,1.);
#2134 = DIRECTION('',(0.725995464127,0.,-0.687699488198));
#2135 = PLANE('',#2136);
#2136 = AXIS2_PLACEMENT_3D('',#2137,#2138,#2139);
#2137 = CARTESIAN_POINT('',(8.887685775757,1.,9.382615566254));
#2138 = DIRECTION('',(0.687699488198,0.,0.725995464127));
#2139 = DIRECTION('',(0.725995464127,0.,-0.687699488198));
#2140 = ADVANCED_FACE('',(#2141),#2159,.T.);
#2141 = FACE_BOUND('',#2142,.T.);
#2142 = EDGE_LOOP('',(#2143,#2144,#2145,#2153));
#2143 = ORIENTED_EDGE('',*,*,#2122,.T.);
#2144 = ORIENTED_EDGE('',*,*,#997,.T.);
#2145 = ORIENTED_EDGE('',*,*,#2146,.F.);
#2146 = EDGE_CURVE('',#2147,#990,#2149,.T.);
#2147 = VERTEX_POINT('',#2148);
#2148 = CARTESIAN_POINT('',(11.485656738281,8.,6.089309692383));
#2149 = LINE('',#2150,#2151);
#2150 = CARTESIAN_POINT('',(11.485656738281,8.,6.089309692383));
#2151 = VECTOR('',#2152,1.);
#2152 = DIRECTION('',(0.,-1.,0.));
#2153 = ORIENTED_EDGE('',*,*,#2154,.F.);
#2154 = EDGE_CURVE('',#2123,#2147,#2155,.T.);
#2155 = LINE('',#2156,#2157);
#2156 = CARTESIAN_POINT('',(9.908106803894,8.,8.416021347046));
#2157 = VECTOR('',#2158,1.);
#2158 = DIRECTION('',(0.561187135824,0.,-0.827688950383));
#2159 = PLANE('',#2160);
#2160 = AXIS2_PLACEMENT_3D('',#2161,#2162,#2163);
#2161 = CARTESIAN_POINT('',(10.696881771088,1.,7.252665519714));
#2162 = DIRECTION('',(0.827688950383,0.,0.561187135824));
#2163 = DIRECTION('',(-0.561187135824,0.,0.827688950383));
#2164 = ADVANCED_FACE('',(#2165),#2183,.T.);
#2165 = FACE_BOUND('',#2166,.T.);
#2166 = EDGE_LOOP('',(#2167,#2168,#2169,#2177));
#2167 = ORIENTED_EDGE('',*,*,#2146,.T.);
#2168 = ORIENTED_EDGE('',*,*,#989,.T.);
#2169 = ORIENTED_EDGE('',*,*,#2170,.F.);
#2170 = EDGE_CURVE('',#2171,#982,#2173,.T.);
#2171 = VERTEX_POINT('',#2172);
#2172 = CARTESIAN_POINT('',(12.526149749756,8.,3.477868318558));
#2173 = LINE('',#2174,#2175);
#2174 = CARTESIAN_POINT('',(12.526149749756,8.,3.477868318558));
#2175 = VECTOR('',#2176,1.);
#2176 = DIRECTION('',(0.,-1.,0.));
#2177 = ORIENTED_EDGE('',*,*,#2178,.F.);
#2178 = EDGE_CURVE('',#2147,#2171,#2179,.T.);
#2179 = LINE('',#2180,#2181);
#2180 = CARTESIAN_POINT('',(11.485656738281,8.,6.089309692383));
#2181 = VECTOR('',#2182,1.);
#2182 = DIRECTION('',(0.370138053525,0.,-0.928976760384));
#2183 = PLANE('',#2184);
#2184 = AXIS2_PLACEMENT_3D('',#2185,#2186,#2187);
#2185 = CARTESIAN_POINT('',(12.005903244019,1.,4.78358900547));
#2186 = DIRECTION('',(0.928976760384,0.,0.370138053525));
#2187 = DIRECTION('',(-0.370138053525,0.,0.928976760384));
#2188 = ADVANCED_FACE('',(#2189),#2207,.T.);
#2189 = FACE_BOUND('',#2190,.T.);
#2190 = EDGE_LOOP('',(#2191,#2192,#2193,#2201));
#2191 = ORIENTED_EDGE('',*,*,#2170,.T.);
#2192 = ORIENTED_EDGE('',*,*,#981,.T.);
#2193 = ORIENTED_EDGE('',*,*,#2194,.F.);
#2194 = EDGE_CURVE('',#2195,#974,#2197,.T.);
#2195 = VERTEX_POINT('',#2196);
#2196 = CARTESIAN_POINT('',(12.980934143066,8.,0.703805804253));
#2197 = LINE('',#2198,#2199);
#2198 = CARTESIAN_POINT('',(12.980934143066,8.,0.703805804253));
#2199 = VECTOR('',#2200,1.);
#2200 = DIRECTION('',(0.,-1.,0.));
#2201 = ORIENTED_EDGE('',*,*,#2202,.F.);
#2202 = EDGE_CURVE('',#2171,#2195,#2203,.T.);
#2203 = LINE('',#2204,#2205);
#2204 = CARTESIAN_POINT('',(12.526149749756,8.,3.477868318558));
#2205 = VECTOR('',#2206,1.);
#2206 = DIRECTION('',(0.161781971709,0.,-0.986826526614));
#2207 = PLANE('',#2208);
#2208 = AXIS2_PLACEMENT_3D('',#2209,#2210,#2211);
#2209 = CARTESIAN_POINT('',(12.753541946411,1.,2.090837061405));
#2210 = DIRECTION('',(0.986826526614,0.,0.161781971709));
#2211 = DIRECTION('',(-0.161781971709,0.,0.986826526614));
#2212 = ADVANCED_FACE('',(#2213),#2238,.T.);
#2213 = FACE_BOUND('',#2214,.T.);
#2214 = EDGE_LOOP('',(#2215,#2223,#2224,#2232));
#2215 = ORIENTED_EDGE('',*,*,#2216,.T.);
#2216 = EDGE_CURVE('',#2217,#950,#2219,.T.);
#2217 = VERTEX_POINT('',#2218);
#2218 = CARTESIAN_POINT('',(12.076697349548,8.,-4.811796188354));
#2219 = LINE('',#2220,#2221);
#2220 = CARTESIAN_POINT('',(12.076697349548,8.,-4.811796188354));
#2221 = VECTOR('',#2222,1.);
#2222 = DIRECTION('',(0.,-1.,0.));
#2223 = ORIENTED_EDGE('',*,*,#949,.T.);
#2224 = ORIENTED_EDGE('',*,*,#2225,.F.);
#2225 = EDGE_CURVE('',#2226,#942,#2228,.T.);
#2226 = VERTEX_POINT('',#2227);
#2227 = CARTESIAN_POINT('',(10.759957313538,8.,-7.295431613922));
#2228 = LINE('',#2229,#2230);
#2229 = CARTESIAN_POINT('',(10.759957313538,8.,-7.295431613922));
#2230 = VECTOR('',#2231,1.);
#2231 = DIRECTION('',(0.,-1.,0.));
#2232 = ORIENTED_EDGE('',*,*,#2233,.F.);
#2233 = EDGE_CURVE('',#2217,#2226,#2234,.T.);
#2234 = LINE('',#2235,#2236);
#2235 = CARTESIAN_POINT('',(12.076697349548,8.,-4.811796188354));
#2236 = VECTOR('',#2237,1.);
#2237 = DIRECTION('',(-0.468408404324,0.,-0.883512063731));
#2238 = PLANE('',#2239);
#2239 = AXIS2_PLACEMENT_3D('',#2240,#2241,#2242);
#2240 = CARTESIAN_POINT('',(11.418327331543,1.,-6.053613901138));
#2241 = DIRECTION('',(0.883512063731,0.,-0.468408404324));
#2242 = DIRECTION('',(0.468408404324,0.,0.883512063731));
#2243 = ADVANCED_FACE('',(#2244),#2262,.T.);
#2244 = FACE_BOUND('',#2245,.T.);
#2245 = EDGE_LOOP('',(#2246,#2247,#2248,#2256));
#2246 = ORIENTED_EDGE('',*,*,#2225,.T.);
#2247 = ORIENTED_EDGE('',*,*,#941,.T.);
#2248 = ORIENTED_EDGE('',*,*,#2249,.F.);
#2249 = EDGE_CURVE('',#2250,#934,#2252,.T.);
#2250 = VERTEX_POINT('',#2251);
#2251 = CARTESIAN_POINT('',(8.940093040466,8.,-9.437941551208));
#2252 = LINE('',#2253,#2254);
#2253 = CARTESIAN_POINT('',(8.940093040466,8.,-9.437941551208));
#2254 = VECTOR('',#2255,1.);
#2255 = DIRECTION('',(0.,-1.,0.));
#2256 = ORIENTED_EDGE('',*,*,#2257,.F.);
#2257 = EDGE_CURVE('',#2226,#2250,#2258,.T.);
#2258 = LINE('',#2259,#2260);
#2259 = CARTESIAN_POINT('',(10.759957313538,8.,-7.295431613922));
#2260 = VECTOR('',#2261,1.);
#2261 = DIRECTION('',(-0.647386270144,0.,-0.762162067562));
#2262 = PLANE('',#2263);
#2263 = AXIS2_PLACEMENT_3D('',#2264,#2265,#2266);
#2264 = CARTESIAN_POINT('',(9.850025177002,1.,-8.366686582565));
#2265 = DIRECTION('',(0.762162067562,0.,-0.647386270144));
#2266 = DIRECTION('',(0.647386270144,0.,0.762162067562));
#2267 = ADVANCED_FACE('',(#2268),#2286,.T.);
#2268 = FACE_BOUND('',#2269,.T.);
#2269 = EDGE_LOOP('',(#2270,#2271,#2272,#2280));
#2270 = ORIENTED_EDGE('',*,*,#2249,.T.);
#2271 = ORIENTED_EDGE('',*,*,#933,.T.);
#2272 = ORIENTED_EDGE('',*,*,#2273,.F.);
#2273 = EDGE_CURVE('',#2274,#926,#2276,.T.);
#2274 = VERTEX_POINT('',#2275);
#2275 = CARTESIAN_POINT('',(6.702199935913,8.,-11.13914299011));
#2276 = LINE('',#2277,#2278);
#2277 = CARTESIAN_POINT('',(6.702199935913,8.,-11.13914299011));
#2278 = VECTOR('',#2279,1.);
#2279 = DIRECTION('',(0.,-1.,0.));
#2280 = ORIENTED_EDGE('',*,*,#2281,.F.);
#2281 = EDGE_CURVE('',#2250,#2274,#2282,.T.);
#2282 = LINE('',#2283,#2284);
#2283 = CARTESIAN_POINT('',(8.940093040466,8.,-9.437941551208));
#2284 = VECTOR('',#2285,1.);
#2285 = DIRECTION('',(-0.796093180742,0.,-0.605174063866));
#2286 = PLANE('',#2287);
#2287 = AXIS2_PLACEMENT_3D('',#2288,#2289,#2290);
#2288 = CARTESIAN_POINT('',(7.82114648819,1.,-10.28854227066));
#2289 = DIRECTION('',(0.605174063866,-0.,-0.796093180742));
#2290 = DIRECTION('',(-0.796093180742,0.,-0.605174063866));
#2291 = ADVANCED_FACE('',(#2292),#2310,.T.);
#2292 = FACE_BOUND('',#2293,.T.);
#2293 = EDGE_LOOP('',(#2294,#2295,#2296,#2304));
#2294 = ORIENTED_EDGE('',*,*,#2273,.T.);
#2295 = ORIENTED_EDGE('',*,*,#925,.T.);
#2296 = ORIENTED_EDGE('',*,*,#2297,.F.);
#2297 = EDGE_CURVE('',#2298,#918,#2300,.T.);
#2298 = VERTEX_POINT('',#2299);
#2299 = CARTESIAN_POINT('',(4.150919914246,8.,-12.31949138641));
#2300 = LINE('',#2301,#2302);
#2301 = CARTESIAN_POINT('',(4.150919914246,8.,-12.31949138641));
#2302 = VECTOR('',#2303,1.);
#2303 = DIRECTION('',(0.,-1.,0.));
#2304 = ORIENTED_EDGE('',*,*,#2305,.F.);
#2305 = EDGE_CURVE('',#2274,#2298,#2306,.T.);
#2306 = LINE('',#2307,#2308);
#2307 = CARTESIAN_POINT('',(6.702199935913,8.,-11.13914299011));
#2308 = VECTOR('',#2309,1.);
#2309 = DIRECTION('',(-0.907575342745,0.,-0.419889267832));
#2310 = PLANE('',#2311);
#2311 = AXIS2_PLACEMENT_3D('',#2312,#2313,#2314);
#2312 = CARTESIAN_POINT('',(5.426559925079,1.,-11.72931718826));
#2313 = DIRECTION('',(0.419889267832,-0.,-0.907575342745));
#2314 = DIRECTION('',(-0.907575342745,0.,-0.419889267832));
#2315 = ADVANCED_FACE('',(#2316),#2334,.T.);
#2316 = FACE_BOUND('',#2317,.T.);
#2317 = EDGE_LOOP('',(#2318,#2319,#2320,#2328));
#2318 = ORIENTED_EDGE('',*,*,#2297,.T.);
#2319 = ORIENTED_EDGE('',*,*,#917,.T.);
#2320 = ORIENTED_EDGE('',*,*,#2321,.F.);
#2321 = EDGE_CURVE('',#2322,#910,#2324,.T.);
#2322 = VERTEX_POINT('',#2323);
#2323 = CARTESIAN_POINT('',(1.405547261238,8.,-12.92379379272));
#2324 = LINE('',#2325,#2326);
#2325 = CARTESIAN_POINT('',(1.405547261238,8.,-12.92379379272));
#2326 = VECTOR('',#2327,1.);
#2327 = DIRECTION('',(0.,-1.,0.));
#2328 = ORIENTED_EDGE('',*,*,#2329,.F.);
#2329 = EDGE_CURVE('',#2298,#2322,#2330,.T.);
#2330 = LINE('',#2331,#2332);
#2331 = CARTESIAN_POINT('',(4.150919914246,8.,-12.31949138641));
#2332 = VECTOR('',#2333,1.);
#2333 = DIRECTION('',(-0.976620541631,0.,-0.214970504173));
#2334 = PLANE('',#2335);
#2335 = AXIS2_PLACEMENT_3D('',#2336,#2337,#2338);
#2336 = CARTESIAN_POINT('',(2.778233587742,1.,-12.62164258956));
#2337 = DIRECTION('',(0.214970504173,-0.,-0.976620541631));
#2338 = DIRECTION('',(-0.976620541631,0.,-0.214970504173));
#2339 = ADVANCED_FACE('',(#2340),#2358,.T.);
#2340 = FACE_BOUND('',#2341,.T.);
#2341 = EDGE_LOOP('',(#2342,#2343,#2344,#2352));
#2342 = ORIENTED_EDGE('',*,*,#2321,.T.);
#2343 = ORIENTED_EDGE('',*,*,#909,.T.);
#2344 = ORIENTED_EDGE('',*,*,#2345,.F.);
#2345 = EDGE_CURVE('',#2346,#902,#2348,.T.);
#2346 = VERTEX_POINT('',#2347);
#2347 = CARTESIAN_POINT('',(-1.405547261238,8.,-12.92379379272));
#2348 = LINE('',#2349,#2350);
#2349 = CARTESIAN_POINT('',(-1.405547261238,8.,-12.92379379272));
#2350 = VECTOR('',#2351,1.);
#2351 = DIRECTION('',(0.,-1.,0.));
#2352 = ORIENTED_EDGE('',*,*,#2353,.F.);
#2353 = EDGE_CURVE('',#2322,#2346,#2354,.T.);
#2354 = LINE('',#2355,#2356);
#2355 = CARTESIAN_POINT('',(1.405547261238,8.,-12.92379379272));
#2356 = VECTOR('',#2357,1.);
#2357 = DIRECTION('',(-1.,0.,0.));
#2358 = PLANE('',#2359);
#2359 = AXIS2_PLACEMENT_3D('',#2360,#2361,#2362);
#2360 = CARTESIAN_POINT('',(0.,1.,-12.92379379272));
#2361 = DIRECTION('',(-0.,-0.,-1.));
#2362 = DIRECTION('',(-1.,0.,0.));
#2363 = ADVANCED_FACE('',(#2364),#2382,.T.);
#2364 = FACE_BOUND('',#2365,.T.);
#2365 = EDGE_LOOP('',(#2366,#2367,#2368,#2376));
#2366 = ORIENTED_EDGE('',*,*,#2345,.T.);
#2367 = ORIENTED_EDGE('',*,*,#901,.T.);
#2368 = ORIENTED_EDGE('',*,*,#2369,.F.);
#2369 = EDGE_CURVE('',#2370,#894,#2372,.T.);
#2370 = VERTEX_POINT('',#2371);
#2371 = CARTESIAN_POINT('',(-4.150919914246,8.,-12.31949138641));
#2372 = LINE('',#2373,#2374);
#2373 = CARTESIAN_POINT('',(-4.150919914246,8.,-12.31949138641));
#2374 = VECTOR('',#2375,1.);
#2375 = DIRECTION('',(0.,-1.,0.));
#2376 = ORIENTED_EDGE('',*,*,#2377,.F.);
#2377 = EDGE_CURVE('',#2346,#2370,#2378,.T.);
#2378 = LINE('',#2379,#2380);
#2379 = CARTESIAN_POINT('',(-1.405547261238,8.,-12.92379379272));
#2380 = VECTOR('',#2381,1.);
#2381 = DIRECTION('',(-0.976620541631,0.,0.214970504173));
#2382 = PLANE('',#2383);
#2383 = AXIS2_PLACEMENT_3D('',#2384,#2385,#2386);
#2384 = CARTESIAN_POINT('',(-2.778233587742,1.,-12.62164258956));
#2385 = DIRECTION('',(-0.214970504173,-0.,-0.976620541631));
#2386 = DIRECTION('',(-0.976620541631,0.,0.214970504173));
#2387 = ADVANCED_FACE('',(#2388),#2406,.T.);
#2388 = FACE_BOUND('',#2389,.T.);
#2389 = EDGE_LOOP('',(#2390,#2391,#2392,#2400));
#2390 = ORIENTED_EDGE('',*,*,#2369,.T.);
#2391 = ORIENTED_EDGE('',*,*,#893,.T.);
#2392 = ORIENTED_EDGE('',*,*,#2393,.F.);
#2393 = EDGE_CURVE('',#2394,#886,#2396,.T.);
#2394 = VERTEX_POINT('',#2395);
#2395 = CARTESIAN_POINT('',(-6.702199935913,8.,-11.13914299011));
#2396 = LINE('',#2397,#2398);
#2397 = CARTESIAN_POINT('',(-6.702199935913,8.,-11.13914299011));
#2398 = VECTOR('',#2399,1.);
#2399 = DIRECTION('',(0.,-1.,0.));
#2400 = ORIENTED_EDGE('',*,*,#2401,.F.);
#2401 = EDGE_CURVE('',#2370,#2394,#2402,.T.);
#2402 = LINE('',#2403,#2404);
#2403 = CARTESIAN_POINT('',(-4.150919914246,8.,-12.31949138641));
#2404 = VECTOR('',#2405,1.);
#2405 = DIRECTION('',(-0.907575342745,0.,0.419889267832));
#2406 = PLANE('',#2407);
#2407 = AXIS2_PLACEMENT_3D('',#2408,#2409,#2410);
#2408 = CARTESIAN_POINT('',(-5.426559925079,1.,-11.72931718826));
#2409 = DIRECTION('',(-0.419889267832,-0.,-0.907575342745));
#2410 = DIRECTION('',(-0.907575342745,0.,0.419889267832));
#2411 = ADVANCED_FACE('',(#2412),#2430,.T.);
#2412 = FACE_BOUND('',#2413,.T.);
#2413 = EDGE_LOOP('',(#2414,#2415,#2416,#2424));
#2414 = ORIENTED_EDGE('',*,*,#2393,.T.);
#2415 = ORIENTED_EDGE('',*,*,#885,.T.);
#2416 = ORIENTED_EDGE('',*,*,#2417,.F.);
#2417 = EDGE_CURVE('',#2418,#878,#2420,.T.);
#2418 = VERTEX_POINT('',#2419);
#2419 = CARTESIAN_POINT('',(-8.940093040466,8.,-9.437941551208));
#2420 = LINE('',#2421,#2422);
#2421 = CARTESIAN_POINT('',(-8.940093040466,8.,-9.437941551208));
#2422 = VECTOR('',#2423,1.);
#2423 = DIRECTION('',(0.,-1.,0.));
#2424 = ORIENTED_EDGE('',*,*,#2425,.F.);
#2425 = EDGE_CURVE('',#2394,#2418,#2426,.T.);
#2426 = LINE('',#2427,#2428);
#2427 = CARTESIAN_POINT('',(-6.702199935913,8.,-11.13914299011));
#2428 = VECTOR('',#2429,1.);
#2429 = DIRECTION('',(-0.796093180742,0.,0.605174063866));
#2430 = PLANE('',#2431);
#2431 = AXIS2_PLACEMENT_3D('',#2432,#2433,#2434);
#2432 = CARTESIAN_POINT('',(-7.82114648819,1.,-10.28854227066));
#2433 = DIRECTION('',(-0.605174063866,-0.,-0.796093180742));
#2434 = DIRECTION('',(-0.796093180742,0.,0.605174063866));
#2435 = ADVANCED_FACE('',(#2436),#2454,.T.);
#2436 = FACE_BOUND('',#2437,.T.);
#2437 = EDGE_LOOP('',(#2438,#2439,#2440,#2448));
#2438 = ORIENTED_EDGE('',*,*,#2417,.T.);
#2439 = ORIENTED_EDGE('',*,*,#877,.T.);
#2440 = ORIENTED_EDGE('',*,*,#2441,.F.);
#2441 = EDGE_CURVE('',#2442,#870,#2444,.T.);
#2442 = VERTEX_POINT('',#2443);
#2443 = CARTESIAN_POINT('',(-10.75995731353,8.,-7.295431613922));
#2444 = LINE('',#2445,#2446);
#2445 = CARTESIAN_POINT('',(-10.75995731353,8.,-7.295431613922));
#2446 = VECTOR('',#2447,1.);
#2447 = DIRECTION('',(0.,-1.,0.));
#2448 = ORIENTED_EDGE('',*,*,#2449,.F.);
#2449 = EDGE_CURVE('',#2418,#2442,#2450,.T.);
#2450 = LINE('',#2451,#2452);
#2451 = CARTESIAN_POINT('',(-8.940093040466,8.,-9.437941551208));
#2452 = VECTOR('',#2453,1.);
#2453 = DIRECTION('',(-0.647386270144,0.,0.762162067562));
#2454 = PLANE('',#2455);
#2455 = AXIS2_PLACEMENT_3D('',#2456,#2457,#2458);
#2456 = CARTESIAN_POINT('',(-9.850025177002,1.,-8.366686582565));
#2457 = DIRECTION('',(-0.762162067562,-0.,-0.647386270144));
#2458 = DIRECTION('',(0.647386270144,0.,-0.762162067562));
#2459 = ADVANCED_FACE('',(#2460),#2478,.T.);
#2460 = FACE_BOUND('',#2461,.T.);
#2461 = EDGE_LOOP('',(#2462,#2463,#2464,#2472));
#2462 = ORIENTED_EDGE('',*,*,#2441,.T.);
#2463 = ORIENTED_EDGE('',*,*,#869,.T.);
#2464 = ORIENTED_EDGE('',*,*,#2465,.F.);
#2465 = EDGE_CURVE('',#2466,#862,#2468,.T.);
#2466 = VERTEX_POINT('',#2467);
#2467 = CARTESIAN_POINT('',(-12.07669734954,8.,-4.811796188354));
#2468 = LINE('',#2469,#2470);
#2469 = CARTESIAN_POINT('',(-12.07669734954,8.,-4.811796188354));
#2470 = VECTOR('',#2471,1.);
#2471 = DIRECTION('',(0.,-1.,0.));
#2472 = ORIENTED_EDGE('',*,*,#2473,.F.);
#2473 = EDGE_CURVE('',#2442,#2466,#2474,.T.);
#2474 = LINE('',#2475,#2476);
#2475 = CARTESIAN_POINT('',(-10.75995731353,8.,-7.295431613922));
#2476 = VECTOR('',#2477,1.);
#2477 = DIRECTION('',(-0.468408404324,0.,0.883512063731));
#2478 = PLANE('',#2479);
#2479 = AXIS2_PLACEMENT_3D('',#2480,#2481,#2482);
#2480 = CARTESIAN_POINT('',(-11.41832733154,1.,-6.053613901138));
#2481 = DIRECTION('',(-0.883512063731,-0.,-0.468408404324));
#2482 = DIRECTION('',(0.468408404324,0.,-0.883512063731));
#2483 = ADVANCED_FACE('',(#2484),#2502,.T.);
#2484 = FACE_BOUND('',#2485,.T.);
#2485 = EDGE_LOOP('',(#2486,#2487,#2488,#2496));
#2486 = ORIENTED_EDGE('',*,*,#2465,.T.);
#2487 = ORIENTED_EDGE('',*,*,#861,.T.);
#2488 = ORIENTED_EDGE('',*,*,#2489,.F.);
#2489 = EDGE_CURVE('',#2490,#854,#2492,.T.);
#2490 = VERTEX_POINT('',#2491);
#2491 = CARTESIAN_POINT('',(-12.8287448883,8.,-2.103165864944));
#2492 = LINE('',#2493,#2494);
#2493 = CARTESIAN_POINT('',(-12.8287448883,8.,-2.103165864944));
#2494 = VECTOR('',#2495,1.);
#2495 = DIRECTION('',(0.,-1.,0.));
#2496 = ORIENTED_EDGE('',*,*,#2497,.F.);
#2497 = EDGE_CURVE('',#2466,#2490,#2498,.T.);
#2498 = LINE('',#2499,#2500);
#2499 = CARTESIAN_POINT('',(-12.07669734954,8.,-4.811796188354));
#2500 = VECTOR('',#2501,1.);
#2501 = DIRECTION('',(-0.267528348892,0.,0.963549989642));
#2502 = PLANE('',#2503);
#2503 = AXIS2_PLACEMENT_3D('',#2504,#2505,#2506);
#2504 = CARTESIAN_POINT('',(-12.45272111892,1.,-3.457481026649));
#2505 = DIRECTION('',(-0.963549989642,-0.,-0.267528348892));
#2506 = DIRECTION('',(0.267528348892,0.,-0.963549989642));
#2507 = ADVANCED_FACE('',(#2508),#2526,.T.);
#2508 = FACE_BOUND('',#2509,.T.);
#2509 = EDGE_LOOP('',(#2510,#2511,#2512,#2520));
#2510 = ORIENTED_EDGE('',*,*,#2489,.T.);
#2511 = ORIENTED_EDGE('',*,*,#853,.T.);
#2512 = ORIENTED_EDGE('',*,*,#2513,.F.);
#2513 = EDGE_CURVE('',#2514,#846,#2516,.T.);
#2514 = VERTEX_POINT('',#2515);
#2515 = CARTESIAN_POINT('',(-12.98093414306,8.,0.703805804253));
#2516 = LINE('',#2517,#2518);
#2517 = CARTESIAN_POINT('',(-12.98093414306,8.,0.703805804253));
#2518 = VECTOR('',#2519,1.);
#2519 = DIRECTION('',(0.,-1.,0.));
#2520 = ORIENTED_EDGE('',*,*,#2521,.F.);
#2521 = EDGE_CURVE('',#2490,#2514,#2522,.T.);
#2522 = LINE('',#2523,#2524);
#2523 = CARTESIAN_POINT('',(-12.8287448883,8.,-2.103165864944));
#2524 = VECTOR('',#2525,1.);
#2525 = DIRECTION('',(-5.413879261137E-02,0.,0.998533420139));
#2526 = PLANE('',#2527);
#2527 = AXIS2_PLACEMENT_3D('',#2528,#2529,#2530);
#2528 = CARTESIAN_POINT('',(-12.90483951568,1.,-0.699680030346));
#2529 = DIRECTION('',(-0.998533420139,-0.,-5.413879261137E-02));
#2530 = DIRECTION('',(5.413879261137E-02,0.,-0.998533420139));
#2531 = ADVANCED_FACE('',(#2532),#2550,.T.);
#2532 = FACE_BOUND('',#2533,.T.);
#2533 = EDGE_LOOP('',(#2534,#2535,#2536,#2544));
#2534 = ORIENTED_EDGE('',*,*,#2513,.T.);
#2535 = ORIENTED_EDGE('',*,*,#845,.T.);
#2536 = ORIENTED_EDGE('',*,*,#2537,.F.);
#2537 = EDGE_CURVE('',#2538,#838,#2540,.T.);
#2538 = VERTEX_POINT('',#2539);
#2539 = CARTESIAN_POINT('',(-12.52614974975,8.,3.477868318558));
#2540 = LINE('',#2541,#2542);
#2541 = CARTESIAN_POINT('',(-12.52614974975,8.,3.477868318558));
#2542 = VECTOR('',#2543,1.);
#2543 = DIRECTION('',(0.,-1.,0.));
#2544 = ORIENTED_EDGE('',*,*,#2545,.F.);
#2545 = EDGE_CURVE('',#2514,#2538,#2546,.T.);
#2546 = LINE('',#2547,#2548);
#2547 = CARTESIAN_POINT('',(-12.98093414306,8.,0.703805804253));
#2548 = VECTOR('',#2549,1.);
#2549 = DIRECTION('',(0.161781971709,0.,0.986826526614));
#2550 = PLANE('',#2551);
#2551 = AXIS2_PLACEMENT_3D('',#2552,#2553,#2554);
#2552 = CARTESIAN_POINT('',(-12.75354194641,1.,2.090837061405));
#2553 = DIRECTION('',(-0.986826526614,-0.,0.161781971709));
#2554 = DIRECTION('',(-0.161781971709,0.,-0.986826526614));
#2555 = ADVANCED_FACE('',(#2556),#2574,.T.);
#2556 = FACE_BOUND('',#2557,.T.);
#2557 = EDGE_LOOP('',(#2558,#2559,#2560,#2568));
#2558 = ORIENTED_EDGE('',*,*,#2537,.T.);
#2559 = ORIENTED_EDGE('',*,*,#837,.T.);
#2560 = ORIENTED_EDGE('',*,*,#2561,.F.);
#2561 = EDGE_CURVE('',#2562,#828,#2564,.T.);
#2562 = VERTEX_POINT('',#2563);
#2563 = CARTESIAN_POINT('',(-11.48565673828,8.,6.089309692383));
#2564 = LINE('',#2565,#2566);
#2565 = CARTESIAN_POINT('',(-11.48565673828,8.,6.089309692383));
#2566 = VECTOR('',#2567,1.);
#2567 = DIRECTION('',(0.,-1.,0.));
#2568 = ORIENTED_EDGE('',*,*,#2569,.F.);
#2569 = EDGE_CURVE('',#2538,#2562,#2570,.T.);
#2570 = LINE('',#2571,#2572);
#2571 = CARTESIAN_POINT('',(-12.52614974975,8.,3.477868318558));
#2572 = VECTOR('',#2573,1.);
#2573 = DIRECTION('',(0.370138053525,0.,0.928976760384));
#2574 = PLANE('',#2575);
#2575 = AXIS2_PLACEMENT_3D('',#2576,#2577,#2578);
#2576 = CARTESIAN_POINT('',(-12.00590324401,1.,4.78358900547));
#2577 = DIRECTION('',(-0.928976760384,-0.,0.370138053525));
#2578 = DIRECTION('',(-0.370138053525,0.,-0.928976760384));
#2579 = ADVANCED_FACE('',(#2580),#2598,.T.);
#2580 = FACE_BOUND('',#2581,.T.);
#2581 = EDGE_LOOP('',(#2582,#2583,#2584,#2592));
#2582 = ORIENTED_EDGE('',*,*,#2561,.T.);
#2583 = ORIENTED_EDGE('',*,*,#827,.T.);
#2584 = ORIENTED_EDGE('',*,*,#2585,.F.);
#2585 = EDGE_CURVE('',#2586,#830,#2588,.T.);
#2586 = VERTEX_POINT('',#2587);
#2587 = CARTESIAN_POINT('',(-9.908106803894,8.,8.416021347046));
#2588 = LINE('',#2589,#2590);
#2589 = CARTESIAN_POINT('',(-9.908106803894,8.,8.416021347046));
#2590 = VECTOR('',#2591,1.);
#2591 = DIRECTION('',(0.,-1.,0.));
#2592 = ORIENTED_EDGE('',*,*,#2593,.F.);
#2593 = EDGE_CURVE('',#2562,#2586,#2594,.T.);
#2594 = LINE('',#2595,#2596);
#2595 = CARTESIAN_POINT('',(-11.48565673828,8.,6.089309692383));
#2596 = VECTOR('',#2597,1.);
#2597 = DIRECTION('',(0.561187135824,0.,0.827688950383));
#2598 = PLANE('',#2599);
#2599 = AXIS2_PLACEMENT_3D('',#2600,#2601,#2602);
#2600 = CARTESIAN_POINT('',(-10.69688177108,1.,7.252665519714));
#2601 = DIRECTION('',(-0.827688950383,-0.,0.561187135824));
#2602 = DIRECTION('',(-0.561187135824,0.,-0.827688950383));
#2603 = ADVANCED_FACE('',(#2604),#2622,.T.);
#2604 = FACE_BOUND('',#2605,.T.);
#2605 = EDGE_LOOP('',(#2606,#2607,#2608,#2616));
#2606 = ORIENTED_EDGE('',*,*,#2585,.T.);
#2607 = ORIENTED_EDGE('',*,*,#1061,.T.);
#2608 = ORIENTED_EDGE('',*,*,#2609,.F.);
#2609 = EDGE_CURVE('',#2610,#1054,#2612,.T.);
#2610 = VERTEX_POINT('',#2611);
#2611 = CARTESIAN_POINT('',(-7.86726474762,8.,10.349209785461));
#2612 = LINE('',#2613,#2614);
#2613 = CARTESIAN_POINT('',(-7.86726474762,8.,10.349209785461));
#2614 = VECTOR('',#2615,1.);
#2615 = DIRECTION('',(0.,-1.,0.));
#2616 = ORIENTED_EDGE('',*,*,#2617,.F.);
#2617 = EDGE_CURVE('',#2586,#2610,#2618,.T.);
#2618 = LINE('',#2619,#2620);
#2619 = CARTESIAN_POINT('',(-9.908106803894,8.,8.416021347046));
#2620 = VECTOR('',#2621,1.);
#2621 = DIRECTION('',(0.725995464127,0.,0.687699488198));
#2622 = PLANE('',#2623);
#2623 = AXIS2_PLACEMENT_3D('',#2624,#2625,#2626);
#2624 = CARTESIAN_POINT('',(-8.887685775757,1.,9.382615566254));
#2625 = DIRECTION('',(-0.687699488198,0.,0.725995464127));
#2626 = DIRECTION('',(0.725995464127,0.,0.687699488198));
#2627 = ADVANCED_FACE('',(#2628),#2646,.T.);
#2628 = FACE_BOUND('',#2629,.T.);
#2629 = EDGE_LOOP('',(#2630,#2631,#2632,#2640));
#2630 = ORIENTED_EDGE('',*,*,#2609,.T.);
#2631 = ORIENTED_EDGE('',*,*,#1053,.T.);
#2632 = ORIENTED_EDGE('',*,*,#2633,.F.);
#2633 = EDGE_CURVE('',#2634,#1046,#2636,.T.);
#2634 = VERTEX_POINT('',#2635);
#2635 = CARTESIAN_POINT('',(-5.458558082581,8.,11.798480033875));
#2636 = LINE('',#2637,#2638);
#2637 = CARTESIAN_POINT('',(-5.458558082581,8.,11.798480033875));
#2638 = VECTOR('',#2639,1.);
#2639 = DIRECTION('',(0.,-1.,0.));
#2640 = ORIENTED_EDGE('',*,*,#2641,.F.);
#2641 = EDGE_CURVE('',#2610,#2634,#2642,.T.);
#2642 = LINE('',#2643,#2644);
#2643 = CARTESIAN_POINT('',(-7.86726474762,8.,10.349209785461));
#2644 = VECTOR('',#2645,1.);
#2645 = DIRECTION('',(0.856857249419,0.,0.515553735432));
#2646 = PLANE('',#2647);
#2647 = AXIS2_PLACEMENT_3D('',#2648,#2649,#2650);
#2648 = CARTESIAN_POINT('',(-6.6629114151,1.,11.073844909668));
#2649 = DIRECTION('',(-0.515553735432,0.,0.856857249419));
#2650 = DIRECTION('',(0.856857249419,0.,0.515553735432));
#2651 = ADVANCED_FACE('',(#2652),#2670,.T.);
#2652 = FACE_BOUND('',#2653,.T.);
#2653 = EDGE_LOOP('',(#2654,#2655,#2656,#2664));
#2654 = ORIENTED_EDGE('',*,*,#2633,.T.);
#2655 = ORIENTED_EDGE('',*,*,#1045,.T.);
#2656 = ORIENTED_EDGE('',*,*,#2657,.F.);
#2657 = EDGE_CURVE('',#2658,#1038,#2660,.T.);
#2658 = VERTEX_POINT('',#2659);
#2659 = CARTESIAN_POINT('',(-2.794615745544,8.,12.696066856384));
#2660 = LINE('',#2661,#2662);
#2661 = CARTESIAN_POINT('',(-2.794615745544,8.,12.696066856384));
#2662 = VECTOR('',#2663,1.);
#2663 = DIRECTION('',(0.,-1.,0.));
#2664 = ORIENTED_EDGE('',*,*,#2665,.F.);
#2665 = EDGE_CURVE('',#2634,#2658,#2666,.T.);
#2666 = LINE('',#2667,#2668);
#2667 = CARTESIAN_POINT('',(-5.458558082581,8.,11.798480033875));
#2668 = VECTOR('',#2669,1.);
#2669 = DIRECTION('',(0.947653155922,0.,0.319301575428));
#2670 = PLANE('',#2671);
#2671 = AXIS2_PLACEMENT_3D('',#2672,#2673,#2674);
#2672 = CARTESIAN_POINT('',(-4.126586914062,1.,12.247273445129));
#2673 = DIRECTION('',(-0.319301575428,0.,0.947653155922));
#2674 = DIRECTION('',(0.947653155922,0.,0.319301575428));
#2675 = ADVANCED_FACE('',(#2676),#2694,.T.);
#2676 = FACE_BOUND('',#2677,.T.);
#2677 = EDGE_LOOP('',(#2678,#2679,#2680,#2688));
#2678 = ORIENTED_EDGE('',*,*,#2657,.T.);
#2679 = ORIENTED_EDGE('',*,*,#1037,.T.);
#2680 = ORIENTED_EDGE('',*,*,#2681,.F.);
#2681 = EDGE_CURVE('',#2682,#1030,#2684,.T.);
#2682 = VERTEX_POINT('',#2683);
#2683 = CARTESIAN_POINT('',(0.,8.,13.));
#2684 = LINE('',#2685,#2686);
#2685 = CARTESIAN_POINT('',(0.,8.,13.));
#2686 = VECTOR('',#2687,1.);
#2687 = DIRECTION('',(0.,-1.,0.));
#2688 = ORIENTED_EDGE('',*,*,#2689,.F.);
#2689 = EDGE_CURVE('',#2658,#2682,#2690,.T.);
#2690 = LINE('',#2691,#2692);
#2691 = CARTESIAN_POINT('',(-2.794615745544,8.,12.696066856384));
#2692 = VECTOR('',#2693,1.);
#2693 = DIRECTION('',(0.994137943184,0.,0.108119146878));
#2694 = PLANE('',#2695);
#2695 = AXIS2_PLACEMENT_3D('',#2696,#2697,#2698);
#2696 = CARTESIAN_POINT('',(-1.397307872772,1.,12.848033428192));
#2697 = DIRECTION('',(-0.108119146878,0.,0.994137943184));
#2698 = DIRECTION('',(0.994137943184,0.,0.108119146878));
#2699 = ADVANCED_FACE('',(#2700),#2711,.T.);
#2700 = FACE_BOUND('',#2701,.T.);
#2701 = EDGE_LOOP('',(#2702,#2703,#2704,#2705));
#2702 = ORIENTED_EDGE('',*,*,#2681,.T.);
#2703 = ORIENTED_EDGE('',*,*,#1029,.T.);
#2704 = ORIENTED_EDGE('',*,*,#2065,.F.);
#2705 = ORIENTED_EDGE('',*,*,#2706,.F.);
#2706 = EDGE_CURVE('',#2682,#2066,#2707,.T.);
#2707 = LINE('',#2708,#2709);
#2708 = CARTESIAN_POINT('',(0.,8.,13.));
#2709 = VECTOR('',#2710,1.);
#2710 = DIRECTION('',(0.994137943184,0.,-0.108119146878));
#2711 = PLANE('',#2712);
#2712 = AXIS2_PLACEMENT_3D('',#2713,#2714,#2715);
#2713 = CARTESIAN_POINT('',(1.397307872772,1.,12.848033428192));
#2714 = DIRECTION('',(0.108119146878,0.,0.994137943184));
#2715 = DIRECTION('',(0.994137943184,0.,-0.108119146878));
#2716 = ADVANCED_FACE('',(#2717),#2735,.T.);
#2717 = FACE_BOUND('',#2718,.T.);
#2718 = EDGE_LOOP('',(#2719,#2720,#2721,#2729));
#2719 = ORIENTED_EDGE('',*,*,#2194,.T.);
#2720 = ORIENTED_EDGE('',*,*,#973,.T.);
#2721 = ORIENTED_EDGE('',*,*,#2722,.T.);
#2722 = EDGE_CURVE('',#966,#2723,#2725,.T.);
#2723 = VERTEX_POINT('',#2724);
#2724 = CARTESIAN_POINT('',(13.,8.,0.));
#2725 = LINE('',#2726,#2727);
#2726 = CARTESIAN_POINT('',(13.,-6.,0.));
#2727 = VECTOR('',#2728,1.);
#2728 = DIRECTION('',(0.,1.,0.));
#2729 = ORIENTED_EDGE('',*,*,#2730,.F.);
#2730 = EDGE_CURVE('',#2195,#2723,#2731,.T.);
#2731 = LINE('',#2732,#2733);
#2732 = CARTESIAN_POINT('',(12.980934143066,8.,0.703805804253));
#2733 = VECTOR('',#2734,1.);
#2734 = DIRECTION('',(2.707972132676E-02,0.,-0.999633277104));
#2735 = PLANE('',#2736);
#2736 = AXIS2_PLACEMENT_3D('',#2737,#2738,#2739);
#2737 = CARTESIAN_POINT('',(12.990467071533,1.,0.351902902126));
#2738 = DIRECTION('',(0.999633277104,0.,2.707972132676E-02));
#2739 = DIRECTION('',(-2.707972132676E-02,0.,0.999633277104));
#2740 = ADVANCED_FACE('',(#2741,#2785),#2995,.T.);
#2741 = FACE_BOUND('',#2742,.T.);
#2742 = EDGE_LOOP('',(#2743,#2744,#2745,#2746,#2747,#2748,#2749,#2750,
    #2751,#2752,#2760,#2766,#2767,#2768,#2769,#2770,#2771,#2772,#2773,
    #2774,#2775,#2776,#2777,#2778,#2779,#2780,#2781,#2782,#2783,#2784));
#2743 = ORIENTED_EDGE('',*,*,#2689,.T.);
#2744 = ORIENTED_EDGE('',*,*,#2706,.T.);
#2745 = ORIENTED_EDGE('',*,*,#2082,.T.);
#2746 = ORIENTED_EDGE('',*,*,#2106,.T.);
#2747 = ORIENTED_EDGE('',*,*,#2130,.T.);
#2748 = ORIENTED_EDGE('',*,*,#2154,.T.);
#2749 = ORIENTED_EDGE('',*,*,#2178,.T.);
#2750 = ORIENTED_EDGE('',*,*,#2202,.T.);
#2751 = ORIENTED_EDGE('',*,*,#2730,.T.);
#2752 = ORIENTED_EDGE('',*,*,#2753,.T.);
#2753 = EDGE_CURVE('',#2723,#2754,#2756,.T.);
#2754 = VERTEX_POINT('',#2755);
#2755 = CARTESIAN_POINT('',(12.828744888306,8.,-2.103165864944));
#2756 = LINE('',#2757,#2758);
#2757 = CARTESIAN_POINT('',(13.,8.,0.));
#2758 = VECTOR('',#2759,1.);
#2759 = DIRECTION('',(-8.115868413721E-02,0.,-0.996701192931));
#2760 = ORIENTED_EDGE('',*,*,#2761,.T.);
#2761 = EDGE_CURVE('',#2754,#2217,#2762,.T.);
#2762 = LINE('',#2763,#2764);
#2763 = CARTESIAN_POINT('',(12.828744888306,8.,-2.103165864944));
#2764 = VECTOR('',#2765,1.);
#2765 = DIRECTION('',(-0.267528348892,0.,-0.963549989642));
#2766 = ORIENTED_EDGE('',*,*,#2233,.T.);
#2767 = ORIENTED_EDGE('',*,*,#2257,.T.);
#2768 = ORIENTED_EDGE('',*,*,#2281,.T.);
#2769 = ORIENTED_EDGE('',*,*,#2305,.T.);
#2770 = ORIENTED_EDGE('',*,*,#2329,.T.);
#2771 = ORIENTED_EDGE('',*,*,#2353,.T.);
#2772 = ORIENTED_EDGE('',*,*,#2377,.T.);
#2773 = ORIENTED_EDGE('',*,*,#2401,.T.);
#2774 = ORIENTED_EDGE('',*,*,#2425,.T.);
#2775 = ORIENTED_EDGE('',*,*,#2449,.T.);
#2776 = ORIENTED_EDGE('',*,*,#2473,.T.);
#2777 = ORIENTED_EDGE('',*,*,#2497,.T.);
#2778 = ORIENTED_EDGE('',*,*,#2521,.T.);
#2779 = ORIENTED_EDGE('',*,*,#2545,.T.);
#2780 = ORIENTED_EDGE('',*,*,#2569,.T.);
#2781 = ORIENTED_EDGE('',*,*,#2593,.T.);
#2782 = ORIENTED_EDGE('',*,*,#2617,.T.);
#2783 = ORIENTED_EDGE('',*,*,#2641,.T.);
#2784 = ORIENTED_EDGE('',*,*,#2665,.T.);
#2785 = FACE_BOUND('',#2786,.T.);
#2786 = EDGE_LOOP('',(#2787,#2797,#2805,#2813,#2821,#2829,#2837,#2845,
    #2853,#2861,#2869,#2877,#2885,#2893,#2901,#2909,#2917,#2925,#2933,
    #2941,#2949,#2957,#2965,#2973,#2981,#2989));
#2787 = ORIENTED_EDGE('',*,*,#2788,.F.);
#2788 = EDGE_CURVE('',#2789,#2791,#2793,.T.);
#2789 = VERTEX_POINT('',#2790);
#2790 = CARTESIAN_POINT('',(-2.486898899078,8.,9.685832023621));
#2791 = VERTEX_POINT('',#2792);
#2792 = CARTESIAN_POINT('',(0.,8.,10.));
#2793 = LINE('',#2794,#2795);
#2794 = CARTESIAN_POINT('',(-2.486898899078,8.,9.685832023621));
#2795 = VECTOR('',#2796,1.);
#2796 = DIRECTION('',(0.992114721941,0.,0.125333070292));
#2797 = ORIENTED_EDGE('',*,*,#2798,.F.);
#2798 = EDGE_CURVE('',#2799,#2789,#2801,.T.);
#2799 = VERTEX_POINT('',#2800);
#2800 = CARTESIAN_POINT('',(-4.817536830902,8.,8.763067245483));
#2801 = LINE('',#2802,#2803);
#2802 = CARTESIAN_POINT('',(-4.817536830902,8.,8.763067245483));
#2803 = VECTOR('',#2804,1.);
#2804 = DIRECTION('',(0.929776493731,0.,0.368124532876));
#2805 = ORIENTED_EDGE('',*,*,#2806,.F.);
#2806 = EDGE_CURVE('',#2807,#2799,#2809,.T.);
#2807 = VERTEX_POINT('',#2808);
#2808 = CARTESIAN_POINT('',(-6.845470905304,8.,7.289686203003));
#2809 = LINE('',#2810,#2811);
#2810 = CARTESIAN_POINT('',(-6.845470905304,8.,7.289686203003));
#2811 = VECTOR('',#2812,1.);
#2812 = DIRECTION('',(0.809016862826,0.,0.587785433354));
#2813 = ORIENTED_EDGE('',*,*,#2814,.F.);
#2814 = EDGE_CURVE('',#2815,#2807,#2817,.T.);
#2815 = VERTEX_POINT('',#2816);
#2816 = CARTESIAN_POINT('',(-8.443279266357,8.,5.358267784119));
#2817 = LINE('',#2818,#2819);
#2818 = CARTESIAN_POINT('',(-8.443279266357,8.,5.358267784119));
#2819 = VECTOR('',#2820,1.);
#2820 = DIRECTION('',(0.637424010396,0.,0.770513225695));
#2821 = ORIENTED_EDGE('',*,*,#2822,.F.);
#2822 = EDGE_CURVE('',#2823,#2815,#2825,.T.);
#2823 = VERTEX_POINT('',#2824);
#2824 = CARTESIAN_POINT('',(-9.510564804077,8.,3.090169906616));
#2825 = LINE('',#2826,#2827);
#2826 = CARTESIAN_POINT('',(-9.510564804077,8.,3.090169906616));
#2827 = VECTOR('',#2828,1.);
#2828 = DIRECTION('',(0.425779190404,0.,0.904827100069));
#2829 = ORIENTED_EDGE('',*,*,#2830,.F.);
#2830 = EDGE_CURVE('',#2831,#2823,#2833,.T.);
#2831 = VERTEX_POINT('',#2832);
#2832 = CARTESIAN_POINT('',(-9.980267524719,8.,0.627905189991));
#2833 = LINE('',#2834,#2835);
#2834 = CARTESIAN_POINT('',(-9.980267524719,8.,0.627905189991));
#2835 = VECTOR('',#2836,1.);
#2836 = DIRECTION('',(0.187381547615,0.,0.982287206276));
#2837 = ORIENTED_EDGE('',*,*,#2838,.F.);
#2838 = EDGE_CURVE('',#2839,#2831,#2841,.T.);
#2839 = VERTEX_POINT('',#2840);
#2840 = CARTESIAN_POINT('',(-9.822872161865,8.,-1.873813152313));
#2841 = LINE('',#2842,#2843);
#2842 = CARTESIAN_POINT('',(-9.822872161865,8.,-1.873813152313));
#2843 = VECTOR('',#2844,1.);
#2844 = DIRECTION('',(-6.279075229919E-02,0.,0.998026713784));
#2845 = ORIENTED_EDGE('',*,*,#2846,.F.);
#2846 = EDGE_CURVE('',#2847,#2839,#2849,.T.);
#2847 = VERTEX_POINT('',#2848);
#2848 = CARTESIAN_POINT('',(-9.048270225525,8.,-4.257792949677));
#2849 = LINE('',#2850,#2851);
#2850 = CARTESIAN_POINT('',(-9.048270225525,8.,-4.257792949677));
#2851 = VECTOR('',#2852,1.);
#2852 = DIRECTION('',(-0.309016974441,0.,0.951056522772));
#2853 = ORIENTED_EDGE('',*,*,#2854,.F.);
#2854 = EDGE_CURVE('',#2855,#2847,#2857,.T.);
#2855 = VERTEX_POINT('',#2856);
#2856 = CARTESIAN_POINT('',(-7.705132484436,8.,-6.37423992157));
#2857 = LINE('',#2858,#2859);
#2858 = CARTESIAN_POINT('',(-7.705132484436,8.,-6.37423992157));
#2859 = VECTOR('',#2860,1.);
#2860 = DIRECTION('',(-0.535826695581,0.,0.844327988582));
#2861 = ORIENTED_EDGE('',*,*,#2862,.F.);
#2862 = EDGE_CURVE('',#2863,#2855,#2865,.T.);
#2863 = VERTEX_POINT('',#2864);
#2864 = CARTESIAN_POINT('',(-5.87785243988,8.,-8.090169906616));
#2865 = LINE('',#2866,#2867);
#2866 = CARTESIAN_POINT('',(-5.87785243988,8.,-8.090169906616));
#2867 = VECTOR('',#2868,1.);
#2868 = DIRECTION('',(-0.728968665728,0.,0.684547065136));
#2869 = ORIENTED_EDGE('',*,*,#2870,.F.);
#2870 = EDGE_CURVE('',#2871,#2863,#2873,.T.);
#2871 = VERTEX_POINT('',#2872);
#2872 = CARTESIAN_POINT('',(-3.681245565414,8.,-9.297764778137));
#2873 = LINE('',#2874,#2875);
#2874 = CARTESIAN_POINT('',(-3.681245565414,8.,-9.297764778137));
#2875 = VECTOR('',#2876,1.);
#2876 = DIRECTION('',(-0.876306676129,0.,0.481753681223));
#2877 = ORIENTED_EDGE('',*,*,#2878,.F.);
#2878 = EDGE_CURVE('',#2879,#2871,#2881,.T.);
#2879 = VERTEX_POINT('',#2880);
#2880 = CARTESIAN_POINT('',(-1.25333237648,8.,-9.921147346497));
#2881 = LINE('',#2882,#2883);
#2882 = CARTESIAN_POINT('',(-1.25333237648,8.,-9.921147346497));
#2883 = VECTOR('',#2884,1.);
#2884 = DIRECTION('',(-0.96858312128,0.,0.248690042364));
#2885 = ORIENTED_EDGE('',*,*,#2886,.F.);
#2886 = EDGE_CURVE('',#2887,#2879,#2889,.T.);
#2887 = VERTEX_POINT('',#2888);
#2888 = CARTESIAN_POINT('',(1.25333237648,8.,-9.921147346497));
#2889 = LINE('',#2890,#2891);
#2890 = CARTESIAN_POINT('',(1.25333237648,8.,-9.921147346497));
#2891 = VECTOR('',#2892,1.);
#2892 = DIRECTION('',(-1.,0.,0.));
#2893 = ORIENTED_EDGE('',*,*,#2894,.F.);
#2894 = EDGE_CURVE('',#2895,#2887,#2897,.T.);
#2895 = VERTEX_POINT('',#2896);
#2896 = CARTESIAN_POINT('',(3.681245565414,8.,-9.297764778137));
#2897 = LINE('',#2898,#2899);
#2898 = CARTESIAN_POINT('',(3.681245565414,8.,-9.297764778137));
#2899 = VECTOR('',#2900,1.);
#2900 = DIRECTION('',(-0.96858312128,0.,-0.248690042364));
#2901 = ORIENTED_EDGE('',*,*,#2902,.F.);
#2902 = EDGE_CURVE('',#2903,#2895,#2905,.T.);
#2903 = VERTEX_POINT('',#2904);
#2904 = CARTESIAN_POINT('',(5.87785243988,8.,-8.090169906616));
#2905 = LINE('',#2906,#2907);
#2906 = CARTESIAN_POINT('',(5.87785243988,8.,-8.090169906616));
#2907 = VECTOR('',#2908,1.);
#2908 = DIRECTION('',(-0.876306676129,0.,-0.481753681223));
#2909 = ORIENTED_EDGE('',*,*,#2910,.F.);
#2910 = EDGE_CURVE('',#2911,#2903,#2913,.T.);
#2911 = VERTEX_POINT('',#2912);
#2912 = CARTESIAN_POINT('',(7.705132484436,8.,-6.37423992157));
#2913 = LINE('',#2914,#2915);
#2914 = CARTESIAN_POINT('',(7.705132484436,8.,-6.37423992157));
#2915 = VECTOR('',#2916,1.);
#2916 = DIRECTION('',(-0.728968665728,0.,-0.684547065136));
#2917 = ORIENTED_EDGE('',*,*,#2918,.F.);
#2918 = EDGE_CURVE('',#2919,#2911,#2921,.T.);
#2919 = VERTEX_POINT('',#2920);
#2920 = CARTESIAN_POINT('',(9.048270225525,8.,-4.257792949677));
#2921 = LINE('',#2922,#2923);
#2922 = CARTESIAN_POINT('',(9.048270225525,8.,-4.257792949677));
#2923 = VECTOR('',#2924,1.);
#2924 = DIRECTION('',(-0.535826695581,0.,-0.844327988582));
#2925 = ORIENTED_EDGE('',*,*,#2926,.F.);
#2926 = EDGE_CURVE('',#2927,#2919,#2929,.T.);
#2927 = VERTEX_POINT('',#2928);
#2928 = CARTESIAN_POINT('',(9.822872161865,8.,-1.873813152313));
#2929 = LINE('',#2930,#2931);
#2930 = CARTESIAN_POINT('',(9.822872161865,8.,-1.873813152313));
#2931 = VECTOR('',#2932,1.);
#2932 = DIRECTION('',(-0.309016974441,0.,-0.951056522772));
#2933 = ORIENTED_EDGE('',*,*,#2934,.F.);
#2934 = EDGE_CURVE('',#2935,#2927,#2937,.T.);
#2935 = VERTEX_POINT('',#2936);
#2936 = CARTESIAN_POINT('',(10.,8.,0.));
#2937 = LINE('',#2938,#2939);
#2938 = CARTESIAN_POINT('',(10.,8.,0.));
#2939 = VECTOR('',#2940,1.);
#2940 = DIRECTION('',(-9.410849489524E-02,0.,-0.995561947439));
#2941 = ORIENTED_EDGE('',*,*,#2942,.F.);
#2942 = EDGE_CURVE('',#2943,#2935,#2945,.T.);
#2943 = VERTEX_POINT('',#2944);
#2944 = CARTESIAN_POINT('',(9.980267524719,8.,0.627905189991));
#2945 = LINE('',#2946,#2947);
#2946 = CARTESIAN_POINT('',(9.980267524719,8.,0.627905189991));
#2947 = VECTOR('',#2948,1.);
#2948 = DIRECTION('',(3.141037699114E-02,0.,-0.999506572373));
#2949 = ORIENTED_EDGE('',*,*,#2950,.F.);
#2950 = EDGE_CURVE('',#2951,#2943,#2953,.T.);
#2951 = VERTEX_POINT('',#2952);
#2952 = CARTESIAN_POINT('',(9.510564804077,8.,3.090169906616));
#2953 = LINE('',#2954,#2955);
#2954 = CARTESIAN_POINT('',(9.510564804077,8.,3.090169906616));
#2955 = VECTOR('',#2956,1.);
#2956 = DIRECTION('',(0.187381547615,0.,-0.982287206276));
#2957 = ORIENTED_EDGE('',*,*,#2958,.F.);
#2958 = EDGE_CURVE('',#2959,#2951,#2961,.T.);
#2959 = VERTEX_POINT('',#2960);
#2960 = CARTESIAN_POINT('',(8.443279266357,8.,5.358267784119));
#2961 = LINE('',#2962,#2963);
#2962 = CARTESIAN_POINT('',(8.443279266357,8.,5.358267784119));
#2963 = VECTOR('',#2964,1.);
#2964 = DIRECTION('',(0.425779190404,0.,-0.904827100069));
#2965 = ORIENTED_EDGE('',*,*,#2966,.F.);
#2966 = EDGE_CURVE('',#2967,#2959,#2969,.T.);
#2967 = VERTEX_POINT('',#2968);
#2968 = CARTESIAN_POINT('',(6.845470905304,8.,7.289686203003));
#2969 = LINE('',#2970,#2971);
#2970 = CARTESIAN_POINT('',(6.845470905304,8.,7.289686203003));
#2971 = VECTOR('',#2972,1.);
#2972 = DIRECTION('',(0.637424010396,0.,-0.770513225695));
#2973 = ORIENTED_EDGE('',*,*,#2974,.F.);
#2974 = EDGE_CURVE('',#2975,#2967,#2977,.T.);
#2975 = VERTEX_POINT('',#2976);
#2976 = CARTESIAN_POINT('',(4.817536830902,8.,8.763067245483));
#2977 = LINE('',#2978,#2979);
#2978 = CARTESIAN_POINT('',(4.817536830902,8.,8.763067245483));
#2979 = VECTOR('',#2980,1.);
#2980 = DIRECTION('',(0.809016862826,0.,-0.587785433354));
#2981 = ORIENTED_EDGE('',*,*,#2982,.F.);
#2982 = EDGE_CURVE('',#2983,#2975,#2985,.T.);
#2983 = VERTEX_POINT('',#2984);
#2984 = CARTESIAN_POINT('',(2.486898899078,8.,9.685832023621));
#2985 = LINE('',#2986,#2987);
#2986 = CARTESIAN_POINT('',(2.486898899078,8.,9.685832023621));
#2987 = VECTOR('',#2988,1.);
#2988 = DIRECTION('',(0.929776493731,0.,-0.368124532876));
#2989 = ORIENTED_EDGE('',*,*,#2990,.F.);
#2990 = EDGE_CURVE('',#2791,#2983,#2991,.T.);
#2991 = LINE('',#2992,#2993);
#2992 = CARTESIAN_POINT('',(0.,8.,10.));
#2993 = VECTOR('',#2994,1.);
#2994 = DIRECTION('',(0.992114721941,0.,-0.125333070292));
#2995 = PLANE('',#2996);
#2996 = AXIS2_PLACEMENT_3D('',#2997,#2998,#2999);
#2997 = CARTESIAN_POINT('',(1.476378955468E-03,8.,-5.348039546886E-05));
#2998 = DIRECTION('',(0.,1.,0.));
#2999 = DIRECTION('',(0.,-0.,1.));
#3000 = ADVANCED_FACE('',(#3001),#3026,.T.);
#3001 = FACE_BOUND('',#3002,.T.);
#3002 = EDGE_LOOP('',(#3003,#3004,#3012,#3020));
#3003 = ORIENTED_EDGE('',*,*,#2798,.T.);
#3004 = ORIENTED_EDGE('',*,*,#3005,.T.);
#3005 = EDGE_CURVE('',#2789,#3006,#3008,.T.);
#3006 = VERTEX_POINT('',#3007);
#3007 = CARTESIAN_POINT('',(-2.486898899078,2.,9.685832023621));
#3008 = LINE('',#3009,#3010);
#3009 = CARTESIAN_POINT('',(-2.486898899078,8.,9.685832023621));
#3010 = VECTOR('',#3011,1.);
#3011 = DIRECTION('',(0.,-1.,0.));
#3012 = ORIENTED_EDGE('',*,*,#3013,.F.);
#3013 = EDGE_CURVE('',#3014,#3006,#3016,.T.);
#3014 = VERTEX_POINT('',#3015);
#3015 = CARTESIAN_POINT('',(-4.817536830902,2.,8.763067245483));
#3016 = LINE('',#3017,#3018);
#3017 = CARTESIAN_POINT('',(-4.817536830902,2.,8.763067245483));
#3018 = VECTOR('',#3019,1.);
#3019 = DIRECTION('',(0.929776493731,0.,0.368124532876));
#3020 = ORIENTED_EDGE('',*,*,#3021,.F.);
#3021 = EDGE_CURVE('',#2799,#3014,#3022,.T.);
#3022 = LINE('',#3023,#3024);
#3023 = CARTESIAN_POINT('',(-4.817536830902,8.,8.763067245483));
#3024 = VECTOR('',#3025,1.);
#3025 = DIRECTION('',(0.,-1.,0.));
#3026 = PLANE('',#3027);
#3027 = AXIS2_PLACEMENT_3D('',#3028,#3029,#3030);
#3028 = CARTESIAN_POINT('',(-3.65221786499,5.,9.224449634552));
#3029 = DIRECTION('',(0.368124532876,-0.,-0.929776493731));
#3030 = DIRECTION('',(-0.929776493731,0.,-0.368124532876));
#3031 = ADVANCED_FACE('',(#3032),#3050,.T.);
#3032 = FACE_BOUND('',#3033,.T.);
#3033 = EDGE_LOOP('',(#3034,#3035,#3036,#3044));
#3034 = ORIENTED_EDGE('',*,*,#2806,.T.);
#3035 = ORIENTED_EDGE('',*,*,#3021,.T.);
#3036 = ORIENTED_EDGE('',*,*,#3037,.F.);
#3037 = EDGE_CURVE('',#3038,#3014,#3040,.T.);
#3038 = VERTEX_POINT('',#3039);
#3039 = CARTESIAN_POINT('',(-6.845470905304,2.,7.289686203003));
#3040 = LINE('',#3041,#3042);
#3041 = CARTESIAN_POINT('',(-6.845470905304,2.,7.289686203003));
#3042 = VECTOR('',#3043,1.);
#3043 = DIRECTION('',(0.809016862826,0.,0.587785433354));
#3044 = ORIENTED_EDGE('',*,*,#3045,.F.);
#3045 = EDGE_CURVE('',#2807,#3038,#3046,.T.);
#3046 = LINE('',#3047,#3048);
#3047 = CARTESIAN_POINT('',(-6.845470905304,8.,7.289686203003));
#3048 = VECTOR('',#3049,1.);
#3049 = DIRECTION('',(0.,-1.,0.));
#3050 = PLANE('',#3051);
#3051 = AXIS2_PLACEMENT_3D('',#3052,#3053,#3054);
#3052 = CARTESIAN_POINT('',(-5.831503868103,5.,8.026376724243));
#3053 = DIRECTION('',(0.587785433354,-0.,-0.809016862826));
#3054 = DIRECTION('',(-0.809016862826,0.,-0.587785433354));
#3055 = ADVANCED_FACE('',(#3056),#3074,.T.);
#3056 = FACE_BOUND('',#3057,.T.);
#3057 = EDGE_LOOP('',(#3058,#3059,#3060,#3068));
#3058 = ORIENTED_EDGE('',*,*,#2814,.T.);
#3059 = ORIENTED_EDGE('',*,*,#3045,.T.);
#3060 = ORIENTED_EDGE('',*,*,#3061,.F.);
#3061 = EDGE_CURVE('',#3062,#3038,#3064,.T.);
#3062 = VERTEX_POINT('',#3063);
#3063 = CARTESIAN_POINT('',(-8.443279266357,2.,5.358267784119));
#3064 = LINE('',#3065,#3066);
#3065 = CARTESIAN_POINT('',(-8.443279266357,2.,5.358267784119));
#3066 = VECTOR('',#3067,1.);
#3067 = DIRECTION('',(0.637424010396,0.,0.770513225695));
#3068 = ORIENTED_EDGE('',*,*,#3069,.F.);
#3069 = EDGE_CURVE('',#2815,#3062,#3070,.T.);
#3070 = LINE('',#3071,#3072);
#3071 = CARTESIAN_POINT('',(-8.443279266357,8.,5.358267784119));
#3072 = VECTOR('',#3073,1.);
#3073 = DIRECTION('',(0.,-1.,0.));
#3074 = PLANE('',#3075);
#3075 = AXIS2_PLACEMENT_3D('',#3076,#3077,#3078);
#3076 = CARTESIAN_POINT('',(-7.644375085831,5.,6.323976993561));
#3077 = DIRECTION('',(0.770513225695,0.,-0.637424010396));
#3078 = DIRECTION('',(0.637424010396,0.,0.770513225695));
#3079 = ADVANCED_FACE('',(#3080),#3098,.T.);
#3080 = FACE_BOUND('',#3081,.T.);
#3081 = EDGE_LOOP('',(#3082,#3083,#3084,#3092));
#3082 = ORIENTED_EDGE('',*,*,#2822,.T.);
#3083 = ORIENTED_EDGE('',*,*,#3069,.T.);
#3084 = ORIENTED_EDGE('',*,*,#3085,.F.);
#3085 = EDGE_CURVE('',#3086,#3062,#3088,.T.);
#3086 = VERTEX_POINT('',#3087);
#3087 = CARTESIAN_POINT('',(-9.510564804077,2.,3.090169906616));
#3088 = LINE('',#3089,#3090);
#3089 = CARTESIAN_POINT('',(-9.510564804077,2.,3.090169906616));
#3090 = VECTOR('',#3091,1.);
#3091 = DIRECTION('',(0.425779190404,0.,0.904827100069));
#3092 = ORIENTED_EDGE('',*,*,#3093,.F.);
#3093 = EDGE_CURVE('',#2823,#3086,#3094,.T.);
#3094 = LINE('',#3095,#3096);
#3095 = CARTESIAN_POINT('',(-9.510564804077,8.,3.090169906616));
#3096 = VECTOR('',#3097,1.);
#3097 = DIRECTION('',(0.,-1.,0.));
#3098 = PLANE('',#3099);
#3099 = AXIS2_PLACEMENT_3D('',#3100,#3101,#3102);
#3100 = CARTESIAN_POINT('',(-8.976922035217,5.,4.224218845367));
#3101 = DIRECTION('',(0.904827100069,0.,-0.425779190404));
#3102 = DIRECTION('',(0.425779190404,0.,0.904827100069));
#3103 = ADVANCED_FACE('',(#3104),#3122,.T.);
#3104 = FACE_BOUND('',#3105,.T.);
#3105 = EDGE_LOOP('',(#3106,#3107,#3108,#3116));
#3106 = ORIENTED_EDGE('',*,*,#2830,.T.);
#3107 = ORIENTED_EDGE('',*,*,#3093,.T.);
#3108 = ORIENTED_EDGE('',*,*,#3109,.F.);
#3109 = EDGE_CURVE('',#3110,#3086,#3112,.T.);
#3110 = VERTEX_POINT('',#3111);
#3111 = CARTESIAN_POINT('',(-9.980267524719,2.,0.627905189991));
#3112 = LINE('',#3113,#3114);
#3113 = CARTESIAN_POINT('',(-9.980267524719,2.,0.627905189991));
#3114 = VECTOR('',#3115,1.);
#3115 = DIRECTION('',(0.187381547615,0.,0.982287206276));
#3116 = ORIENTED_EDGE('',*,*,#3117,.F.);
#3117 = EDGE_CURVE('',#2831,#3110,#3118,.T.);
#3118 = LINE('',#3119,#3120);
#3119 = CARTESIAN_POINT('',(-9.980267524719,8.,0.627905189991));
#3120 = VECTOR('',#3121,1.);
#3121 = DIRECTION('',(0.,-1.,0.));
#3122 = PLANE('',#3123);
#3123 = AXIS2_PLACEMENT_3D('',#3124,#3125,#3126);
#3124 = CARTESIAN_POINT('',(-9.745416164398,5.,1.859037548304));
#3125 = DIRECTION('',(0.982287206276,0.,-0.187381547615));
#3126 = DIRECTION('',(0.187381547615,0.,0.982287206276));
#3127 = ADVANCED_FACE('',(#3128),#3146,.T.);
#3128 = FACE_BOUND('',#3129,.T.);
#3129 = EDGE_LOOP('',(#3130,#3131,#3132,#3140));
#3130 = ORIENTED_EDGE('',*,*,#2838,.T.);
#3131 = ORIENTED_EDGE('',*,*,#3117,.T.);
#3132 = ORIENTED_EDGE('',*,*,#3133,.F.);
#3133 = EDGE_CURVE('',#3134,#3110,#3136,.T.);
#3134 = VERTEX_POINT('',#3135);
#3135 = CARTESIAN_POINT('',(-9.822872161865,2.,-1.873813152313));
#3136 = LINE('',#3137,#3138);
#3137 = CARTESIAN_POINT('',(-9.822872161865,2.,-1.873813152313));
#3138 = VECTOR('',#3139,1.);
#3139 = DIRECTION('',(-6.279075229919E-02,0.,0.998026713784));
#3140 = ORIENTED_EDGE('',*,*,#3141,.F.);
#3141 = EDGE_CURVE('',#2839,#3134,#3142,.T.);
#3142 = LINE('',#3143,#3144);
#3143 = CARTESIAN_POINT('',(-9.822872161865,8.,-1.873813152313));
#3144 = VECTOR('',#3145,1.);
#3145 = DIRECTION('',(0.,-1.,0.));
#3146 = PLANE('',#3147);
#3147 = AXIS2_PLACEMENT_3D('',#3148,#3149,#3150);
#3148 = CARTESIAN_POINT('',(-9.901569843292,5.,-0.622953981161));
#3149 = DIRECTION('',(0.998026713784,0.,6.279075229919E-02));
#3150 = DIRECTION('',(-6.279075229919E-02,0.,0.998026713784));
#3151 = ADVANCED_FACE('',(#3152),#3170,.T.);
#3152 = FACE_BOUND('',#3153,.T.);
#3153 = EDGE_LOOP('',(#3154,#3155,#3156,#3164));
#3154 = ORIENTED_EDGE('',*,*,#2846,.T.);
#3155 = ORIENTED_EDGE('',*,*,#3141,.T.);
#3156 = ORIENTED_EDGE('',*,*,#3157,.F.);
#3157 = EDGE_CURVE('',#3158,#3134,#3160,.T.);
#3158 = VERTEX_POINT('',#3159);
#3159 = CARTESIAN_POINT('',(-9.048270225525,2.,-4.257792949677));
#3160 = LINE('',#3161,#3162);
#3161 = CARTESIAN_POINT('',(-9.048270225525,2.,-4.257792949677));
#3162 = VECTOR('',#3163,1.);
#3163 = DIRECTION('',(-0.309016974441,0.,0.951056522772));
#3164 = ORIENTED_EDGE('',*,*,#3165,.F.);
#3165 = EDGE_CURVE('',#2847,#3158,#3166,.T.);
#3166 = LINE('',#3167,#3168);
#3167 = CARTESIAN_POINT('',(-9.048270225525,8.,-4.257792949677));
#3168 = VECTOR('',#3169,1.);
#3169 = DIRECTION('',(0.,-1.,0.));
#3170 = PLANE('',#3171);
#3171 = AXIS2_PLACEMENT_3D('',#3172,#3173,#3174);
#3172 = CARTESIAN_POINT('',(-9.435571193695,5.,-3.065803050995));
#3173 = DIRECTION('',(0.951056522772,0.,0.309016974441));
#3174 = DIRECTION('',(-0.309016974441,0.,0.951056522772));
#3175 = ADVANCED_FACE('',(#3176),#3194,.T.);
#3176 = FACE_BOUND('',#3177,.T.);
#3177 = EDGE_LOOP('',(#3178,#3179,#3180,#3188));
#3178 = ORIENTED_EDGE('',*,*,#2854,.T.);
#3179 = ORIENTED_EDGE('',*,*,#3165,.T.);
#3180 = ORIENTED_EDGE('',*,*,#3181,.F.);
#3181 = EDGE_CURVE('',#3182,#3158,#3184,.T.);
#3182 = VERTEX_POINT('',#3183);
#3183 = CARTESIAN_POINT('',(-7.705132484436,2.,-6.37423992157));
#3184 = LINE('',#3185,#3186);
#3185 = CARTESIAN_POINT('',(-7.705132484436,2.,-6.37423992157));
#3186 = VECTOR('',#3187,1.);
#3187 = DIRECTION('',(-0.535826695581,0.,0.844327988582));
#3188 = ORIENTED_EDGE('',*,*,#3189,.F.);
#3189 = EDGE_CURVE('',#2855,#3182,#3190,.T.);
#3190 = LINE('',#3191,#3192);
#3191 = CARTESIAN_POINT('',(-7.705132484436,8.,-6.37423992157));
#3192 = VECTOR('',#3193,1.);
#3193 = DIRECTION('',(0.,-1.,0.));
#3194 = PLANE('',#3195);
#3195 = AXIS2_PLACEMENT_3D('',#3196,#3197,#3198);
#3196 = CARTESIAN_POINT('',(-8.37670135498,5.,-5.316016435623));
#3197 = DIRECTION('',(0.844327988582,0.,0.535826695581));
#3198 = DIRECTION('',(-0.535826695581,0.,0.844327988582));
#3199 = ADVANCED_FACE('',(#3200),#3218,.T.);
#3200 = FACE_BOUND('',#3201,.T.);
#3201 = EDGE_LOOP('',(#3202,#3203,#3204,#3212));
#3202 = ORIENTED_EDGE('',*,*,#2862,.T.);
#3203 = ORIENTED_EDGE('',*,*,#3189,.T.);
#3204 = ORIENTED_EDGE('',*,*,#3205,.F.);
#3205 = EDGE_CURVE('',#3206,#3182,#3208,.T.);
#3206 = VERTEX_POINT('',#3207);
#3207 = CARTESIAN_POINT('',(-5.87785243988,2.,-8.090169906616));
#3208 = LINE('',#3209,#3210);
#3209 = CARTESIAN_POINT('',(-5.87785243988,2.,-8.090169906616));
#3210 = VECTOR('',#3211,1.);
#3211 = DIRECTION('',(-0.728968665728,0.,0.684547065136));
#3212 = ORIENTED_EDGE('',*,*,#3213,.F.);
#3213 = EDGE_CURVE('',#2863,#3206,#3214,.T.);
#3214 = LINE('',#3215,#3216);
#3215 = CARTESIAN_POINT('',(-5.87785243988,8.,-8.090169906616));
#3216 = VECTOR('',#3217,1.);
#3217 = DIRECTION('',(0.,-1.,0.));
#3218 = PLANE('',#3219);
#3219 = AXIS2_PLACEMENT_3D('',#3220,#3221,#3222);
#3220 = CARTESIAN_POINT('',(-6.791492462158,5.,-7.232204914093));
#3221 = DIRECTION('',(0.684547065136,0.,0.728968665728));
#3222 = DIRECTION('',(0.728968665728,0.,-0.684547065136));
#3223 = ADVANCED_FACE('',(#3224),#3242,.T.);
#3224 = FACE_BOUND('',#3225,.T.);
#3225 = EDGE_LOOP('',(#3226,#3227,#3228,#3236));
#3226 = ORIENTED_EDGE('',*,*,#2870,.T.);
#3227 = ORIENTED_EDGE('',*,*,#3213,.T.);
#3228 = ORIENTED_EDGE('',*,*,#3229,.F.);
#3229 = EDGE_CURVE('',#3230,#3206,#3232,.T.);
#3230 = VERTEX_POINT('',#3231);
#3231 = CARTESIAN_POINT('',(-3.681245565414,2.,-9.297764778137));
#3232 = LINE('',#3233,#3234);
#3233 = CARTESIAN_POINT('',(-3.681245565414,2.,-9.297764778137));
#3234 = VECTOR('',#3235,1.);
#3235 = DIRECTION('',(-0.876306676129,0.,0.481753681223));
#3236 = ORIENTED_EDGE('',*,*,#3237,.F.);
#3237 = EDGE_CURVE('',#2871,#3230,#3238,.T.);
#3238 = LINE('',#3239,#3240);
#3239 = CARTESIAN_POINT('',(-3.681245565414,8.,-9.297764778137));
#3240 = VECTOR('',#3241,1.);
#3241 = DIRECTION('',(0.,-1.,0.));
#3242 = PLANE('',#3243);
#3243 = AXIS2_PLACEMENT_3D('',#3244,#3245,#3246);
#3244 = CARTESIAN_POINT('',(-4.779549002647,5.,-8.693967342377));
#3245 = DIRECTION('',(0.481753681223,0.,0.876306676129));
#3246 = DIRECTION('',(0.876306676129,0.,-0.481753681223));
#3247 = ADVANCED_FACE('',(#3248),#3266,.T.);
#3248 = FACE_BOUND('',#3249,.T.);
#3249 = EDGE_LOOP('',(#3250,#3251,#3252,#3260));
#3250 = ORIENTED_EDGE('',*,*,#2878,.T.);
#3251 = ORIENTED_EDGE('',*,*,#3237,.T.);
#3252 = ORIENTED_EDGE('',*,*,#3253,.F.);
#3253 = EDGE_CURVE('',#3254,#3230,#3256,.T.);
#3254 = VERTEX_POINT('',#3255);
#3255 = CARTESIAN_POINT('',(-1.25333237648,2.,-9.921147346497));
#3256 = LINE('',#3257,#3258);
#3257 = CARTESIAN_POINT('',(-1.25333237648,2.,-9.921147346497));
#3258 = VECTOR('',#3259,1.);
#3259 = DIRECTION('',(-0.96858312128,0.,0.248690042364));
#3260 = ORIENTED_EDGE('',*,*,#3261,.F.);
#3261 = EDGE_CURVE('',#2879,#3254,#3262,.T.);
#3262 = LINE('',#3263,#3264);
#3263 = CARTESIAN_POINT('',(-1.25333237648,8.,-9.921147346497));
#3264 = VECTOR('',#3265,1.);
#3265 = DIRECTION('',(0.,-1.,0.));
#3266 = PLANE('',#3267);
#3267 = AXIS2_PLACEMENT_3D('',#3268,#3269,#3270);
#3268 = CARTESIAN_POINT('',(-2.467288970947,5.,-9.609456062317));
#3269 = DIRECTION('',(0.248690042364,0.,0.96858312128));
#3270 = DIRECTION('',(0.96858312128,0.,-0.248690042364));
#3271 = ADVANCED_FACE('',(#3272),#3290,.T.);
#3272 = FACE_BOUND('',#3273,.T.);
#3273 = EDGE_LOOP('',(#3274,#3275,#3276,#3284));
#3274 = ORIENTED_EDGE('',*,*,#2886,.T.);
#3275 = ORIENTED_EDGE('',*,*,#3261,.T.);
#3276 = ORIENTED_EDGE('',*,*,#3277,.F.);
#3277 = EDGE_CURVE('',#3278,#3254,#3280,.T.);
#3278 = VERTEX_POINT('',#3279);
#3279 = CARTESIAN_POINT('',(1.25333237648,2.,-9.921147346497));
#3280 = LINE('',#3281,#3282);
#3281 = CARTESIAN_POINT('',(1.25333237648,2.,-9.921147346497));
#3282 = VECTOR('',#3283,1.);
#3283 = DIRECTION('',(-1.,0.,0.));
#3284 = ORIENTED_EDGE('',*,*,#3285,.F.);
#3285 = EDGE_CURVE('',#2887,#3278,#3286,.T.);
#3286 = LINE('',#3287,#3288);
#3287 = CARTESIAN_POINT('',(1.25333237648,8.,-9.921147346497));
#3288 = VECTOR('',#3289,1.);
#3289 = DIRECTION('',(0.,-1.,0.));
#3290 = PLANE('',#3291);
#3291 = AXIS2_PLACEMENT_3D('',#3292,#3293,#3294);
#3292 = CARTESIAN_POINT('',(0.,5.,-9.921147346497));
#3293 = DIRECTION('',(0.,0.,1.));
#3294 = DIRECTION('',(1.,0.,-0.));
#3295 = ADVANCED_FACE('',(#3296),#3314,.T.);
#3296 = FACE_BOUND('',#3297,.T.);
#3297 = EDGE_LOOP('',(#3298,#3299,#3300,#3308));
#3298 = ORIENTED_EDGE('',*,*,#2894,.T.);
#3299 = ORIENTED_EDGE('',*,*,#3285,.T.);
#3300 = ORIENTED_EDGE('',*,*,#3301,.F.);
#3301 = EDGE_CURVE('',#3302,#3278,#3304,.T.);
#3302 = VERTEX_POINT('',#3303);
#3303 = CARTESIAN_POINT('',(3.681245565414,2.,-9.297764778137));
#3304 = LINE('',#3305,#3306);
#3305 = CARTESIAN_POINT('',(3.681245565414,2.,-9.297764778137));
#3306 = VECTOR('',#3307,1.);
#3307 = DIRECTION('',(-0.96858312128,0.,-0.248690042364));
#3308 = ORIENTED_EDGE('',*,*,#3309,.F.);
#3309 = EDGE_CURVE('',#2895,#3302,#3310,.T.);
#3310 = LINE('',#3311,#3312);
#3311 = CARTESIAN_POINT('',(3.681245565414,8.,-9.297764778137));
#3312 = VECTOR('',#3313,1.);
#3313 = DIRECTION('',(0.,-1.,0.));
#3314 = PLANE('',#3315);
#3315 = AXIS2_PLACEMENT_3D('',#3316,#3317,#3318);
#3316 = CARTESIAN_POINT('',(2.467288970947,5.,-9.609456062317));
#3317 = DIRECTION('',(-0.248690042364,0.,0.96858312128));
#3318 = DIRECTION('',(0.96858312128,0.,0.248690042364));
#3319 = ADVANCED_FACE('',(#3320),#3338,.T.);
#3320 = FACE_BOUND('',#3321,.T.);
#3321 = EDGE_LOOP('',(#3322,#3323,#3324,#3332));
#3322 = ORIENTED_EDGE('',*,*,#2902,.T.);
#3323 = ORIENTED_EDGE('',*,*,#3309,.T.);
#3324 = ORIENTED_EDGE('',*,*,#3325,.F.);
#3325 = EDGE_CURVE('',#3326,#3302,#3328,.T.);
#3326 = VERTEX_POINT('',#3327);
#3327 = CARTESIAN_POINT('',(5.87785243988,2.,-8.090169906616));
#3328 = LINE('',#3329,#3330);
#3329 = CARTESIAN_POINT('',(5.87785243988,2.,-8.090169906616));
#3330 = VECTOR('',#3331,1.);
#3331 = DIRECTION('',(-0.876306676129,0.,-0.481753681223));
#3332 = ORIENTED_EDGE('',*,*,#3333,.F.);
#3333 = EDGE_CURVE('',#2903,#3326,#3334,.T.);
#3334 = LINE('',#3335,#3336);
#3335 = CARTESIAN_POINT('',(5.87785243988,8.,-8.090169906616));
#3336 = VECTOR('',#3337,1.);
#3337 = DIRECTION('',(0.,-1.,0.));
#3338 = PLANE('',#3339);
#3339 = AXIS2_PLACEMENT_3D('',#3340,#3341,#3342);
#3340 = CARTESIAN_POINT('',(4.779549002647,5.,-8.693967342377));
#3341 = DIRECTION('',(-0.481753681223,0.,0.876306676129));
#3342 = DIRECTION('',(0.876306676129,0.,0.481753681223));
#3343 = ADVANCED_FACE('',(#3344),#3362,.T.);
#3344 = FACE_BOUND('',#3345,.T.);
#3345 = EDGE_LOOP('',(#3346,#3347,#3348,#3356));
#3346 = ORIENTED_EDGE('',*,*,#2910,.T.);
#3347 = ORIENTED_EDGE('',*,*,#3333,.T.);
#3348 = ORIENTED_EDGE('',*,*,#3349,.F.);
#3349 = EDGE_CURVE('',#3350,#3326,#3352,.T.);
#3350 = VERTEX_POINT('',#3351);
#3351 = CARTESIAN_POINT('',(7.705132484436,2.,-6.37423992157));
#3352 = LINE('',#3353,#3354);
#3353 = CARTESIAN_POINT('',(7.705132484436,2.,-6.37423992157));
#3354 = VECTOR('',#3355,1.);
#3355 = DIRECTION('',(-0.728968665728,0.,-0.684547065136));
#3356 = ORIENTED_EDGE('',*,*,#3357,.F.);
#3357 = EDGE_CURVE('',#2911,#3350,#3358,.T.);
#3358 = LINE('',#3359,#3360);
#3359 = CARTESIAN_POINT('',(7.705132484436,8.,-6.37423992157));
#3360 = VECTOR('',#3361,1.);
#3361 = DIRECTION('',(0.,-1.,0.));
#3362 = PLANE('',#3363);
#3363 = AXIS2_PLACEMENT_3D('',#3364,#3365,#3366);
#3364 = CARTESIAN_POINT('',(6.791492462158,5.,-7.232204914093));
#3365 = DIRECTION('',(-0.684547065136,0.,0.728968665728));
#3366 = DIRECTION('',(0.728968665728,0.,0.684547065136));
#3367 = ADVANCED_FACE('',(#3368),#3386,.T.);
#3368 = FACE_BOUND('',#3369,.T.);
#3369 = EDGE_LOOP('',(#3370,#3371,#3372,#3380));
#3370 = ORIENTED_EDGE('',*,*,#2918,.T.);
#3371 = ORIENTED_EDGE('',*,*,#3357,.T.);
#3372 = ORIENTED_EDGE('',*,*,#3373,.F.);
#3373 = EDGE_CURVE('',#3374,#3350,#3376,.T.);
#3374 = VERTEX_POINT('',#3375);
#3375 = CARTESIAN_POINT('',(9.048270225525,2.,-4.257792949677));
#3376 = LINE('',#3377,#3378);
#3377 = CARTESIAN_POINT('',(9.048270225525,2.,-4.257792949677));
#3378 = VECTOR('',#3379,1.);
#3379 = DIRECTION('',(-0.535826695581,0.,-0.844327988582));
#3380 = ORIENTED_EDGE('',*,*,#3381,.F.);
#3381 = EDGE_CURVE('',#2919,#3374,#3382,.T.);
#3382 = LINE('',#3383,#3384);
#3383 = CARTESIAN_POINT('',(9.048270225525,8.,-4.257792949677));
#3384 = VECTOR('',#3385,1.);
#3385 = DIRECTION('',(0.,-1.,0.));
#3386 = PLANE('',#3387);
#3387 = AXIS2_PLACEMENT_3D('',#3388,#3389,#3390);
#3388 = CARTESIAN_POINT('',(8.37670135498,5.,-5.316016435623));
#3389 = DIRECTION('',(-0.844327988582,-0.,0.535826695581));
#3390 = DIRECTION('',(-0.535826695581,0.,-0.844327988582));
#3391 = ADVANCED_FACE('',(#3392),#3410,.T.);
#3392 = FACE_BOUND('',#3393,.T.);
#3393 = EDGE_LOOP('',(#3394,#3395,#3396,#3404));
#3394 = ORIENTED_EDGE('',*,*,#2926,.T.);
#3395 = ORIENTED_EDGE('',*,*,#3381,.T.);
#3396 = ORIENTED_EDGE('',*,*,#3397,.F.);
#3397 = EDGE_CURVE('',#3398,#3374,#3400,.T.);
#3398 = VERTEX_POINT('',#3399);
#3399 = CARTESIAN_POINT('',(9.822872161865,2.,-1.873813152313));
#3400 = LINE('',#3401,#3402);
#3401 = CARTESIAN_POINT('',(9.822872161865,2.,-1.873813152313));
#3402 = VECTOR('',#3403,1.);
#3403 = DIRECTION('',(-0.309016974441,0.,-0.951056522772));
#3404 = ORIENTED_EDGE('',*,*,#3405,.F.);
#3405 = EDGE_CURVE('',#2927,#3398,#3406,.T.);
#3406 = LINE('',#3407,#3408);
#3407 = CARTESIAN_POINT('',(9.822872161865,8.,-1.873813152313));
#3408 = VECTOR('',#3409,1.);
#3409 = DIRECTION('',(0.,-1.,0.));
#3410 = PLANE('',#3411);
#3411 = AXIS2_PLACEMENT_3D('',#3412,#3413,#3414);
#3412 = CARTESIAN_POINT('',(9.435571193695,5.,-3.065803050995));
#3413 = DIRECTION('',(-0.951056522772,-0.,0.309016974441));
#3414 = DIRECTION('',(-0.309016974441,0.,-0.951056522772));
#3415 = ADVANCED_FACE('',(#3416),#3441,.T.);
#3416 = FACE_BOUND('',#3417,.T.);
#3417 = EDGE_LOOP('',(#3418,#3426,#3427,#3435));
#3418 = ORIENTED_EDGE('',*,*,#3419,.T.);
#3419 = EDGE_CURVE('',#3420,#2943,#3422,.T.);
#3420 = VERTEX_POINT('',#3421);
#3421 = CARTESIAN_POINT('',(9.980267524719,2.,0.627905189991));
#3422 = LINE('',#3423,#3424);
#3423 = CARTESIAN_POINT('',(9.980267524719,2.,0.627905189991));
#3424 = VECTOR('',#3425,1.);
#3425 = DIRECTION('',(0.,1.,0.));
#3426 = ORIENTED_EDGE('',*,*,#2942,.T.);
#3427 = ORIENTED_EDGE('',*,*,#3428,.F.);
#3428 = EDGE_CURVE('',#3429,#2935,#3431,.T.);
#3429 = VERTEX_POINT('',#3430);
#3430 = CARTESIAN_POINT('',(10.,2.,0.));
#3431 = LINE('',#3432,#3433);
#3432 = CARTESIAN_POINT('',(10.,2.,0.));
#3433 = VECTOR('',#3434,1.);
#3434 = DIRECTION('',(0.,1.,0.));
#3435 = ORIENTED_EDGE('',*,*,#3436,.F.);
#3436 = EDGE_CURVE('',#3420,#3429,#3437,.T.);
#3437 = LINE('',#3438,#3439);
#3438 = CARTESIAN_POINT('',(9.980267524719,2.,0.627905189991));
#3439 = VECTOR('',#3440,1.);
#3440 = DIRECTION('',(3.141037699114E-02,0.,-0.999506572373));
#3441 = PLANE('',#3442);
#3442 = AXIS2_PLACEMENT_3D('',#3443,#3444,#3445);
#3443 = CARTESIAN_POINT('',(9.99013376236,5.,0.313952594995));
#3444 = DIRECTION('',(-0.999506572373,-0.,-3.141037699114E-02));
#3445 = DIRECTION('',(3.141037699114E-02,0.,-0.999506572373));
#3446 = ADVANCED_FACE('',(#3447),#3465,.T.);
#3447 = FACE_BOUND('',#3448,.T.);
#3448 = EDGE_LOOP('',(#3449,#3450,#3451,#3459));
#3449 = ORIENTED_EDGE('',*,*,#2950,.T.);
#3450 = ORIENTED_EDGE('',*,*,#3419,.F.);
#3451 = ORIENTED_EDGE('',*,*,#3452,.F.);
#3452 = EDGE_CURVE('',#3453,#3420,#3455,.T.);
#3453 = VERTEX_POINT('',#3454);
#3454 = CARTESIAN_POINT('',(9.510564804077,2.,3.090169906616));
#3455 = LINE('',#3456,#3457);
#3456 = CARTESIAN_POINT('',(9.510564804077,2.,3.090169906616));
#3457 = VECTOR('',#3458,1.);
#3458 = DIRECTION('',(0.187381547615,0.,-0.982287206276));
#3459 = ORIENTED_EDGE('',*,*,#3460,.F.);
#3460 = EDGE_CURVE('',#2951,#3453,#3461,.T.);
#3461 = LINE('',#3462,#3463);
#3462 = CARTESIAN_POINT('',(9.510564804077,8.,3.090169906616));
#3463 = VECTOR('',#3464,1.);
#3464 = DIRECTION('',(0.,-1.,0.));
#3465 = PLANE('',#3466);
#3466 = AXIS2_PLACEMENT_3D('',#3467,#3468,#3469);
#3467 = CARTESIAN_POINT('',(9.745416164398,5.,1.859037548304));
#3468 = DIRECTION('',(-0.982287206276,-0.,-0.187381547615));
#3469 = DIRECTION('',(0.187381547615,0.,-0.982287206276));
#3470 = ADVANCED_FACE('',(#3471),#3489,.T.);
#3471 = FACE_BOUND('',#3472,.T.);
#3472 = EDGE_LOOP('',(#3473,#3474,#3475,#3483));
#3473 = ORIENTED_EDGE('',*,*,#2958,.T.);
#3474 = ORIENTED_EDGE('',*,*,#3460,.T.);
#3475 = ORIENTED_EDGE('',*,*,#3476,.F.);
#3476 = EDGE_CURVE('',#3477,#3453,#3479,.T.);
#3477 = VERTEX_POINT('',#3478);
#3478 = CARTESIAN_POINT('',(8.443279266357,2.,5.358267784119));
#3479 = LINE('',#3480,#3481);
#3480 = CARTESIAN_POINT('',(8.443279266357,2.,5.358267784119));
#3481 = VECTOR('',#3482,1.);
#3482 = DIRECTION('',(0.425779190404,0.,-0.904827100069));
#3483 = ORIENTED_EDGE('',*,*,#3484,.F.);
#3484 = EDGE_CURVE('',#2959,#3477,#3485,.T.);
#3485 = LINE('',#3486,#3487);
#3486 = CARTESIAN_POINT('',(8.443279266357,8.,5.358267784119));
#3487 = VECTOR('',#3488,1.);
#3488 = DIRECTION('',(0.,-1.,0.));
#3489 = PLANE('',#3490);
#3490 = AXIS2_PLACEMENT_3D('',#3491,#3492,#3493);
#3491 = CARTESIAN_POINT('',(8.976922035217,5.,4.224218845367));
#3492 = DIRECTION('',(-0.904827100069,-0.,-0.425779190404));
#3493 = DIRECTION('',(0.425779190404,0.,-0.904827100069));
#3494 = ADVANCED_FACE('',(#3495),#3513,.T.);
#3495 = FACE_BOUND('',#3496,.T.);
#3496 = EDGE_LOOP('',(#3497,#3498,#3499,#3507));
#3497 = ORIENTED_EDGE('',*,*,#2966,.T.);
#3498 = ORIENTED_EDGE('',*,*,#3484,.T.);
#3499 = ORIENTED_EDGE('',*,*,#3500,.F.);
#3500 = EDGE_CURVE('',#3501,#3477,#3503,.T.);
#3501 = VERTEX_POINT('',#3502);
#3502 = CARTESIAN_POINT('',(6.845470905304,2.,7.289686203003));
#3503 = LINE('',#3504,#3505);
#3504 = CARTESIAN_POINT('',(6.845470905304,2.,7.289686203003));
#3505 = VECTOR('',#3506,1.);
#3506 = DIRECTION('',(0.637424010396,0.,-0.770513225695));
#3507 = ORIENTED_EDGE('',*,*,#3508,.F.);
#3508 = EDGE_CURVE('',#2967,#3501,#3509,.T.);
#3509 = LINE('',#3510,#3511);
#3510 = CARTESIAN_POINT('',(6.845470905304,8.,7.289686203003));
#3511 = VECTOR('',#3512,1.);
#3512 = DIRECTION('',(0.,-1.,0.));
#3513 = PLANE('',#3514);
#3514 = AXIS2_PLACEMENT_3D('',#3515,#3516,#3517);
#3515 = CARTESIAN_POINT('',(7.644375085831,5.,6.323976993561));
#3516 = DIRECTION('',(-0.770513225695,-0.,-0.637424010396));
#3517 = DIRECTION('',(0.637424010396,0.,-0.770513225695));
#3518 = ADVANCED_FACE('',(#3519),#3537,.T.);
#3519 = FACE_BOUND('',#3520,.T.);
#3520 = EDGE_LOOP('',(#3521,#3522,#3523,#3531));
#3521 = ORIENTED_EDGE('',*,*,#2974,.T.);
#3522 = ORIENTED_EDGE('',*,*,#3508,.T.);
#3523 = ORIENTED_EDGE('',*,*,#3524,.F.);
#3524 = EDGE_CURVE('',#3525,#3501,#3527,.T.);
#3525 = VERTEX_POINT('',#3526);
#3526 = CARTESIAN_POINT('',(4.817536830902,2.,8.763067245483));
#3527 = LINE('',#3528,#3529);
#3528 = CARTESIAN_POINT('',(4.817536830902,2.,8.763067245483));
#3529 = VECTOR('',#3530,1.);
#3530 = DIRECTION('',(0.809016862826,0.,-0.587785433354));
#3531 = ORIENTED_EDGE('',*,*,#3532,.F.);
#3532 = EDGE_CURVE('',#2975,#3525,#3533,.T.);
#3533 = LINE('',#3534,#3535);
#3534 = CARTESIAN_POINT('',(4.817536830902,8.,8.763067245483));
#3535 = VECTOR('',#3536,1.);
#3536 = DIRECTION('',(0.,-1.,0.));
#3537 = PLANE('',#3538);
#3538 = AXIS2_PLACEMENT_3D('',#3539,#3540,#3541);
#3539 = CARTESIAN_POINT('',(5.831503868103,5.,8.026376724243));
#3540 = DIRECTION('',(-0.587785433354,-0.,-0.809016862826));
#3541 = DIRECTION('',(-0.809016862826,0.,0.587785433354));
#3542 = ADVANCED_FACE('',(#3543),#3561,.T.);
#3543 = FACE_BOUND('',#3544,.T.);
#3544 = EDGE_LOOP('',(#3545,#3546,#3547,#3555));
#3545 = ORIENTED_EDGE('',*,*,#2982,.T.);
#3546 = ORIENTED_EDGE('',*,*,#3532,.T.);
#3547 = ORIENTED_EDGE('',*,*,#3548,.F.);
#3548 = EDGE_CURVE('',#3549,#3525,#3551,.T.);
#3549 = VERTEX_POINT('',#3550);
#3550 = CARTESIAN_POINT('',(2.486898899078,2.,9.685832023621));
#3551 = LINE('',#3552,#3553);
#3552 = CARTESIAN_POINT('',(2.486898899078,2.,9.685832023621));
#3553 = VECTOR('',#3554,1.);
#3554 = DIRECTION('',(0.929776493731,0.,-0.368124532876));
#3555 = ORIENTED_EDGE('',*,*,#3556,.F.);
#3556 = EDGE_CURVE('',#2983,#3549,#3557,.T.);
#3557 = LINE('',#3558,#3559);
#3558 = CARTESIAN_POINT('',(2.486898899078,8.,9.685832023621));
#3559 = VECTOR('',#3560,1.);
#3560 = DIRECTION('',(0.,-1.,0.));
#3561 = PLANE('',#3562);
#3562 = AXIS2_PLACEMENT_3D('',#3563,#3564,#3565);
#3563 = CARTESIAN_POINT('',(3.65221786499,5.,9.224449634552));
#3564 = DIRECTION('',(-0.368124532876,-0.,-0.929776493731));
#3565 = DIRECTION('',(-0.929776493731,0.,0.368124532876));
#3566 = ADVANCED_FACE('',(#3567),#3585,.T.);
#3567 = FACE_BOUND('',#3568,.T.);
#3568 = EDGE_LOOP('',(#3569,#3570,#3571,#3579));
#3569 = ORIENTED_EDGE('',*,*,#2990,.T.);
#3570 = ORIENTED_EDGE('',*,*,#3556,.T.);
#3571 = ORIENTED_EDGE('',*,*,#3572,.F.);
#3572 = EDGE_CURVE('',#3573,#3549,#3575,.T.);
#3573 = VERTEX_POINT('',#3574);
#3574 = CARTESIAN_POINT('',(0.,2.,10.));
#3575 = LINE('',#3576,#3577);
#3576 = CARTESIAN_POINT('',(0.,2.,10.));
#3577 = VECTOR('',#3578,1.);
#3578 = DIRECTION('',(0.992114721941,0.,-0.125333070292));
#3579 = ORIENTED_EDGE('',*,*,#3580,.F.);
#3580 = EDGE_CURVE('',#2791,#3573,#3581,.T.);
#3581 = LINE('',#3582,#3583);
#3582 = CARTESIAN_POINT('',(0.,8.,10.));
#3583 = VECTOR('',#3584,1.);
#3584 = DIRECTION('',(0.,-1.,0.));
#3585 = PLANE('',#3586);
#3586 = AXIS2_PLACEMENT_3D('',#3587,#3588,#3589);
#3587 = CARTESIAN_POINT('',(1.243449449539,5.,9.84291601181));
#3588 = DIRECTION('',(-0.125333070292,-0.,-0.992114721941));
#3589 = DIRECTION('',(-0.992114721941,0.,0.125333070292));
#3590 = ADVANCED_FACE('',(#3591,#3629),#3791,.T.);
#3591 = FACE_BOUND('',#3592,.T.);
#3592 = EDGE_LOOP('',(#3593,#3599,#3600,#3601,#3602,#3603,#3604,#3605,
    #3606,#3612,#3613,#3614,#3615,#3616,#3617,#3618,#3619,#3620,#3621,
    #3622,#3623,#3624,#3625,#3626,#3627,#3628));
#3593 = ORIENTED_EDGE('',*,*,#3594,.T.);
#3594 = EDGE_CURVE('',#3006,#3573,#3595,.T.);
#3595 = LINE('',#3596,#3597);
#3596 = CARTESIAN_POINT('',(-2.486898899078,2.,9.685832023621));
#3597 = VECTOR('',#3598,1.);
#3598 = DIRECTION('',(0.992114721941,0.,0.125333070292));
#3599 = ORIENTED_EDGE('',*,*,#3572,.T.);
#3600 = ORIENTED_EDGE('',*,*,#3548,.T.);
#3601 = ORIENTED_EDGE('',*,*,#3524,.T.);
#3602 = ORIENTED_EDGE('',*,*,#3500,.T.);
#3603 = ORIENTED_EDGE('',*,*,#3476,.T.);
#3604 = ORIENTED_EDGE('',*,*,#3452,.T.);
#3605 = ORIENTED_EDGE('',*,*,#3436,.T.);
#3606 = ORIENTED_EDGE('',*,*,#3607,.T.);
#3607 = EDGE_CURVE('',#3429,#3398,#3608,.T.);
#3608 = LINE('',#3609,#3610);
#3609 = CARTESIAN_POINT('',(10.,2.,0.));
#3610 = VECTOR('',#3611,1.);
#3611 = DIRECTION('',(-9.410849489524E-02,0.,-0.995561947439));
#3612 = ORIENTED_EDGE('',*,*,#3397,.T.);
#3613 = ORIENTED_EDGE('',*,*,#3373,.T.);
#3614 = ORIENTED_EDGE('',*,*,#3349,.T.);
#3615 = ORIENTED_EDGE('',*,*,#3325,.T.);
#3616 = ORIENTED_EDGE('',*,*,#3301,.T.);
#3617 = ORIENTED_EDGE('',*,*,#3277,.T.);
#3618 = ORIENTED_EDGE('',*,*,#3253,.T.);
#3619 = ORIENTED_EDGE('',*,*,#3229,.T.);
#3620 = ORIENTED_EDGE('',*,*,#3205,.T.);
#3621 = ORIENTED_EDGE('',*,*,#3181,.T.);
#3622 = ORIENTED_EDGE('',*,*,#3157,.T.);
#3623 = ORIENTED_EDGE('',*,*,#3133,.T.);
#3624 = ORIENTED_EDGE('',*,*,#3109,.T.);
#3625 = ORIENTED_EDGE('',*,*,#3085,.T.);
#3626 = ORIENTED_EDGE('',*,*,#3061,.T.);
#3627 = ORIENTED_EDGE('',*,*,#3037,.T.);
#3628 = ORIENTED_EDGE('',*,*,#3013,.T.);
#3629 = FACE_BOUND('',#3630,.T.);
#3630 = EDGE_LOOP('',(#3631,#3641,#3649,#3657,#3665,#3673,#3681,#3689,
    #3697,#3705,#3713,#3721,#3729,#3737,#3745,#3753,#3761,#3769,#3777,
    #3785));
#3631 = ORIENTED_EDGE('',*,*,#3632,.F.);
#3632 = EDGE_CURVE('',#3633,#3635,#3637,.T.);
#3633 = VERTEX_POINT('',#3634);
#3634 = CARTESIAN_POINT('',(-0.772542476654,2.,2.377641201019));
#3635 = VERTEX_POINT('',#3636);
#3636 = CARTESIAN_POINT('',(0.,2.,2.5));
#3637 = LINE('',#3638,#3639);
#3638 = CARTESIAN_POINT('',(-0.772542476654,2.,2.377641201019));
#3639 = VECTOR('',#3640,1.);
#3640 = DIRECTION('',(0.987688322582,0.,0.156434578771));
#3641 = ORIENTED_EDGE('',*,*,#3642,.F.);
#3642 = EDGE_CURVE('',#3643,#3633,#3645,.T.);
#3643 = VERTEX_POINT('',#3644);
#3644 = CARTESIAN_POINT('',(-1.46946310997,2.,2.022542476654));
#3645 = LINE('',#3646,#3647);
#3646 = CARTESIAN_POINT('',(-1.46946310997,2.,2.022542476654));
#3647 = VECTOR('',#3648,1.);
#3648 = DIRECTION('',(0.891006562762,0.,0.453990424035));
#3649 = ORIENTED_EDGE('',*,*,#3650,.F.);
#3650 = EDGE_CURVE('',#3651,#3643,#3653,.T.);
#3651 = VERTEX_POINT('',#3652);
#3652 = CARTESIAN_POINT('',(-2.022542476654,2.,1.46946310997));
#3653 = LINE('',#3654,#3655);
#3654 = CARTESIAN_POINT('',(-2.022542476654,2.,1.46946310997));
#3655 = VECTOR('',#3656,1.);
#3656 = DIRECTION('',(0.707106781187,0.,0.707106781187));
#3657 = ORIENTED_EDGE('',*,*,#3658,.F.);
#3658 = EDGE_CURVE('',#3659,#3651,#3661,.T.);
#3659 = VERTEX_POINT('',#3660);
#3660 = CARTESIAN_POINT('',(-2.377641201019,2.,0.772542476654));
#3661 = LINE('',#3662,#3663);
#3662 = CARTESIAN_POINT('',(-2.377641201019,2.,0.772542476654));
#3663 = VECTOR('',#3664,1.);
#3664 = DIRECTION('',(0.453990424035,0.,0.891006562762));
#3665 = ORIENTED_EDGE('',*,*,#3666,.F.);
#3666 = EDGE_CURVE('',#3667,#3659,#3669,.T.);
#3667 = VERTEX_POINT('',#3668);
#3668 = CARTESIAN_POINT('',(-2.5,2.,0.));
#3669 = LINE('',#3670,#3671);
#3670 = CARTESIAN_POINT('',(-2.5,2.,0.));
#3671 = VECTOR('',#3672,1.);
#3672 = DIRECTION('',(0.156434578771,0.,0.987688322582));
#3673 = ORIENTED_EDGE('',*,*,#3674,.F.);
#3674 = EDGE_CURVE('',#3675,#3667,#3677,.T.);
#3675 = VERTEX_POINT('',#3676);
#3676 = CARTESIAN_POINT('',(-2.377641201019,2.,-0.772542476654));
#3677 = LINE('',#3678,#3679);
#3678 = CARTESIAN_POINT('',(-2.377641201019,2.,-0.772542476654));
#3679 = VECTOR('',#3680,1.);
#3680 = DIRECTION('',(-0.156434578771,0.,0.987688322582));
#3681 = ORIENTED_EDGE('',*,*,#3682,.F.);
#3682 = EDGE_CURVE('',#3683,#3675,#3685,.T.);
#3683 = VERTEX_POINT('',#3684);
#3684 = CARTESIAN_POINT('',(-2.022542476654,2.,-1.46946310997));
#3685 = LINE('',#3686,#3687);
#3686 = CARTESIAN_POINT('',(-2.022542476654,2.,-1.46946310997));
#3687 = VECTOR('',#3688,1.);
#3688 = DIRECTION('',(-0.453990424035,0.,0.891006562762));
#3689 = ORIENTED_EDGE('',*,*,#3690,.F.);
#3690 = EDGE_CURVE('',#3691,#3683,#3693,.T.);
#3691 = VERTEX_POINT('',#3692);
#3692 = CARTESIAN_POINT('',(-1.46946310997,2.,-2.022542476654));
#3693 = LINE('',#3694,#3695);
#3694 = CARTESIAN_POINT('',(-1.46946310997,2.,-2.022542476654));
#3695 = VECTOR('',#3696,1.);
#3696 = DIRECTION('',(-0.707106781187,0.,0.707106781187));
#3697 = ORIENTED_EDGE('',*,*,#3698,.F.);
#3698 = EDGE_CURVE('',#3699,#3691,#3701,.T.);
#3699 = VERTEX_POINT('',#3700);
#3700 = CARTESIAN_POINT('',(-0.772542476654,2.,-2.377641201019));
#3701 = LINE('',#3702,#3703);
#3702 = CARTESIAN_POINT('',(-0.772542476654,2.,-2.377641201019));
#3703 = VECTOR('',#3704,1.);
#3704 = DIRECTION('',(-0.891006562762,0.,0.453990424035));
#3705 = ORIENTED_EDGE('',*,*,#3706,.F.);
#3706 = EDGE_CURVE('',#3707,#3699,#3709,.T.);
#3707 = VERTEX_POINT('',#3708);
#3708 = CARTESIAN_POINT('',(0.,2.,-2.5));
#3709 = LINE('',#3710,#3711);
#3710 = CARTESIAN_POINT('',(0.,2.,-2.5));
#3711 = VECTOR('',#3712,1.);
#3712 = DIRECTION('',(-0.987688322582,0.,0.156434578771));
#3713 = ORIENTED_EDGE('',*,*,#3714,.F.);
#3714 = EDGE_CURVE('',#3715,#3707,#3717,.T.);
#3715 = VERTEX_POINT('',#3716);
#3716 = CARTESIAN_POINT('',(0.772542476654,2.,-2.377641201019));
#3717 = LINE('',#3718,#3719);
#3718 = CARTESIAN_POINT('',(0.772542476654,2.,-2.377641201019));
#3719 = VECTOR('',#3720,1.);
#3720 = DIRECTION('',(-0.987688322582,0.,-0.156434578771));
#3721 = ORIENTED_EDGE('',*,*,#3722,.F.);
#3722 = EDGE_CURVE('',#3723,#3715,#3725,.T.);
#3723 = VERTEX_POINT('',#3724);
#3724 = CARTESIAN_POINT('',(1.46946310997,2.,-2.022542476654));
#3725 = LINE('',#3726,#3727);
#3726 = CARTESIAN_POINT('',(1.46946310997,2.,-2.022542476654));
#3727 = VECTOR('',#3728,1.);
#3728 = DIRECTION('',(-0.891006562762,0.,-0.453990424035));
#3729 = ORIENTED_EDGE('',*,*,#3730,.F.);
#3730 = EDGE_CURVE('',#3731,#3723,#3733,.T.);
#3731 = VERTEX_POINT('',#3732);
#3732 = CARTESIAN_POINT('',(2.022542476654,2.,-1.46946310997));
#3733 = LINE('',#3734,#3735);
#3734 = CARTESIAN_POINT('',(2.022542476654,2.,-1.46946310997));
#3735 = VECTOR('',#3736,1.);
#3736 = DIRECTION('',(-0.707106781187,0.,-0.707106781187));
#3737 = ORIENTED_EDGE('',*,*,#3738,.F.);
#3738 = EDGE_CURVE('',#3739,#3731,#3741,.T.);
#3739 = VERTEX_POINT('',#3740);
#3740 = CARTESIAN_POINT('',(2.377641201019,2.,-0.772542476654));
#3741 = LINE('',#3742,#3743);
#3742 = CARTESIAN_POINT('',(2.377641201019,2.,-0.772542476654));
#3743 = VECTOR('',#3744,1.);
#3744 = DIRECTION('',(-0.453990424035,0.,-0.891006562762));
#3745 = ORIENTED_EDGE('',*,*,#3746,.F.);
#3746 = EDGE_CURVE('',#3747,#3739,#3749,.T.);
#3747 = VERTEX_POINT('',#3748);
#3748 = CARTESIAN_POINT('',(2.5,2.,0.));
#3749 = LINE('',#3750,#3751);
#3750 = CARTESIAN_POINT('',(2.5,2.,0.));
#3751 = VECTOR('',#3752,1.);
#3752 = DIRECTION('',(-0.156434578771,0.,-0.987688322582));
#3753 = ORIENTED_EDGE('',*,*,#3754,.F.);
#3754 = EDGE_CURVE('',#3755,#3747,#3757,.T.);
#3755 = VERTEX_POINT('',#3756);
#3756 = CARTESIAN_POINT('',(2.377641201019,2.,0.772542476654));
#3757 = LINE('',#3758,#3759);
#3758 = CARTESIAN_POINT('',(2.377641201019,2.,0.772542476654));
#3759 = VECTOR('',#3760,1.);
#3760 = DIRECTION('',(0.156434578771,0.,-0.987688322582));
#3761 = ORIENTED_EDGE('',*,*,#3762,.F.);
#3762 = EDGE_CURVE('',#3763,#3755,#3765,.T.);
#3763 = VERTEX_POINT('',#3764);
#3764 = CARTESIAN_POINT('',(2.022542476654,2.,1.46946310997));
#3765 = LINE('',#3766,#3767);
#3766 = CARTESIAN_POINT('',(2.022542476654,2.,1.46946310997));
#3767 = VECTOR('',#3768,1.);
#3768 = DIRECTION('',(0.453990424035,0.,-0.891006562762));
#3769 = ORIENTED_EDGE('',*,*,#3770,.F.);
#3770 = EDGE_CURVE('',#3771,#3763,#3773,.T.);
#3771 = VERTEX_POINT('',#3772);
#3772 = CARTESIAN_POINT('',(1.46946310997,2.,2.022542476654));
#3773 = LINE('',#3774,#3775);
#3774 = CARTESIAN_POINT('',(1.46946310997,2.,2.022542476654));
#3775 = VECTOR('',#3776,1.);
#3776 = DIRECTION('',(0.707106781187,0.,-0.707106781187));
#3777 = ORIENTED_EDGE('',*,*,#3778,.F.);
#3778 = EDGE_CURVE('',#3779,#3771,#3781,.T.);
#3779 = VERTEX_POINT('',#3780);
#3780 = CARTESIAN_POINT('',(0.772542476654,2.,2.377641201019));
#3781 = LINE('',#3782,#3783);
#3782 = CARTESIAN_POINT('',(0.772542476654,2.,2.377641201019));
#3783 = VECTOR('',#3784,1.);
#3784 = DIRECTION('',(0.891006562762,0.,-0.453990424035));
#3785 = ORIENTED_EDGE('',*,*,#3786,.F.);
#3786 = EDGE_CURVE('',#3635,#3779,#3787,.T.);
#3787 = LINE('',#3788,#3789);
#3788 = CARTESIAN_POINT('',(0.,2.,2.5));
#3789 = VECTOR('',#3790,1.);
#3790 = DIRECTION('',(0.987688322582,0.,-0.156434578771));
#3791 = PLANE('',#3792);
#3792 = AXIS2_PLACEMENT_3D('',#3793,#3794,#3795);
#3793 = CARTESIAN_POINT('',(1.771315025186E-03,2.,-7.408673473336E-05));
#3794 = DIRECTION('',(0.,1.,0.));
#3795 = DIRECTION('',(0.,-0.,1.));
#3796 = ADVANCED_FACE('',(#3797),#3813,.T.);
#3797 = FACE_BOUND('',#3798,.T.);
#3798 = EDGE_LOOP('',(#3799,#3800,#3806,#3807));
#3799 = ORIENTED_EDGE('',*,*,#3642,.T.);
#3800 = ORIENTED_EDGE('',*,*,#3801,.T.);
#3801 = EDGE_CURVE('',#3633,#1141,#3802,.T.);
#3802 = LINE('',#3803,#3804);
#3803 = CARTESIAN_POINT('',(-0.772542476654,2.,2.377641201019));
#3804 = VECTOR('',#3805,1.);
#3805 = DIRECTION('',(0.,-1.,0.));
#3806 = ORIENTED_EDGE('',*,*,#1140,.T.);
#3807 = ORIENTED_EDGE('',*,*,#3808,.F.);
#3808 = EDGE_CURVE('',#3643,#1133,#3809,.T.);
#3809 = LINE('',#3810,#3811);
#3810 = CARTESIAN_POINT('',(-1.46946310997,2.,2.022542476654));
#3811 = VECTOR('',#3812,1.);
#3812 = DIRECTION('',(0.,-1.,0.));
#3813 = PLANE('',#3814);
#3814 = AXIS2_PLACEMENT_3D('',#3815,#3816,#3817);
#3815 = CARTESIAN_POINT('',(-1.121002793312,-2.,2.200091838837));
#3816 = DIRECTION('',(0.453990424035,-0.,-0.891006562762));
#3817 = DIRECTION('',(-0.891006562762,0.,-0.453990424035));
#3818 = ADVANCED_FACE('',(#3819),#3830,.T.);
#3819 = FACE_BOUND('',#3820,.T.);
#3820 = EDGE_LOOP('',(#3821,#3822,#3823,#3824));
#3821 = ORIENTED_EDGE('',*,*,#3650,.T.);
#3822 = ORIENTED_EDGE('',*,*,#3808,.T.);
#3823 = ORIENTED_EDGE('',*,*,#1132,.T.);
#3824 = ORIENTED_EDGE('',*,*,#3825,.F.);
#3825 = EDGE_CURVE('',#3651,#1125,#3826,.T.);
#3826 = LINE('',#3827,#3828);
#3827 = CARTESIAN_POINT('',(-2.022542476654,2.,1.46946310997));
#3828 = VECTOR('',#3829,1.);
#3829 = DIRECTION('',(0.,-1.,0.));
#3830 = PLANE('',#3831);
#3831 = AXIS2_PLACEMENT_3D('',#3832,#3833,#3834);
#3832 = CARTESIAN_POINT('',(-1.746002793312,-2.,1.746002793312));
#3833 = DIRECTION('',(0.707106781187,0.,-0.707106781187));
#3834 = DIRECTION('',(0.707106781187,0.,0.707106781187));
#3835 = ADVANCED_FACE('',(#3836),#3847,.T.);
#3836 = FACE_BOUND('',#3837,.T.);
#3837 = EDGE_LOOP('',(#3838,#3839,#3840,#3841));
#3838 = ORIENTED_EDGE('',*,*,#3658,.T.);
#3839 = ORIENTED_EDGE('',*,*,#3825,.T.);
#3840 = ORIENTED_EDGE('',*,*,#1124,.T.);
#3841 = ORIENTED_EDGE('',*,*,#3842,.F.);
#3842 = EDGE_CURVE('',#3659,#1115,#3843,.T.);
#3843 = LINE('',#3844,#3845);
#3844 = CARTESIAN_POINT('',(-2.377641201019,2.,0.772542476654));
#3845 = VECTOR('',#3846,1.);
#3846 = DIRECTION('',(0.,-1.,0.));
#3847 = PLANE('',#3848);
#3848 = AXIS2_PLACEMENT_3D('',#3849,#3850,#3851);
#3849 = CARTESIAN_POINT('',(-2.200091838837,-2.,1.121002793312));
#3850 = DIRECTION('',(0.891006562762,0.,-0.453990424035));
#3851 = DIRECTION('',(0.453990424035,0.,0.891006562762));
#3852 = ADVANCED_FACE('',(#3853),#3864,.T.);
#3853 = FACE_BOUND('',#3854,.T.);
#3854 = EDGE_LOOP('',(#3855,#3856,#3857,#3858));
#3855 = ORIENTED_EDGE('',*,*,#3666,.T.);
#3856 = ORIENTED_EDGE('',*,*,#3842,.T.);
#3857 = ORIENTED_EDGE('',*,*,#1114,.T.);
#3858 = ORIENTED_EDGE('',*,*,#3859,.F.);
#3859 = EDGE_CURVE('',#3667,#1117,#3860,.T.);
#3860 = LINE('',#3861,#3862);
#3861 = CARTESIAN_POINT('',(-2.5,2.,0.));
#3862 = VECTOR('',#3863,1.);
#3863 = DIRECTION('',(0.,-1.,0.));
#3864 = PLANE('',#3865);
#3865 = AXIS2_PLACEMENT_3D('',#3866,#3867,#3868);
#3866 = CARTESIAN_POINT('',(-2.43882060051,-2.,0.386271238327));
#3867 = DIRECTION('',(0.987688322582,0.,-0.156434578771));
#3868 = DIRECTION('',(0.156434578771,0.,0.987688322582));
#3869 = ADVANCED_FACE('',(#3870),#3881,.T.);
#3870 = FACE_BOUND('',#3871,.T.);
#3871 = EDGE_LOOP('',(#3872,#3873,#3874,#3875));
#3872 = ORIENTED_EDGE('',*,*,#3674,.T.);
#3873 = ORIENTED_EDGE('',*,*,#3859,.T.);
#3874 = ORIENTED_EDGE('',*,*,#1268,.T.);
#3875 = ORIENTED_EDGE('',*,*,#3876,.F.);
#3876 = EDGE_CURVE('',#3675,#1261,#3877,.T.);
#3877 = LINE('',#3878,#3879);
#3878 = CARTESIAN_POINT('',(-2.377641201019,2.,-0.772542476654));
#3879 = VECTOR('',#3880,1.);
#3880 = DIRECTION('',(0.,-1.,0.));
#3881 = PLANE('',#3882);
#3882 = AXIS2_PLACEMENT_3D('',#3883,#3884,#3885);
#3883 = CARTESIAN_POINT('',(-2.43882060051,-2.,-0.386271238327));
#3884 = DIRECTION('',(0.987688322582,0.,0.156434578771));
#3885 = DIRECTION('',(-0.156434578771,0.,0.987688322582));
#3886 = ADVANCED_FACE('',(#3887),#3898,.T.);
#3887 = FACE_BOUND('',#3888,.T.);
#3888 = EDGE_LOOP('',(#3889,#3890,#3891,#3892));
#3889 = ORIENTED_EDGE('',*,*,#3682,.T.);
#3890 = ORIENTED_EDGE('',*,*,#3876,.T.);
#3891 = ORIENTED_EDGE('',*,*,#1260,.T.);
#3892 = ORIENTED_EDGE('',*,*,#3893,.F.);
#3893 = EDGE_CURVE('',#3683,#1253,#3894,.T.);
#3894 = LINE('',#3895,#3896);
#3895 = CARTESIAN_POINT('',(-2.022542476654,2.,-1.46946310997));
#3896 = VECTOR('',#3897,1.);
#3897 = DIRECTION('',(0.,-1.,0.));
#3898 = PLANE('',#3899);
#3899 = AXIS2_PLACEMENT_3D('',#3900,#3901,#3902);
#3900 = CARTESIAN_POINT('',(-2.200091838837,-2.,-1.121002793312));
#3901 = DIRECTION('',(0.891006562762,0.,0.453990424035));
#3902 = DIRECTION('',(-0.453990424035,0.,0.891006562762));
#3903 = ADVANCED_FACE('',(#3904),#3915,.T.);
#3904 = FACE_BOUND('',#3905,.T.);
#3905 = EDGE_LOOP('',(#3906,#3907,#3908,#3909));
#3906 = ORIENTED_EDGE('',*,*,#3690,.T.);
#3907 = ORIENTED_EDGE('',*,*,#3893,.T.);
#3908 = ORIENTED_EDGE('',*,*,#1252,.T.);
#3909 = ORIENTED_EDGE('',*,*,#3910,.F.);
#3910 = EDGE_CURVE('',#3691,#1245,#3911,.T.);
#3911 = LINE('',#3912,#3913);
#3912 = CARTESIAN_POINT('',(-1.46946310997,2.,-2.022542476654));
#3913 = VECTOR('',#3914,1.);
#3914 = DIRECTION('',(0.,-1.,0.));
#3915 = PLANE('',#3916);
#3916 = AXIS2_PLACEMENT_3D('',#3917,#3918,#3919);
#3917 = CARTESIAN_POINT('',(-1.746002793312,-2.,-1.746002793312));
#3918 = DIRECTION('',(0.707106781187,0.,0.707106781187));
#3919 = DIRECTION('',(0.707106781187,0.,-0.707106781187));
#3920 = ADVANCED_FACE('',(#3921),#3932,.T.);
#3921 = FACE_BOUND('',#3922,.T.);
#3922 = EDGE_LOOP('',(#3923,#3924,#3925,#3926));
#3923 = ORIENTED_EDGE('',*,*,#3698,.T.);
#3924 = ORIENTED_EDGE('',*,*,#3910,.T.);
#3925 = ORIENTED_EDGE('',*,*,#1244,.T.);
#3926 = ORIENTED_EDGE('',*,*,#3927,.F.);
#3927 = EDGE_CURVE('',#3699,#1237,#3928,.T.);
#3928 = LINE('',#3929,#3930);
#3929 = CARTESIAN_POINT('',(-0.772542476654,2.,-2.377641201019));
#3930 = VECTOR('',#3931,1.);
#3931 = DIRECTION('',(0.,-1.,0.));
#3932 = PLANE('',#3933);
#3933 = AXIS2_PLACEMENT_3D('',#3934,#3935,#3936);
#3934 = CARTESIAN_POINT('',(-1.121002793312,-2.,-2.200091838837));
#3935 = DIRECTION('',(0.453990424035,0.,0.891006562762));
#3936 = DIRECTION('',(0.891006562762,0.,-0.453990424035));
#3937 = ADVANCED_FACE('',(#3938),#3949,.T.);
#3938 = FACE_BOUND('',#3939,.T.);
#3939 = EDGE_LOOP('',(#3940,#3941,#3942,#3943));
#3940 = ORIENTED_EDGE('',*,*,#3706,.T.);
#3941 = ORIENTED_EDGE('',*,*,#3927,.T.);
#3942 = ORIENTED_EDGE('',*,*,#1236,.T.);
#3943 = ORIENTED_EDGE('',*,*,#3944,.F.);
#3944 = EDGE_CURVE('',#3707,#1229,#3945,.T.);
#3945 = LINE('',#3946,#3947);
#3946 = CARTESIAN_POINT('',(0.,2.,-2.5));
#3947 = VECTOR('',#3948,1.);
#3948 = DIRECTION('',(0.,-1.,0.));
#3949 = PLANE('',#3950);
#3950 = AXIS2_PLACEMENT_3D('',#3951,#3952,#3953);
#3951 = CARTESIAN_POINT('',(-0.386271238327,-2.,-2.43882060051));
#3952 = DIRECTION('',(0.156434578771,0.,0.987688322582));
#3953 = DIRECTION('',(0.987688322582,0.,-0.156434578771));
#3954 = ADVANCED_FACE('',(#3955),#3966,.T.);
#3955 = FACE_BOUND('',#3956,.T.);
#3956 = EDGE_LOOP('',(#3957,#3958,#3959,#3960));
#3957 = ORIENTED_EDGE('',*,*,#3714,.T.);
#3958 = ORIENTED_EDGE('',*,*,#3944,.T.);
#3959 = ORIENTED_EDGE('',*,*,#1228,.T.);
#3960 = ORIENTED_EDGE('',*,*,#3961,.F.);
#3961 = EDGE_CURVE('',#3715,#1221,#3962,.T.);
#3962 = LINE('',#3963,#3964);
#3963 = CARTESIAN_POINT('',(0.772542476654,2.,-2.377641201019));
#3964 = VECTOR('',#3965,1.);
#3965 = DIRECTION('',(0.,-1.,0.));
#3966 = PLANE('',#3967);
#3967 = AXIS2_PLACEMENT_3D('',#3968,#3969,#3970);
#3968 = CARTESIAN_POINT('',(0.386271238327,-2.,-2.43882060051));
#3969 = DIRECTION('',(-0.156434578771,0.,0.987688322582));
#3970 = DIRECTION('',(0.987688322582,0.,0.156434578771));
#3971 = ADVANCED_FACE('',(#3972),#3983,.T.);
#3972 = FACE_BOUND('',#3973,.T.);
#3973 = EDGE_LOOP('',(#3974,#3975,#3976,#3977));
#3974 = ORIENTED_EDGE('',*,*,#3722,.T.);
#3975 = ORIENTED_EDGE('',*,*,#3961,.T.);
#3976 = ORIENTED_EDGE('',*,*,#1220,.T.);
#3977 = ORIENTED_EDGE('',*,*,#3978,.F.);
#3978 = EDGE_CURVE('',#3723,#1213,#3979,.T.);
#3979 = LINE('',#3980,#3981);
#3980 = CARTESIAN_POINT('',(1.46946310997,2.,-2.022542476654));
#3981 = VECTOR('',#3982,1.);
#3982 = DIRECTION('',(0.,-1.,0.));
#3983 = PLANE('',#3984);
#3984 = AXIS2_PLACEMENT_3D('',#3985,#3986,#3987);
#3985 = CARTESIAN_POINT('',(1.121002793312,-2.,-2.200091838837));
#3986 = DIRECTION('',(-0.453990424035,0.,0.891006562762));
#3987 = DIRECTION('',(0.891006562762,0.,0.453990424035));
#3988 = ADVANCED_FACE('',(#3989),#4000,.T.);
#3989 = FACE_BOUND('',#3990,.T.);
#3990 = EDGE_LOOP('',(#3991,#3992,#3993,#3994));
#3991 = ORIENTED_EDGE('',*,*,#3730,.T.);
#3992 = ORIENTED_EDGE('',*,*,#3978,.T.);
#3993 = ORIENTED_EDGE('',*,*,#1212,.T.);
#3994 = ORIENTED_EDGE('',*,*,#3995,.F.);
#3995 = EDGE_CURVE('',#3731,#1205,#3996,.T.);
#3996 = LINE('',#3997,#3998);
#3997 = CARTESIAN_POINT('',(2.022542476654,2.,-1.46946310997));
#3998 = VECTOR('',#3999,1.);
#3999 = DIRECTION('',(0.,-1.,0.));
#4000 = PLANE('',#4001);
#4001 = AXIS2_PLACEMENT_3D('',#4002,#4003,#4004);
#4002 = CARTESIAN_POINT('',(1.746002793312,-2.,-1.746002793312));
#4003 = DIRECTION('',(-0.707106781187,-0.,0.707106781187));
#4004 = DIRECTION('',(-0.707106781187,0.,-0.707106781187));
#4005 = ADVANCED_FACE('',(#4006),#4017,.T.);
#4006 = FACE_BOUND('',#4007,.T.);
#4007 = EDGE_LOOP('',(#4008,#4009,#4010,#4011));
#4008 = ORIENTED_EDGE('',*,*,#3738,.T.);
#4009 = ORIENTED_EDGE('',*,*,#3995,.T.);
#4010 = ORIENTED_EDGE('',*,*,#1204,.T.);
#4011 = ORIENTED_EDGE('',*,*,#4012,.F.);
#4012 = EDGE_CURVE('',#3739,#1197,#4013,.T.);
#4013 = LINE('',#4014,#4015);
#4014 = CARTESIAN_POINT('',(2.377641201019,2.,-0.772542476654));
#4015 = VECTOR('',#4016,1.);
#4016 = DIRECTION('',(0.,-1.,0.));
#4017 = PLANE('',#4018);
#4018 = AXIS2_PLACEMENT_3D('',#4019,#4020,#4021);
#4019 = CARTESIAN_POINT('',(2.200091838837,-2.,-1.121002793312));
#4020 = DIRECTION('',(-0.891006562762,-0.,0.453990424035));
#4021 = DIRECTION('',(-0.453990424035,0.,-0.891006562762));
#4022 = ADVANCED_FACE('',(#4023),#4034,.T.);
#4023 = FACE_BOUND('',#4024,.T.);
#4024 = EDGE_LOOP('',(#4025,#4026,#4027,#4028));
#4025 = ORIENTED_EDGE('',*,*,#3746,.T.);
#4026 = ORIENTED_EDGE('',*,*,#4012,.T.);
#4027 = ORIENTED_EDGE('',*,*,#1196,.T.);
#4028 = ORIENTED_EDGE('',*,*,#4029,.F.);
#4029 = EDGE_CURVE('',#3747,#1189,#4030,.T.);
#4030 = LINE('',#4031,#4032);
#4031 = CARTESIAN_POINT('',(2.5,2.,0.));
#4032 = VECTOR('',#4033,1.);
#4033 = DIRECTION('',(0.,-1.,0.));
#4034 = PLANE('',#4035);
#4035 = AXIS2_PLACEMENT_3D('',#4036,#4037,#4038);
#4036 = CARTESIAN_POINT('',(2.43882060051,-2.,-0.386271238327));
#4037 = DIRECTION('',(-0.987688322582,-0.,0.156434578771));
#4038 = DIRECTION('',(-0.156434578771,0.,-0.987688322582));
#4039 = ADVANCED_FACE('',(#4040),#4051,.T.);
#4040 = FACE_BOUND('',#4041,.T.);
#4041 = EDGE_LOOP('',(#4042,#4043,#4044,#4045));
#4042 = ORIENTED_EDGE('',*,*,#3754,.T.);
#4043 = ORIENTED_EDGE('',*,*,#4029,.T.);
#4044 = ORIENTED_EDGE('',*,*,#1188,.T.);
#4045 = ORIENTED_EDGE('',*,*,#4046,.F.);
#4046 = EDGE_CURVE('',#3755,#1181,#4047,.T.);
#4047 = LINE('',#4048,#4049);
#4048 = CARTESIAN_POINT('',(2.377641201019,2.,0.772542476654));
#4049 = VECTOR('',#4050,1.);
#4050 = DIRECTION('',(0.,-1.,0.));
#4051 = PLANE('',#4052);
#4052 = AXIS2_PLACEMENT_3D('',#4053,#4054,#4055);
#4053 = CARTESIAN_POINT('',(2.43882060051,-2.,0.386271238327));
#4054 = DIRECTION('',(-0.987688322582,-0.,-0.156434578771));
#4055 = DIRECTION('',(0.156434578771,0.,-0.987688322582));
#4056 = ADVANCED_FACE('',(#4057),#4068,.T.);
#4057 = FACE_BOUND('',#4058,.T.);
#4058 = EDGE_LOOP('',(#4059,#4060,#4061,#4062));
#4059 = ORIENTED_EDGE('',*,*,#3762,.T.);
#4060 = ORIENTED_EDGE('',*,*,#4046,.T.);
#4061 = ORIENTED_EDGE('',*,*,#1180,.T.);
#4062 = ORIENTED_EDGE('',*,*,#4063,.F.);
#4063 = EDGE_CURVE('',#3763,#1173,#4064,.T.);
#4064 = LINE('',#4065,#4066);
#4065 = CARTESIAN_POINT('',(2.022542476654,2.,1.46946310997));
#4066 = VECTOR('',#4067,1.);
#4067 = DIRECTION('',(0.,-1.,0.));
#4068 = PLANE('',#4069);
#4069 = AXIS2_PLACEMENT_3D('',#4070,#4071,#4072);
#4070 = CARTESIAN_POINT('',(2.200091838837,-2.,1.121002793312));
#4071 = DIRECTION('',(-0.891006562762,-0.,-0.453990424035));
#4072 = DIRECTION('',(0.453990424035,0.,-0.891006562762));
#4073 = ADVANCED_FACE('',(#4074),#4085,.T.);
#4074 = FACE_BOUND('',#4075,.T.);
#4075 = EDGE_LOOP('',(#4076,#4077,#4078,#4079));
#4076 = ORIENTED_EDGE('',*,*,#3770,.T.);
#4077 = ORIENTED_EDGE('',*,*,#4063,.T.);
#4078 = ORIENTED_EDGE('',*,*,#1172,.T.);
#4079 = ORIENTED_EDGE('',*,*,#4080,.F.);
#4080 = EDGE_CURVE('',#3771,#1165,#4081,.T.);
#4081 = LINE('',#4082,#4083);
#4082 = CARTESIAN_POINT('',(1.46946310997,2.,2.022542476654));
#4083 = VECTOR('',#4084,1.);
#4084 = DIRECTION('',(0.,-1.,0.));
#4085 = PLANE('',#4086);
#4086 = AXIS2_PLACEMENT_3D('',#4087,#4088,#4089);
#4087 = CARTESIAN_POINT('',(1.746002793312,-2.,1.746002793312));
#4088 = DIRECTION('',(-0.707106781187,-0.,-0.707106781187));
#4089 = DIRECTION('',(-0.707106781187,0.,0.707106781187));
#4090 = ADVANCED_FACE('',(#4091),#4102,.T.);
#4091 = FACE_BOUND('',#4092,.T.);
#4092 = EDGE_LOOP('',(#4093,#4094,#4095,#4096));
#4093 = ORIENTED_EDGE('',*,*,#3778,.T.);
#4094 = ORIENTED_EDGE('',*,*,#4080,.T.);
#4095 = ORIENTED_EDGE('',*,*,#1164,.T.);
#4096 = ORIENTED_EDGE('',*,*,#4097,.F.);
#4097 = EDGE_CURVE('',#3779,#1157,#4098,.T.);
#4098 = LINE('',#4099,#4100);
#4099 = CARTESIAN_POINT('',(0.772542476654,2.,2.377641201019));
#4100 = VECTOR('',#4101,1.);
#4101 = DIRECTION('',(0.,-1.,0.));
#4102 = PLANE('',#4103);
#4103 = AXIS2_PLACEMENT_3D('',#4104,#4105,#4106);
#4104 = CARTESIAN_POINT('',(1.121002793312,-2.,2.200091838837));
#4105 = DIRECTION('',(-0.453990424035,-0.,-0.891006562762));
#4106 = DIRECTION('',(-0.891006562762,0.,0.453990424035));
#4107 = ADVANCED_FACE('',(#4108),#4119,.T.);
#4108 = FACE_BOUND('',#4109,.T.);
#4109 = EDGE_LOOP('',(#4110,#4111,#4112,#4113));
#4110 = ORIENTED_EDGE('',*,*,#3786,.T.);
#4111 = ORIENTED_EDGE('',*,*,#4097,.T.);
#4112 = ORIENTED_EDGE('',*,*,#1156,.T.);
#4113 = ORIENTED_EDGE('',*,*,#4114,.F.);
#4114 = EDGE_CURVE('',#3635,#1149,#4115,.T.);
#4115 = LINE('',#4116,#4117);
#4116 = CARTESIAN_POINT('',(0.,2.,2.5));
#4117 = VECTOR('',#4118,1.);
#4118 = DIRECTION('',(0.,-1.,0.));
#4119 = PLANE('',#4120);
#4120 = AXIS2_PLACEMENT_3D('',#4121,#4122,#4123);
#4121 = CARTESIAN_POINT('',(0.386271238327,-2.,2.43882060051));
#4122 = DIRECTION('',(-0.156434578771,-0.,-0.987688322582));
#4123 = DIRECTION('',(-0.987688322582,0.,0.156434578771));
#4124 = ADVANCED_FACE('',(#4125),#4131,.T.);
#4125 = FACE_BOUND('',#4126,.T.);
#4126 = EDGE_LOOP('',(#4127,#4128,#4129,#4130));
#4127 = ORIENTED_EDGE('',*,*,#3632,.T.);
#4128 = ORIENTED_EDGE('',*,*,#4114,.T.);
#4129 = ORIENTED_EDGE('',*,*,#1148,.T.);
#4130 = ORIENTED_EDGE('',*,*,#3801,.F.);
#4131 = PLANE('',#4132);
#4132 = AXIS2_PLACEMENT_3D('',#4133,#4134,#4135);
#4133 = CARTESIAN_POINT('',(-0.386271238327,-2.,2.43882060051));
#4134 = DIRECTION('',(0.156434578771,-0.,-0.987688322582));
#4135 = DIRECTION('',(-0.987688322582,0.,-0.156434578771));
#4136 = ADVANCED_FACE('',(#4137),#4143,.T.);
#4137 = FACE_BOUND('',#4138,.T.);
#4138 = EDGE_LOOP('',(#4139,#4140,#4141,#4142));
#4139 = ORIENTED_EDGE('',*,*,#3405,.T.);
#4140 = ORIENTED_EDGE('',*,*,#3607,.F.);
#4141 = ORIENTED_EDGE('',*,*,#3428,.T.);
#4142 = ORIENTED_EDGE('',*,*,#2934,.T.);
#4143 = PLANE('',#4144);
#4144 = AXIS2_PLACEMENT_3D('',#4145,#4146,#4147);
#4145 = CARTESIAN_POINT('',(9.911436080933,5.,-0.936906576157));
#4146 = DIRECTION('',(-0.995561947439,-0.,9.410849489524E-02));
#4147 = DIRECTION('',(-9.410849489524E-02,0.,-0.995561947439));
#4148 = ADVANCED_FACE('',(#4149),#4155,.T.);
#4149 = FACE_BOUND('',#4150,.T.);
#4150 = EDGE_LOOP('',(#4151,#4152,#4153,#4154));
#4151 = ORIENTED_EDGE('',*,*,#2788,.T.);
#4152 = ORIENTED_EDGE('',*,*,#3580,.T.);
#4153 = ORIENTED_EDGE('',*,*,#3594,.F.);
#4154 = ORIENTED_EDGE('',*,*,#3005,.F.);
#4155 = PLANE('',#4156);
#4156 = AXIS2_PLACEMENT_3D('',#4157,#4158,#4159);
#4157 = CARTESIAN_POINT('',(-1.243449449539,5.,9.84291601181));
#4158 = DIRECTION('',(0.125333070292,-0.,-0.992114721941));
#4159 = DIRECTION('',(-0.992114721941,0.,-0.125333070292));
#4160 = ADVANCED_FACE('',(#4161),#4172,.T.);
#4161 = FACE_BOUND('',#4162,.T.);
#4162 = EDGE_LOOP('',(#4163,#4169,#4170,#4171));
#4163 = ORIENTED_EDGE('',*,*,#4164,.T.);
#4164 = EDGE_CURVE('',#958,#2754,#4165,.T.);
#4165 = LINE('',#4166,#4167);
#4166 = CARTESIAN_POINT('',(12.828744888306,-6.,-2.103165864944));
#4167 = VECTOR('',#4168,1.);
#4168 = DIRECTION('',(0.,1.,0.));
#4169 = ORIENTED_EDGE('',*,*,#2753,.F.);
#4170 = ORIENTED_EDGE('',*,*,#2722,.F.);
#4171 = ORIENTED_EDGE('',*,*,#965,.T.);
#4172 = PLANE('',#4173);
#4173 = AXIS2_PLACEMENT_3D('',#4174,#4175,#4176);
#4174 = CARTESIAN_POINT('',(12.914372444153,1.,-1.051582932472));
#4175 = DIRECTION('',(0.996701192931,0.,-8.115868413721E-02));
#4176 = DIRECTION('',(8.115868413721E-02,0.,0.996701192931));
#4177 = ADVANCED_FACE('',(#4178),#4184,.T.);
#4178 = FACE_BOUND('',#4179,.T.);
#4179 = EDGE_LOOP('',(#4180,#4181,#4182,#4183));
#4180 = ORIENTED_EDGE('',*,*,#4164,.F.);
#4181 = ORIENTED_EDGE('',*,*,#957,.T.);
#4182 = ORIENTED_EDGE('',*,*,#2216,.F.);
#4183 = ORIENTED_EDGE('',*,*,#2761,.F.);
#4184 = PLANE('',#4185);
#4185 = AXIS2_PLACEMENT_3D('',#4186,#4187,#4188);
#4186 = CARTESIAN_POINT('',(12.452721118927,1.,-3.457481026649));
#4187 = DIRECTION('',(0.963549989642,0.,-0.267528348892));
#4188 = DIRECTION('',(0.267528348892,0.,0.963549989642));
#4189 = ADVANCED_FACE('',(#4190),#4196,.T.);
#4190 = FACE_BOUND('',#4191,.T.);
#4191 = EDGE_LOOP('',(#4192,#4193,#4194,#4195));
#4192 = ORIENTED_EDGE('',*,*,#400,.T.);
#4193 = ORIENTED_EDGE('',*,*,#1071,.F.);
#4194 = ORIENTED_EDGE('',*,*,#21,.T.);
#4195 = ORIENTED_EDGE('',*,*,#311,.F.);
#4196 = PLANE('',#4197);
#4197 = AXIS2_PLACEMENT_3D('',#4198,#4199,#4200);
#4198 = CARTESIAN_POINT('',(8.,-13.5,6.449999809265));
#4199 = DIRECTION('',(1.,0.,0.));
#4200 = DIRECTION('',(-0.,0.,1.));
#4201 = ADVANCED_FACE('',(#4202),#4208,.T.);
#4202 = FACE_BOUND('',#4203,.T.);
#4203 = EDGE_LOOP('',(#4204,#4205,#4206,#4207));
#4204 = ORIENTED_EDGE('',*,*,#1291,.T.);
#4205 = ORIENTED_EDGE('',*,*,#1090,.F.);
#4206 = ORIENTED_EDGE('',*,*,#1594,.T.);
#4207 = ORIENTED_EDGE('',*,*,#1572,.F.);
#4208 = PLANE('',#4209);
#4209 = AXIS2_PLACEMENT_3D('',#4210,#4211,#4212);
#4210 = CARTESIAN_POINT('',(8.,-13.5,-6.449999809265));
#4211 = DIRECTION('',(1.,0.,0.));
#4212 = DIRECTION('',(-0.,0.,1.));
#4213 = ADVANCED_FACE('',(#4214),#4230,.T.);
#4214 = FACE_BOUND('',#4215,.T.);
#4215 = EDGE_LOOP('',(#4216,#4217,#4223,#4224));
#4216 = ORIENTED_EDGE('',*,*,#593,.F.);
#4217 = ORIENTED_EDGE('',*,*,#4218,.T.);
#4218 = EDGE_CURVE('',#586,#234,#4219,.T.);
#4219 = LINE('',#4220,#4221);
#4220 = CARTESIAN_POINT('',(-4.25,-21.,4.199999809265));
#4221 = VECTOR('',#4222,1.);
#4222 = DIRECTION('',(0.,0.,1.));
#4223 = ORIENTED_EDGE('',*,*,#233,.F.);
#4224 = ORIENTED_EDGE('',*,*,#4225,.F.);
#4225 = EDGE_CURVE('',#594,#226,#4226,.T.);
#4226 = LINE('',#4227,#4228);
#4227 = CARTESIAN_POINT('',(-4.041990280151,-22.31332206726,
    4.199999809265));
#4228 = VECTOR('',#4229,1.);
#4229 = DIRECTION('',(0.,0.,1.));
#4230 = PLANE('',#4231);
#4231 = AXIS2_PLACEMENT_3D('',#4232,#4233,#4234);
#4232 = CARTESIAN_POINT('',(-4.145995140076,-21.65666103363,
    6.449999809265));
#4233 = DIRECTION('',(0.987688347653,0.156434420478,0.));
#4234 = DIRECTION('',(-0.156434420478,0.987688347653,0.));
#4235 = ADVANCED_FACE('',(#4236),#4252,.T.);
#4236 = FACE_BOUND('',#4237,.T.);
#4237 = EDGE_LOOP('',(#4238,#4239,#4245,#4246));
#4238 = ORIENTED_EDGE('',*,*,#1812,.F.);
#4239 = ORIENTED_EDGE('',*,*,#4240,.T.);
#4240 = EDGE_CURVE('',#1805,#1414,#4241,.T.);
#4241 = LINE('',#4242,#4243);
#4242 = CARTESIAN_POINT('',(-4.041990280151,-22.31332206726,
    -4.199999809265));
#4243 = VECTOR('',#4244,1.);
#4244 = DIRECTION('',(0.,0.,-1.));
#4245 = ORIENTED_EDGE('',*,*,#1413,.F.);
#4246 = ORIENTED_EDGE('',*,*,#4247,.F.);
#4247 = EDGE_CURVE('',#1813,#1406,#4248,.T.);
#4248 = LINE('',#4249,#4250);
#4249 = CARTESIAN_POINT('',(-4.25,-21.,-4.199999809265));
#4250 = VECTOR('',#4251,1.);
#4251 = DIRECTION('',(0.,0.,-1.));
#4252 = PLANE('',#4253);
#4253 = AXIS2_PLACEMENT_3D('',#4254,#4255,#4256);
#4254 = CARTESIAN_POINT('',(-4.145995140076,-21.65666103363,
    -6.449999809265));
#4255 = DIRECTION('',(0.987688347653,0.156434420478,0.));
#4256 = DIRECTION('',(-0.156434420478,0.987688347653,0.));
#4257 = ADVANCED_FACE('',(#4258),#4269,.T.);
#4258 = FACE_BOUND('',#4259,.T.);
#4259 = EDGE_LOOP('',(#4260,#4261,#4262,#4263));
#4260 = ORIENTED_EDGE('',*,*,#601,.F.);
#4261 = ORIENTED_EDGE('',*,*,#4225,.T.);
#4262 = ORIENTED_EDGE('',*,*,#225,.F.);
#4263 = ORIENTED_EDGE('',*,*,#4264,.F.);
#4264 = EDGE_CURVE('',#602,#218,#4265,.T.);
#4265 = LINE('',#4266,#4267);
#4266 = CARTESIAN_POINT('',(-3.438322305679,-23.49808692932,
    4.199999809265));
#4267 = VECTOR('',#4268,1.);
#4268 = DIRECTION('',(0.,0.,1.));
#4269 = PLANE('',#4270);
#4270 = AXIS2_PLACEMENT_3D('',#4271,#4272,#4273);
#4271 = CARTESIAN_POINT('',(-3.740156292915,-22.90570449829,
    6.449999809265));
#4272 = DIRECTION('',(0.891006485984,0.45399057472,0.));
#4273 = DIRECTION('',(-0.45399057472,0.891006485984,0.));
#4274 = ADVANCED_FACE('',(#4275),#4286,.T.);
#4275 = FACE_BOUND('',#4276,.T.);
#4276 = EDGE_LOOP('',(#4277,#4278,#4284,#4285));
#4277 = ORIENTED_EDGE('',*,*,#1804,.F.);
#4278 = ORIENTED_EDGE('',*,*,#4279,.T.);
#4279 = EDGE_CURVE('',#1797,#1422,#4280,.T.);
#4280 = LINE('',#4281,#4282);
#4281 = CARTESIAN_POINT('',(-3.438322305679,-23.49808692932,
    -4.199999809265));
#4282 = VECTOR('',#4283,1.);
#4283 = DIRECTION('',(0.,0.,-1.));
#4284 = ORIENTED_EDGE('',*,*,#1421,.F.);
#4285 = ORIENTED_EDGE('',*,*,#4240,.F.);
#4286 = PLANE('',#4287);
#4287 = AXIS2_PLACEMENT_3D('',#4288,#4289,#4290);
#4288 = CARTESIAN_POINT('',(-3.740156292915,-22.90570449829,
    -6.449999809265));
#4289 = DIRECTION('',(0.891006485984,0.45399057472,0.));
#4290 = DIRECTION('',(-0.45399057472,0.891006485984,0.));
#4291 = ADVANCED_FACE('',(#4292),#4303,.T.);
#4292 = FACE_BOUND('',#4293,.T.);
#4293 = EDGE_LOOP('',(#4294,#4295,#4296,#4297));
#4294 = ORIENTED_EDGE('',*,*,#609,.F.);
#4295 = ORIENTED_EDGE('',*,*,#4264,.T.);
#4296 = ORIENTED_EDGE('',*,*,#217,.F.);
#4297 = ORIENTED_EDGE('',*,*,#4298,.F.);
#4298 = EDGE_CURVE('',#456,#210,#4299,.T.);
#4299 = LINE('',#4300,#4301);
#4300 = CARTESIAN_POINT('',(-2.498087406158,-24.43832206726,
    4.199999809265));
#4301 = VECTOR('',#4302,1.);
#4302 = DIRECTION('',(0.,0.,1.));
#4303 = PLANE('',#4304);
#4304 = AXIS2_PLACEMENT_3D('',#4305,#4306,#4307);
#4305 = CARTESIAN_POINT('',(-2.968204855919,-23.96820449829,
    6.449999809265));
#4306 = DIRECTION('',(0.707106870838,0.707106691535,0.));
#4307 = DIRECTION('',(-0.707106691535,0.707106870838,0.));
#4308 = ADVANCED_FACE('',(#4309),#4320,.T.);
#4309 = FACE_BOUND('',#4310,.T.);
#4310 = EDGE_LOOP('',(#4311,#4312,#4318,#4319));
#4311 = ORIENTED_EDGE('',*,*,#1796,.F.);
#4312 = ORIENTED_EDGE('',*,*,#4313,.T.);
#4313 = EDGE_CURVE('',#1789,#1430,#4314,.T.);
#4314 = LINE('',#4315,#4316);
#4315 = CARTESIAN_POINT('',(-2.498087406158,-24.43832206726,
    -4.199999809265));
#4316 = VECTOR('',#4317,1.);
#4317 = DIRECTION('',(0.,0.,-1.));
#4318 = ORIENTED_EDGE('',*,*,#1429,.F.);
#4319 = ORIENTED_EDGE('',*,*,#4279,.F.);
#4320 = PLANE('',#4321);
#4321 = AXIS2_PLACEMENT_3D('',#4322,#4323,#4324);
#4322 = CARTESIAN_POINT('',(-2.968204855919,-23.96820449829,
    -6.449999809265));
#4323 = DIRECTION('',(0.707106870838,0.707106691535,0.));
#4324 = DIRECTION('',(-0.707106691535,0.707106870838,0.));
#4325 = ADVANCED_FACE('',(#4326),#4337,.T.);
#4326 = FACE_BOUND('',#4327,.T.);
#4327 = EDGE_LOOP('',(#4328,#4329,#4330,#4331));
#4328 = ORIENTED_EDGE('',*,*,#455,.F.);
#4329 = ORIENTED_EDGE('',*,*,#4298,.T.);
#4330 = ORIENTED_EDGE('',*,*,#209,.F.);
#4331 = ORIENTED_EDGE('',*,*,#4332,.F.);
#4332 = EDGE_CURVE('',#458,#202,#4333,.T.);
#4333 = LINE('',#4334,#4335);
#4334 = CARTESIAN_POINT('',(-1.31332218647,-25.04199028015,
    4.199999809265));
#4335 = VECTOR('',#4336,1.);
#4336 = DIRECTION('',(0.,0.,1.));
#4337 = PLANE('',#4338);
#4338 = AXIS2_PLACEMENT_3D('',#4339,#4340,#4341);
#4339 = CARTESIAN_POINT('',(-1.905704796314,-24.7401561737,
    6.449999809265));
#4340 = DIRECTION('',(0.453990608273,0.891006468888,0.));
#4341 = DIRECTION('',(0.891006468888,-0.453990608273,0.));
#4342 = ADVANCED_FACE('',(#4343),#4354,.T.);
#4343 = FACE_BOUND('',#4344,.T.);
#4344 = EDGE_LOOP('',(#4345,#4346,#4352,#4353));
#4345 = ORIENTED_EDGE('',*,*,#1788,.F.);
#4346 = ORIENTED_EDGE('',*,*,#4347,.T.);
#4347 = EDGE_CURVE('',#1781,#1438,#4348,.T.);
#4348 = LINE('',#4349,#4350);
#4349 = CARTESIAN_POINT('',(-1.31332218647,-25.04199028015,
    -4.199999809265));
#4350 = VECTOR('',#4351,1.);
#4351 = DIRECTION('',(0.,0.,-1.));
#4352 = ORIENTED_EDGE('',*,*,#1437,.F.);
#4353 = ORIENTED_EDGE('',*,*,#4313,.F.);
#4354 = PLANE('',#4355);
#4355 = AXIS2_PLACEMENT_3D('',#4356,#4357,#4358);
#4356 = CARTESIAN_POINT('',(-1.905704796314,-24.7401561737,
    -6.449999809265));
#4357 = DIRECTION('',(0.453990608273,0.891006468888,0.));
#4358 = DIRECTION('',(0.891006468888,-0.453990608273,0.));
#4359 = ADVANCED_FACE('',(#4360),#4371,.T.);
#4360 = FACE_BOUND('',#4361,.T.);
#4361 = EDGE_LOOP('',(#4362,#4363,#4364,#4365));
#4362 = ORIENTED_EDGE('',*,*,#465,.F.);
#4363 = ORIENTED_EDGE('',*,*,#4332,.T.);
#4364 = ORIENTED_EDGE('',*,*,#201,.F.);
#4365 = ORIENTED_EDGE('',*,*,#4366,.F.);
#4366 = EDGE_CURVE('',#466,#194,#4367,.T.);
#4367 = LINE('',#4368,#4369);
#4368 = CARTESIAN_POINT('',(0.,-25.25,4.199999809265));
#4369 = VECTOR('',#4370,1.);
#4370 = DIRECTION('',(0.,0.,1.));
#4371 = PLANE('',#4372);
#4372 = AXIS2_PLACEMENT_3D('',#4373,#4374,#4375);
#4373 = CARTESIAN_POINT('',(-0.656661093235,-25.14599514007,
    6.449999809265));
#4374 = DIRECTION('',(0.156434406626,0.987688349847,0.));
#4375 = DIRECTION('',(0.987688349847,-0.156434406626,0.));
#4376 = ADVANCED_FACE('',(#4377),#4388,.T.);
#4377 = FACE_BOUND('',#4378,.T.);
#4378 = EDGE_LOOP('',(#4379,#4380,#4386,#4387));
#4379 = ORIENTED_EDGE('',*,*,#1780,.F.);
#4380 = ORIENTED_EDGE('',*,*,#4381,.T.);
#4381 = EDGE_CURVE('',#1773,#1446,#4382,.T.);
#4382 = LINE('',#4383,#4384);
#4383 = CARTESIAN_POINT('',(0.,-25.25,-4.199999809265));
#4384 = VECTOR('',#4385,1.);
#4385 = DIRECTION('',(0.,0.,-1.));
#4386 = ORIENTED_EDGE('',*,*,#1445,.F.);
#4387 = ORIENTED_EDGE('',*,*,#4347,.F.);
#4388 = PLANE('',#4389);
#4389 = AXIS2_PLACEMENT_3D('',#4390,#4391,#4392);
#4390 = CARTESIAN_POINT('',(-0.656661093235,-25.14599514007,
    -6.449999809265));
#4391 = DIRECTION('',(0.156434406626,0.987688349847,0.));
#4392 = DIRECTION('',(0.987688349847,-0.156434406626,0.));
#4393 = ADVANCED_FACE('',(#4394),#4405,.T.);
#4394 = FACE_BOUND('',#4395,.T.);
#4395 = EDGE_LOOP('',(#4396,#4397,#4398,#4399));
#4396 = ORIENTED_EDGE('',*,*,#473,.F.);
#4397 = ORIENTED_EDGE('',*,*,#4366,.T.);
#4398 = ORIENTED_EDGE('',*,*,#193,.F.);
#4399 = ORIENTED_EDGE('',*,*,#4400,.F.);
#4400 = EDGE_CURVE('',#474,#186,#4401,.T.);
#4401 = LINE('',#4402,#4403);
#4402 = CARTESIAN_POINT('',(1.31332218647,-25.04199028015,4.199999809265
    ));
#4403 = VECTOR('',#4404,1.);
#4404 = DIRECTION('',(0.,0.,1.));
#4405 = PLANE('',#4406);
#4406 = AXIS2_PLACEMENT_3D('',#4407,#4408,#4409);
#4407 = CARTESIAN_POINT('',(0.656661093235,-25.14599514007,
    6.449999809265));
#4408 = DIRECTION('',(-0.156434406626,0.987688349847,0.));
#4409 = DIRECTION('',(0.987688349847,0.156434406626,0.));
#4410 = ADVANCED_FACE('',(#4411),#4422,.T.);
#4411 = FACE_BOUND('',#4412,.T.);
#4412 = EDGE_LOOP('',(#4413,#4414,#4420,#4421));
#4413 = ORIENTED_EDGE('',*,*,#1772,.F.);
#4414 = ORIENTED_EDGE('',*,*,#4415,.T.);
#4415 = EDGE_CURVE('',#1765,#1454,#4416,.T.);
#4416 = LINE('',#4417,#4418);
#4417 = CARTESIAN_POINT('',(1.31332218647,-25.04199028015,
    -4.199999809265));
#4418 = VECTOR('',#4419,1.);
#4419 = DIRECTION('',(0.,0.,-1.));
#4420 = ORIENTED_EDGE('',*,*,#1453,.F.);
#4421 = ORIENTED_EDGE('',*,*,#4381,.F.);
#4422 = PLANE('',#4423);
#4423 = AXIS2_PLACEMENT_3D('',#4424,#4425,#4426);
#4424 = CARTESIAN_POINT('',(0.656661093235,-25.14599514007,
    -6.449999809265));
#4425 = DIRECTION('',(-0.156434406626,0.987688349847,0.));
#4426 = DIRECTION('',(0.987688349847,0.156434406626,0.));
#4427 = ADVANCED_FACE('',(#4428),#4439,.T.);
#4428 = FACE_BOUND('',#4429,.T.);
#4429 = EDGE_LOOP('',(#4430,#4431,#4432,#4433));
#4430 = ORIENTED_EDGE('',*,*,#481,.F.);
#4431 = ORIENTED_EDGE('',*,*,#4400,.T.);
#4432 = ORIENTED_EDGE('',*,*,#185,.F.);
#4433 = ORIENTED_EDGE('',*,*,#4434,.F.);
#4434 = EDGE_CURVE('',#482,#178,#4435,.T.);
#4435 = LINE('',#4436,#4437);
#4436 = CARTESIAN_POINT('',(2.498087406158,-24.43832206726,
    4.199999809265));
#4437 = VECTOR('',#4438,1.);
#4438 = DIRECTION('',(0.,0.,1.));
#4439 = PLANE('',#4440);
#4440 = AXIS2_PLACEMENT_3D('',#4441,#4442,#4443);
#4441 = CARTESIAN_POINT('',(1.905704796314,-24.7401561737,6.449999809265
    ));
#4442 = DIRECTION('',(-0.453990608273,0.891006468888,0.));
#4443 = DIRECTION('',(0.891006468888,0.453990608273,0.));
#4444 = ADVANCED_FACE('',(#4445),#4456,.T.);
#4445 = FACE_BOUND('',#4446,.T.);
#4446 = EDGE_LOOP('',(#4447,#4448,#4454,#4455));
#4447 = ORIENTED_EDGE('',*,*,#1764,.F.);
#4448 = ORIENTED_EDGE('',*,*,#4449,.T.);
#4449 = EDGE_CURVE('',#1757,#1462,#4450,.T.);
#4450 = LINE('',#4451,#4452);
#4451 = CARTESIAN_POINT('',(2.498087406158,-24.43832206726,
    -4.199999809265));
#4452 = VECTOR('',#4453,1.);
#4453 = DIRECTION('',(0.,0.,-1.));
#4454 = ORIENTED_EDGE('',*,*,#1461,.F.);
#4455 = ORIENTED_EDGE('',*,*,#4415,.F.);
#4456 = PLANE('',#4457);
#4457 = AXIS2_PLACEMENT_3D('',#4458,#4459,#4460);
#4458 = CARTESIAN_POINT('',(1.905704796314,-24.7401561737,
    -6.449999809265));
#4459 = DIRECTION('',(-0.453990608273,0.891006468888,0.));
#4460 = DIRECTION('',(0.891006468888,0.453990608273,0.));
#4461 = ADVANCED_FACE('',(#4462),#4473,.T.);
#4462 = FACE_BOUND('',#4463,.T.);
#4463 = EDGE_LOOP('',(#4464,#4465,#4466,#4467));
#4464 = ORIENTED_EDGE('',*,*,#489,.F.);
#4465 = ORIENTED_EDGE('',*,*,#4434,.T.);
#4466 = ORIENTED_EDGE('',*,*,#177,.F.);
#4467 = ORIENTED_EDGE('',*,*,#4468,.F.);
#4468 = EDGE_CURVE('',#490,#170,#4469,.T.);
#4469 = LINE('',#4470,#4471);
#4470 = CARTESIAN_POINT('',(3.438322305679,-23.49808692932,
    4.199999809265));
#4471 = VECTOR('',#4472,1.);
#4472 = DIRECTION('',(0.,0.,1.));
#4473 = PLANE('',#4474);
#4474 = AXIS2_PLACEMENT_3D('',#4475,#4476,#4477);
#4475 = CARTESIAN_POINT('',(2.968204855919,-23.96820449829,
    6.449999809265));
#4476 = DIRECTION('',(-0.707106870838,0.707106691535,-0.));
#4477 = DIRECTION('',(-0.707106691535,-0.707106870838,0.));
#4478 = ADVANCED_FACE('',(#4479),#4490,.T.);
#4479 = FACE_BOUND('',#4480,.T.);
#4480 = EDGE_LOOP('',(#4481,#4482,#4488,#4489));
#4481 = ORIENTED_EDGE('',*,*,#1756,.F.);
#4482 = ORIENTED_EDGE('',*,*,#4483,.T.);
#4483 = EDGE_CURVE('',#1749,#1470,#4484,.T.);
#4484 = LINE('',#4485,#4486);
#4485 = CARTESIAN_POINT('',(3.438322305679,-23.49808692932,
    -4.199999809265));
#4486 = VECTOR('',#4487,1.);
#4487 = DIRECTION('',(0.,0.,-1.));
#4488 = ORIENTED_EDGE('',*,*,#1469,.F.);
#4489 = ORIENTED_EDGE('',*,*,#4449,.F.);
#4490 = PLANE('',#4491);
#4491 = AXIS2_PLACEMENT_3D('',#4492,#4493,#4494);
#4492 = CARTESIAN_POINT('',(2.968204855919,-23.96820449829,
    -6.449999809265));
#4493 = DIRECTION('',(-0.707106870838,0.707106691535,-0.));
#4494 = DIRECTION('',(-0.707106691535,-0.707106870838,0.));
#4495 = ADVANCED_FACE('',(#4496),#4507,.T.);
#4496 = FACE_BOUND('',#4497,.T.);
#4497 = EDGE_LOOP('',(#4498,#4499,#4500,#4501));
#4498 = ORIENTED_EDGE('',*,*,#497,.F.);
#4499 = ORIENTED_EDGE('',*,*,#4468,.T.);
#4500 = ORIENTED_EDGE('',*,*,#169,.F.);
#4501 = ORIENTED_EDGE('',*,*,#4502,.F.);
#4502 = EDGE_CURVE('',#498,#162,#4503,.T.);
#4503 = LINE('',#4504,#4505);
#4504 = CARTESIAN_POINT('',(4.041990280151,-22.31332206726,
    4.199999809265));
#4505 = VECTOR('',#4506,1.);
#4506 = DIRECTION('',(0.,0.,1.));
#4507 = PLANE('',#4508);
#4508 = AXIS2_PLACEMENT_3D('',#4509,#4510,#4511);
#4509 = CARTESIAN_POINT('',(3.740156292915,-22.90570449829,
    6.449999809265));
#4510 = DIRECTION('',(-0.891006485984,0.45399057472,-0.));
#4511 = DIRECTION('',(-0.45399057472,-0.891006485984,0.));
#4512 = ADVANCED_FACE('',(#4513),#4524,.T.);
#4513 = FACE_BOUND('',#4514,.T.);
#4514 = EDGE_LOOP('',(#4515,#4516,#4522,#4523));
#4515 = ORIENTED_EDGE('',*,*,#1748,.F.);
#4516 = ORIENTED_EDGE('',*,*,#4517,.T.);
#4517 = EDGE_CURVE('',#1741,#1478,#4518,.T.);
#4518 = LINE('',#4519,#4520);
#4519 = CARTESIAN_POINT('',(4.041990280151,-22.31332206726,
    -4.199999809265));
#4520 = VECTOR('',#4521,1.);
#4521 = DIRECTION('',(0.,0.,-1.));
#4522 = ORIENTED_EDGE('',*,*,#1477,.F.);
#4523 = ORIENTED_EDGE('',*,*,#4483,.F.);
#4524 = PLANE('',#4525);
#4525 = AXIS2_PLACEMENT_3D('',#4526,#4527,#4528);
#4526 = CARTESIAN_POINT('',(3.740156292915,-22.90570449829,
    -6.449999809265));
#4527 = DIRECTION('',(-0.891006485984,0.45399057472,-0.));
#4528 = DIRECTION('',(-0.45399057472,-0.891006485984,0.));
#4529 = ADVANCED_FACE('',(#4530),#4541,.T.);
#4530 = FACE_BOUND('',#4531,.T.);
#4531 = EDGE_LOOP('',(#4532,#4533,#4534,#4535));
#4532 = ORIENTED_EDGE('',*,*,#505,.F.);
#4533 = ORIENTED_EDGE('',*,*,#4502,.T.);
#4534 = ORIENTED_EDGE('',*,*,#161,.F.);
#4535 = ORIENTED_EDGE('',*,*,#4536,.F.);
#4536 = EDGE_CURVE('',#506,#154,#4537,.T.);
#4537 = LINE('',#4538,#4539);
#4538 = CARTESIAN_POINT('',(4.25,-21.,4.199999809265));
#4539 = VECTOR('',#4540,1.);
#4540 = DIRECTION('',(0.,0.,1.));
#4541 = PLANE('',#4542);
#4542 = AXIS2_PLACEMENT_3D('',#4543,#4544,#4545);
#4543 = CARTESIAN_POINT('',(4.145995140076,-21.65666103363,
    6.449999809265));
#4544 = DIRECTION('',(-0.987688347653,0.156434420478,-0.));
#4545 = DIRECTION('',(-0.156434420478,-0.987688347653,0.));
#4546 = ADVANCED_FACE('',(#4547),#4558,.T.);
#4547 = FACE_BOUND('',#4548,.T.);
#4548 = EDGE_LOOP('',(#4549,#4550,#4556,#4557));
#4549 = ORIENTED_EDGE('',*,*,#1740,.F.);
#4550 = ORIENTED_EDGE('',*,*,#4551,.T.);
#4551 = EDGE_CURVE('',#1733,#1486,#4552,.T.);
#4552 = LINE('',#4553,#4554);
#4553 = CARTESIAN_POINT('',(4.25,-21.,-4.199999809265));
#4554 = VECTOR('',#4555,1.);
#4555 = DIRECTION('',(0.,0.,-1.));
#4556 = ORIENTED_EDGE('',*,*,#1485,.F.);
#4557 = ORIENTED_EDGE('',*,*,#4517,.F.);
#4558 = PLANE('',#4559);
#4559 = AXIS2_PLACEMENT_3D('',#4560,#4561,#4562);
#4560 = CARTESIAN_POINT('',(4.145995140076,-21.65666103363,
    -6.449999809265));
#4561 = DIRECTION('',(-0.987688347653,0.156434420478,-0.));
#4562 = DIRECTION('',(-0.156434420478,-0.987688347653,0.));
#4563 = ADVANCED_FACE('',(#4564),#4575,.T.);
#4564 = FACE_BOUND('',#4565,.T.);
#4565 = EDGE_LOOP('',(#4566,#4567,#4568,#4569));
#4566 = ORIENTED_EDGE('',*,*,#513,.F.);
#4567 = ORIENTED_EDGE('',*,*,#4536,.T.);
#4568 = ORIENTED_EDGE('',*,*,#153,.F.);
#4569 = ORIENTED_EDGE('',*,*,#4570,.F.);
#4570 = EDGE_CURVE('',#514,#146,#4571,.T.);
#4571 = LINE('',#4572,#4573);
#4572 = CARTESIAN_POINT('',(4.041990280151,-19.68667793273,
    4.199999809265));
#4573 = VECTOR('',#4574,1.);
#4574 = DIRECTION('',(0.,0.,1.));
#4575 = PLANE('',#4576);
#4576 = AXIS2_PLACEMENT_3D('',#4577,#4578,#4579);
#4577 = CARTESIAN_POINT('',(4.145995140076,-20.34333896637,
    6.449999809265));
#4578 = DIRECTION('',(-0.987688347653,-0.156434420478,-0.));
#4579 = DIRECTION('',(0.156434420478,-0.987688347653,0.));
#4580 = ADVANCED_FACE('',(#4581),#4592,.T.);
#4581 = FACE_BOUND('',#4582,.T.);
#4582 = EDGE_LOOP('',(#4583,#4584,#4590,#4591));
#4583 = ORIENTED_EDGE('',*,*,#1732,.F.);
#4584 = ORIENTED_EDGE('',*,*,#4585,.T.);
#4585 = EDGE_CURVE('',#1725,#1494,#4586,.T.);
#4586 = LINE('',#4587,#4588);
#4587 = CARTESIAN_POINT('',(4.041990280151,-19.68667793273,
    -4.199999809265));
#4588 = VECTOR('',#4589,1.);
#4589 = DIRECTION('',(0.,0.,-1.));
#4590 = ORIENTED_EDGE('',*,*,#1493,.F.);
#4591 = ORIENTED_EDGE('',*,*,#4551,.F.);
#4592 = PLANE('',#4593);
#4593 = AXIS2_PLACEMENT_3D('',#4594,#4595,#4596);
#4594 = CARTESIAN_POINT('',(4.145995140076,-20.34333896637,
    -6.449999809265));
#4595 = DIRECTION('',(-0.987688347653,-0.156434420478,-0.));
#4596 = DIRECTION('',(0.156434420478,-0.987688347653,0.));
#4597 = ADVANCED_FACE('',(#4598),#4609,.T.);
#4598 = FACE_BOUND('',#4599,.T.);
#4599 = EDGE_LOOP('',(#4600,#4601,#4602,#4603));
#4600 = ORIENTED_EDGE('',*,*,#521,.F.);
#4601 = ORIENTED_EDGE('',*,*,#4570,.T.);
#4602 = ORIENTED_EDGE('',*,*,#143,.F.);
#4603 = ORIENTED_EDGE('',*,*,#4604,.F.);
#4604 = EDGE_CURVE('',#522,#144,#4605,.T.);
#4605 = LINE('',#4606,#4607);
#4606 = CARTESIAN_POINT('',(3.438322305679,-18.50191307067,
    4.199999809265));
#4607 = VECTOR('',#4608,1.);
#4608 = DIRECTION('',(0.,0.,1.));
#4609 = PLANE('',#4610);
#4610 = AXIS2_PLACEMENT_3D('',#4611,#4612,#4613);
#4611 = CARTESIAN_POINT('',(3.740156292915,-19.0942955017,6.449999809265
    ));
#4612 = DIRECTION('',(-0.891006485984,-0.45399057472,-0.));
#4613 = DIRECTION('',(0.45399057472,-0.891006485984,0.));
#4614 = ADVANCED_FACE('',(#4615),#4626,.T.);
#4615 = FACE_BOUND('',#4616,.T.);
#4616 = EDGE_LOOP('',(#4617,#4618,#4624,#4625));
#4617 = ORIENTED_EDGE('',*,*,#1724,.F.);
#4618 = ORIENTED_EDGE('',*,*,#4619,.T.);
#4619 = EDGE_CURVE('',#1717,#1502,#4620,.T.);
#4620 = LINE('',#4621,#4622);
#4621 = CARTESIAN_POINT('',(3.438322305679,-18.50191307067,
    -4.199999809265));
#4622 = VECTOR('',#4623,1.);
#4623 = DIRECTION('',(0.,0.,-1.));
#4624 = ORIENTED_EDGE('',*,*,#1501,.F.);
#4625 = ORIENTED_EDGE('',*,*,#4585,.F.);
#4626 = PLANE('',#4627);
#4627 = AXIS2_PLACEMENT_3D('',#4628,#4629,#4630);
#4628 = CARTESIAN_POINT('',(3.740156292915,-19.0942955017,
    -6.449999809265));
#4629 = DIRECTION('',(-0.891006485984,-0.45399057472,-0.));
#4630 = DIRECTION('',(0.45399057472,-0.891006485984,0.));
#4631 = ADVANCED_FACE('',(#4632),#4643,.T.);
#4632 = FACE_BOUND('',#4633,.T.);
#4633 = EDGE_LOOP('',(#4634,#4635,#4636,#4637));
#4634 = ORIENTED_EDGE('',*,*,#529,.F.);
#4635 = ORIENTED_EDGE('',*,*,#4604,.T.);
#4636 = ORIENTED_EDGE('',*,*,#297,.F.);
#4637 = ORIENTED_EDGE('',*,*,#4638,.F.);
#4638 = EDGE_CURVE('',#530,#290,#4639,.T.);
#4639 = LINE('',#4640,#4641);
#4640 = CARTESIAN_POINT('',(2.498087406158,-17.56167793273,
    4.199999809265));
#4641 = VECTOR('',#4642,1.);
#4642 = DIRECTION('',(0.,0.,1.));
#4643 = PLANE('',#4644);
#4644 = AXIS2_PLACEMENT_3D('',#4645,#4646,#4647);
#4645 = CARTESIAN_POINT('',(2.968204855919,-18.0317955017,6.449999809265
    ));
#4646 = DIRECTION('',(-0.707106870838,-0.707106691535,-0.));
#4647 = DIRECTION('',(0.707106691535,-0.707106870838,0.));
#4648 = ADVANCED_FACE('',(#4649),#4660,.T.);
#4649 = FACE_BOUND('',#4650,.T.);
#4650 = EDGE_LOOP('',(#4651,#4652,#4658,#4659));
#4651 = ORIENTED_EDGE('',*,*,#1716,.F.);
#4652 = ORIENTED_EDGE('',*,*,#4653,.T.);
#4653 = EDGE_CURVE('',#1709,#1510,#4654,.T.);
#4654 = LINE('',#4655,#4656);
#4655 = CARTESIAN_POINT('',(2.498087406158,-17.56167793273,
    -4.199999809265));
#4656 = VECTOR('',#4657,1.);
#4657 = DIRECTION('',(0.,0.,-1.));
#4658 = ORIENTED_EDGE('',*,*,#1509,.F.);
#4659 = ORIENTED_EDGE('',*,*,#4619,.F.);
#4660 = PLANE('',#4661);
#4661 = AXIS2_PLACEMENT_3D('',#4662,#4663,#4664);
#4662 = CARTESIAN_POINT('',(2.968204855919,-18.0317955017,
    -6.449999809265));
#4663 = DIRECTION('',(-0.707106870838,-0.707106691535,-0.));
#4664 = DIRECTION('',(0.707106691535,-0.707106870838,0.));
#4665 = ADVANCED_FACE('',(#4666),#4677,.T.);
#4666 = FACE_BOUND('',#4667,.T.);
#4667 = EDGE_LOOP('',(#4668,#4669,#4670,#4671));
#4668 = ORIENTED_EDGE('',*,*,#537,.F.);
#4669 = ORIENTED_EDGE('',*,*,#4638,.T.);
#4670 = ORIENTED_EDGE('',*,*,#289,.F.);
#4671 = ORIENTED_EDGE('',*,*,#4672,.F.);
#4672 = EDGE_CURVE('',#538,#282,#4673,.T.);
#4673 = LINE('',#4674,#4675);
#4674 = CARTESIAN_POINT('',(1.31332218647,-16.95800971984,4.199999809265
    ));
#4675 = VECTOR('',#4676,1.);
#4676 = DIRECTION('',(0.,0.,1.));
#4677 = PLANE('',#4678);
#4678 = AXIS2_PLACEMENT_3D('',#4679,#4680,#4681);
#4679 = CARTESIAN_POINT('',(1.905704796314,-17.25984382629,
    6.449999809265));
#4680 = DIRECTION('',(-0.453990608273,-0.891006468888,-0.));
#4681 = DIRECTION('',(-0.891006468888,0.453990608273,0.));
#4682 = ADVANCED_FACE('',(#4683),#4694,.T.);
#4683 = FACE_BOUND('',#4684,.T.);
#4684 = EDGE_LOOP('',(#4685,#4686,#4692,#4693));
#4685 = ORIENTED_EDGE('',*,*,#1708,.F.);
#4686 = ORIENTED_EDGE('',*,*,#4687,.T.);
#4687 = EDGE_CURVE('',#1701,#1518,#4688,.T.);
#4688 = LINE('',#4689,#4690);
#4689 = CARTESIAN_POINT('',(1.31332218647,-16.95800971984,
    -4.199999809265));
#4690 = VECTOR('',#4691,1.);
#4691 = DIRECTION('',(0.,0.,-1.));
#4692 = ORIENTED_EDGE('',*,*,#1517,.F.);
#4693 = ORIENTED_EDGE('',*,*,#4653,.F.);
#4694 = PLANE('',#4695);
#4695 = AXIS2_PLACEMENT_3D('',#4696,#4697,#4698);
#4696 = CARTESIAN_POINT('',(1.905704796314,-17.25984382629,
    -6.449999809265));
#4697 = DIRECTION('',(-0.453990608273,-0.891006468888,-0.));
#4698 = DIRECTION('',(-0.891006468888,0.453990608273,0.));
#4699 = ADVANCED_FACE('',(#4700),#4711,.T.);
#4700 = FACE_BOUND('',#4701,.T.);
#4701 = EDGE_LOOP('',(#4702,#4703,#4704,#4705));
#4702 = ORIENTED_EDGE('',*,*,#545,.F.);
#4703 = ORIENTED_EDGE('',*,*,#4672,.T.);
#4704 = ORIENTED_EDGE('',*,*,#281,.F.);
#4705 = ORIENTED_EDGE('',*,*,#4706,.F.);
#4706 = EDGE_CURVE('',#546,#274,#4707,.T.);
#4707 = LINE('',#4708,#4709);
#4708 = CARTESIAN_POINT('',(0.,-16.75,4.199999809265));
#4709 = VECTOR('',#4710,1.);
#4710 = DIRECTION('',(0.,0.,1.));
#4711 = PLANE('',#4712);
#4712 = AXIS2_PLACEMENT_3D('',#4713,#4714,#4715);
#4713 = CARTESIAN_POINT('',(0.656661093235,-16.85400485992,
    6.449999809265));
#4714 = DIRECTION('',(-0.156434406626,-0.987688349847,-0.));
#4715 = DIRECTION('',(-0.987688349847,0.156434406626,0.));
#4716 = ADVANCED_FACE('',(#4717),#4728,.T.);
#4717 = FACE_BOUND('',#4718,.T.);
#4718 = EDGE_LOOP('',(#4719,#4720,#4726,#4727));
#4719 = ORIENTED_EDGE('',*,*,#1698,.F.);
#4720 = ORIENTED_EDGE('',*,*,#4721,.T.);
#4721 = EDGE_CURVE('',#1699,#1526,#4722,.T.);
#4722 = LINE('',#4723,#4724);
#4723 = CARTESIAN_POINT('',(0.,-16.75,-4.199999809265));
#4724 = VECTOR('',#4725,1.);
#4725 = DIRECTION('',(0.,0.,-1.));
#4726 = ORIENTED_EDGE('',*,*,#1525,.F.);
#4727 = ORIENTED_EDGE('',*,*,#4687,.F.);
#4728 = PLANE('',#4729);
#4729 = AXIS2_PLACEMENT_3D('',#4730,#4731,#4732);
#4730 = CARTESIAN_POINT('',(0.656661093235,-16.85400485992,
    -6.449999809265));
#4731 = DIRECTION('',(-0.156434406626,-0.987688349847,-0.));
#4732 = DIRECTION('',(-0.987688349847,0.156434406626,0.));
#4733 = ADVANCED_FACE('',(#4734),#4745,.T.);
#4734 = FACE_BOUND('',#4735,.T.);
#4735 = EDGE_LOOP('',(#4736,#4737,#4738,#4739));
#4736 = ORIENTED_EDGE('',*,*,#553,.F.);
#4737 = ORIENTED_EDGE('',*,*,#4706,.T.);
#4738 = ORIENTED_EDGE('',*,*,#273,.F.);
#4739 = ORIENTED_EDGE('',*,*,#4740,.F.);
#4740 = EDGE_CURVE('',#554,#266,#4741,.T.);
#4741 = LINE('',#4742,#4743);
#4742 = CARTESIAN_POINT('',(-1.31332218647,-16.95800971984,
    4.199999809265));
#4743 = VECTOR('',#4744,1.);
#4744 = DIRECTION('',(0.,0.,1.));
#4745 = PLANE('',#4746);
#4746 = AXIS2_PLACEMENT_3D('',#4747,#4748,#4749);
#4747 = CARTESIAN_POINT('',(-0.656661093235,-16.85400485992,
    6.449999809265));
#4748 = DIRECTION('',(0.156434406626,-0.987688349847,-0.));
#4749 = DIRECTION('',(-0.987688349847,-0.156434406626,0.));
#4750 = ADVANCED_FACE('',(#4751),#4762,.T.);
#4751 = FACE_BOUND('',#4752,.T.);
#4752 = EDGE_LOOP('',(#4753,#4754,#4760,#4761));
#4753 = ORIENTED_EDGE('',*,*,#1852,.F.);
#4754 = ORIENTED_EDGE('',*,*,#4755,.T.);
#4755 = EDGE_CURVE('',#1845,#1534,#4756,.T.);
#4756 = LINE('',#4757,#4758);
#4757 = CARTESIAN_POINT('',(-1.31332218647,-16.95800971984,
    -4.199999809265));
#4758 = VECTOR('',#4759,1.);
#4759 = DIRECTION('',(0.,0.,-1.));
#4760 = ORIENTED_EDGE('',*,*,#1533,.F.);
#4761 = ORIENTED_EDGE('',*,*,#4721,.F.);
#4762 = PLANE('',#4763);
#4763 = AXIS2_PLACEMENT_3D('',#4764,#4765,#4766);
#4764 = CARTESIAN_POINT('',(-0.656661093235,-16.85400485992,
    -6.449999809265));
#4765 = DIRECTION('',(0.156434406626,-0.987688349847,-0.));
#4766 = DIRECTION('',(-0.987688349847,-0.156434406626,0.));
#4767 = ADVANCED_FACE('',(#4768),#4779,.T.);
#4768 = FACE_BOUND('',#4769,.T.);
#4769 = EDGE_LOOP('',(#4770,#4771,#4772,#4773));
#4770 = ORIENTED_EDGE('',*,*,#561,.F.);
#4771 = ORIENTED_EDGE('',*,*,#4740,.T.);
#4772 = ORIENTED_EDGE('',*,*,#265,.F.);
#4773 = ORIENTED_EDGE('',*,*,#4774,.F.);
#4774 = EDGE_CURVE('',#562,#258,#4775,.T.);
#4775 = LINE('',#4776,#4777);
#4776 = CARTESIAN_POINT('',(-2.498087406158,-17.56167793273,
    4.199999809265));
#4777 = VECTOR('',#4778,1.);
#4778 = DIRECTION('',(0.,0.,1.));
#4779 = PLANE('',#4780);
#4780 = AXIS2_PLACEMENT_3D('',#4781,#4782,#4783);
#4781 = CARTESIAN_POINT('',(-1.905704796314,-17.25984382629,
    6.449999809265));
#4782 = DIRECTION('',(0.453990608273,-0.891006468888,-0.));
#4783 = DIRECTION('',(-0.891006468888,-0.453990608273,0.));
#4784 = ADVANCED_FACE('',(#4785),#4796,.T.);
#4785 = FACE_BOUND('',#4786,.T.);
#4786 = EDGE_LOOP('',(#4787,#4788,#4794,#4795));
#4787 = ORIENTED_EDGE('',*,*,#1844,.F.);
#4788 = ORIENTED_EDGE('',*,*,#4789,.T.);
#4789 = EDGE_CURVE('',#1837,#1542,#4790,.T.);
#4790 = LINE('',#4791,#4792);
#4791 = CARTESIAN_POINT('',(-2.498087406158,-17.56167793273,
    -4.199999809265));
#4792 = VECTOR('',#4793,1.);
#4793 = DIRECTION('',(0.,0.,-1.));
#4794 = ORIENTED_EDGE('',*,*,#1541,.F.);
#4795 = ORIENTED_EDGE('',*,*,#4755,.F.);
#4796 = PLANE('',#4797);
#4797 = AXIS2_PLACEMENT_3D('',#4798,#4799,#4800);
#4798 = CARTESIAN_POINT('',(-1.905704796314,-17.25984382629,
    -6.449999809265));
#4799 = DIRECTION('',(0.453990608273,-0.891006468888,-0.));
#4800 = DIRECTION('',(-0.891006468888,-0.453990608273,0.));
#4801 = ADVANCED_FACE('',(#4802),#4813,.T.);
#4802 = FACE_BOUND('',#4803,.T.);
#4803 = EDGE_LOOP('',(#4804,#4805,#4806,#4807));
#4804 = ORIENTED_EDGE('',*,*,#569,.F.);
#4805 = ORIENTED_EDGE('',*,*,#4774,.T.);
#4806 = ORIENTED_EDGE('',*,*,#257,.F.);
#4807 = ORIENTED_EDGE('',*,*,#4808,.F.);
#4808 = EDGE_CURVE('',#570,#250,#4809,.T.);
#4809 = LINE('',#4810,#4811);
#4810 = CARTESIAN_POINT('',(-3.438322305679,-18.50191307067,
    4.199999809265));
#4811 = VECTOR('',#4812,1.);
#4812 = DIRECTION('',(0.,0.,1.));
#4813 = PLANE('',#4814);
#4814 = AXIS2_PLACEMENT_3D('',#4815,#4816,#4817);
#4815 = CARTESIAN_POINT('',(-2.968204855919,-18.0317955017,
    6.449999809265));
#4816 = DIRECTION('',(0.707106870838,-0.707106691535,0.));
#4817 = DIRECTION('',(0.707106691535,0.707106870838,0.));
#4818 = ADVANCED_FACE('',(#4819),#4830,.T.);
#4819 = FACE_BOUND('',#4820,.T.);
#4820 = EDGE_LOOP('',(#4821,#4822,#4828,#4829));
#4821 = ORIENTED_EDGE('',*,*,#1836,.F.);
#4822 = ORIENTED_EDGE('',*,*,#4823,.T.);
#4823 = EDGE_CURVE('',#1829,#1396,#4824,.T.);
#4824 = LINE('',#4825,#4826);
#4825 = CARTESIAN_POINT('',(-3.438322305679,-18.50191307067,
    -4.199999809265));
#4826 = VECTOR('',#4827,1.);
#4827 = DIRECTION('',(0.,0.,-1.));
#4828 = ORIENTED_EDGE('',*,*,#1549,.F.);
#4829 = ORIENTED_EDGE('',*,*,#4789,.F.);
#4830 = PLANE('',#4831);
#4831 = AXIS2_PLACEMENT_3D('',#4832,#4833,#4834);
#4832 = CARTESIAN_POINT('',(-2.968204855919,-18.0317955017,
    -6.449999809265));
#4833 = DIRECTION('',(0.707106870838,-0.707106691535,0.));
#4834 = DIRECTION('',(0.707106691535,0.707106870838,0.));
#4835 = ADVANCED_FACE('',(#4836),#4847,.T.);
#4836 = FACE_BOUND('',#4837,.T.);
#4837 = EDGE_LOOP('',(#4838,#4839,#4840,#4841));
#4838 = ORIENTED_EDGE('',*,*,#577,.F.);
#4839 = ORIENTED_EDGE('',*,*,#4808,.T.);
#4840 = ORIENTED_EDGE('',*,*,#249,.F.);
#4841 = ORIENTED_EDGE('',*,*,#4842,.F.);
#4842 = EDGE_CURVE('',#578,#242,#4843,.T.);
#4843 = LINE('',#4844,#4845);
#4844 = CARTESIAN_POINT('',(-4.041990280151,-19.68667793273,
    4.199999809265));
#4845 = VECTOR('',#4846,1.);
#4846 = DIRECTION('',(0.,0.,1.));
#4847 = PLANE('',#4848);
#4848 = AXIS2_PLACEMENT_3D('',#4849,#4850,#4851);
#4849 = CARTESIAN_POINT('',(-3.740156292915,-19.0942955017,
    6.449999809265));
#4850 = DIRECTION('',(0.891006485984,-0.45399057472,0.));
#4851 = DIRECTION('',(0.45399057472,0.891006485984,0.));
#4852 = ADVANCED_FACE('',(#4853),#4864,.T.);
#4853 = FACE_BOUND('',#4854,.T.);
#4854 = EDGE_LOOP('',(#4855,#4856,#4862,#4863));
#4855 = ORIENTED_EDGE('',*,*,#1828,.F.);
#4856 = ORIENTED_EDGE('',*,*,#4857,.T.);
#4857 = EDGE_CURVE('',#1821,#1398,#4858,.T.);
#4858 = LINE('',#4859,#4860);
#4859 = CARTESIAN_POINT('',(-4.041990280151,-19.68667793273,
    -4.199999809265));
#4860 = VECTOR('',#4861,1.);
#4861 = DIRECTION('',(0.,0.,-1.));
#4862 = ORIENTED_EDGE('',*,*,#1395,.F.);
#4863 = ORIENTED_EDGE('',*,*,#4823,.F.);
#4864 = PLANE('',#4865);
#4865 = AXIS2_PLACEMENT_3D('',#4866,#4867,#4868);
#4866 = CARTESIAN_POINT('',(-3.740156292915,-19.0942955017,
    -6.449999809265));
#4867 = DIRECTION('',(0.891006485984,-0.45399057472,0.));
#4868 = DIRECTION('',(0.45399057472,0.891006485984,0.));
#4869 = ADVANCED_FACE('',(#4870),#4876,.T.);
#4870 = FACE_BOUND('',#4871,.T.);
#4871 = EDGE_LOOP('',(#4872,#4873,#4874,#4875));
#4872 = ORIENTED_EDGE('',*,*,#585,.F.);
#4873 = ORIENTED_EDGE('',*,*,#4842,.T.);
#4874 = ORIENTED_EDGE('',*,*,#241,.F.);
#4875 = ORIENTED_EDGE('',*,*,#4218,.F.);
#4876 = PLANE('',#4877);
#4877 = AXIS2_PLACEMENT_3D('',#4878,#4879,#4880);
#4878 = CARTESIAN_POINT('',(-4.145995140076,-20.34333896637,
    6.449999809265));
#4879 = DIRECTION('',(0.987688347653,-0.156434420478,0.));
#4880 = DIRECTION('',(0.156434420478,0.987688347653,0.));
#4881 = ADVANCED_FACE('',(#4882),#4888,.T.);
#4882 = FACE_BOUND('',#4883,.T.);
#4883 = EDGE_LOOP('',(#4884,#4885,#4886,#4887));
#4884 = ORIENTED_EDGE('',*,*,#1820,.F.);
#4885 = ORIENTED_EDGE('',*,*,#4247,.T.);
#4886 = ORIENTED_EDGE('',*,*,#1405,.F.);
#4887 = ORIENTED_EDGE('',*,*,#4857,.F.);
#4888 = PLANE('',#4889);
#4889 = AXIS2_PLACEMENT_3D('',#4890,#4891,#4892);
#4890 = CARTESIAN_POINT('',(-4.145995140076,-20.34333896637,
    -6.449999809265));
#4891 = DIRECTION('',(0.987688347653,-0.156434420478,0.));
#4892 = DIRECTION('',(0.156434420478,0.987688347653,0.));
#4893 = ( GEOMETRIC_REPRESENTATION_CONTEXT(3) 
GLOBAL_UNCERTAINTY_ASSIGNED_CONTEXT((#4897)) 
GLOBAL_UNIT_ASSIGNED_CONTEXT((#4894,#4895,#4896)) REPRESENTATION_CONTEXT
('Context #1','3D Context with UNIT and UNCERTAINTY') );
#4894 = ( LENGTH_UNIT() NAMED_UNIT(*) SI_UNIT(.MILLI.,.METRE.) );
#4895 = ( NAMED_UNIT(*) PLANE_ANGLE_UNIT() SI_UNIT($,.RADIAN.) );
#4896 = ( NAMED_UNIT(*) SI_UNIT($,.STERADIAN.) SOLID_ANGLE_UNIT() );
#4897 = UNCERTAINTY_MEASURE_WITH_UNIT(LENGTH_MEASURE(1.E-07),#4894,
  'distance_accuracy_value','confusion accuracy');
#4898 = PRODUCT_RELATED_PRODUCT_CATEGORY('part',$,(#7));
#4899 = MECHANICAL_DESIGN_GEOMETRIC_PRESENTATION_REPRESENTATION('',(
    #4900),#4893);
#4900 = STYLED_ITEM('color',(#4901),#15);
#4901 = PRESENTATION_STYLE_ASSIGNMENT((#4902,#4908));
#4902 = SURFACE_STYLE_USAGE(.BOTH.,#4903);
#4903 = SURFACE_SIDE_STYLE('',(#4904));
#4904 = SURFACE_STYLE_FILL_AREA(#4905);
#4905 = FILL_AREA_STYLE('',(#4906));
#4906 = FILL_AREA_STYLE_COLOUR('',#4907);
#4907 = COLOUR_RGB('',0.447058818107,0.474509808674,0.501960817233);
#4908 = CURVE_STYLE('',#4909,POSITIVE_LENGTH_MEASURE(0.1),#4910);
#4909 = DRAUGHTING_PRE_DEFINED_CURVE_FONT('continuous');
#4910 = COLOUR_RGB('',9.803921802644E-02,9.803921802644E-02,
  9.803921802644E-02);
ENDSEC;
END-ISO-10303-21;
